#
# There is insufficient memory for the Java Runtime Environment to continue.
# Native memory allocation (malloc) failed to allocate 2649168 bytes. Error detail: Chunk::new
# Possible reasons:
#   The system is out of physical RAM or swap space
#   This process is running with CompressedOops enabled, and the Java Heap may be blocking the growth of the native heap
# Possible solutions:
#   Reduce memory load on the system
#   Increase physical memory or swap space
#   Check if swap backing store is full
#   Decrease Java heap size (-Xmx/-Xms)
#   Decrease number of Java threads
#   Decrease Java thread stack sizes (-Xss)
#   Set larger code cache with -XX:ReservedCodeCacheSize=
#   JVM is running with Zero Based Compressed Oops mode in which the Java heap is
#     placed in the first 32GB address space. The Java Heap base address is the
#     maximum limit for the native heap growth. Please use -XX:HeapBaseMinAddress
#     to set the Java Heap base and to place the Java Heap above 32GB virtual address.
# This output file may be truncated or incomplete.
#
#  Out of Memory Error (arena.cpp:168), pid=62276, tid=38536
#
# JRE version: OpenJDK Runtime Environment (21.0.9) (build 21.0.9+-14649483-b1163.86)
# Java VM: OpenJDK 64-Bit Server VM (21.0.9+-14649483-b1163.86, mixed mode, tiered, compressed oops, compressed class ptrs, g1 gc, windows-amd64)
# No core dump will be written. Minidumps are not enabled by default on client versions of Windows
#

---------------  S U M M A R Y ------------

Command Line: --add-opens=java.base/java.lang=ALL-UNNAMED --add-opens=java.base/java.lang.invoke=ALL-UNNAMED --add-opens=java.base/java.util=ALL-UNNAMED --add-opens=java.prefs/java.util.prefs=ALL-UNNAMED --add-exports=jdk.compiler/com.sun.tools.javac.api=ALL-UNNAMED --add-exports=jdk.compiler/com.sun.tools.javac.util=ALL-UNNAMED --add-opens=java.base/java.util=ALL-UNNAMED --add-opens=java.prefs/java.util.prefs=ALL-UNNAMED --add-opens=java.base/java.nio.charset=ALL-UNNAMED --add-opens=java.base/java.net=ALL-UNNAMED --add-opens=java.base/java.util.concurrent=ALL-UNNAMED --add-opens=java.base/java.util.concurrent.atomic=ALL-UNNAMED --add-opens=java.xml/javax.xml.namespace=ALL-UNNAMED --add-opens=java.base/java.time=ALL-UNNAMED -XX:MaxMetaspaceSize=512m -Xmx4g -Dfile.encoding=UTF-8 -Duser.country=CN -Duser.language=zh -Duser.variant -javaagent:C:\Users\xvsu\.gradle\wrapper\dists\gradle-9.3.0-bin\79n14ral3mx1ozqr3csh2u872\gradle-9.3.0\lib\agents\gradle-instrumentation-agent-9.3.0.jar org.gradle.launcher.daemon.bootstrap.GradleDaemon 9.3.0

Host: AMD Ryzen 9 9955HX 16-Core Processor           , 32 cores, 31G,  Windows 11 , 64 bit Build 26100 (10.0.26100.6725)
Time: Sun Aug 23 15:06:09 2026 elapsed time: 14.490660 seconds (0d 0h 0m 14s)

---------------  T H R E A D  ---------------

Current thread (0x000002cfcc438a70):  JavaThread "C2 CompilerThread0" daemon [_thread_in_native, id=38536, stack(0x000000ee7e400000,0x000000ee7e500000) (1024K)]


Current CompileTask:
C2:14490 23041 %     4       com.android.tools.r8.internal.xc0::b @ 584 (3604 bytes)

Stack: [0x000000ee7e400000,0x000000ee7e500000]
Native frames: (J=compiled Java code, j=interpreted, Vv=VM code, C=native code)
V  [jvm.dll+0x6d6c99]
V  [jvm.dll+0x866b83]
V  [jvm.dll+0x86919e]
V  [jvm.dll+0x869883]
V  [jvm.dll+0x280776]
V  [jvm.dll+0xc07cd]
V  [jvm.dll+0xc0d03]
V  [jvm.dll+0x3b986b]
V  [jvm.dll+0x3856a7]
V  [jvm.dll+0x384b1a]
V  [jvm.dll+0x249462]
V  [jvm.dll+0x248a31]
V  [jvm.dll+0x1c7344]
V  [jvm.dll+0x2581ae]
V  [jvm.dll+0x2566f6]
V  [jvm.dll+0x3f48a6]
V  [jvm.dll+0x80f118]
V  [jvm.dll+0x6d54ed]
C  [ucrtbase.dll+0x37b0]
C  [KERNEL32.DLL+0x2e8d7]
C  [ntdll.dll+0x8c53c]


---------------  P R O C E S S  ---------------

Threads class SMR info:
_java_thread_list=0x000002cfdf0449a0, length=461, elements={
0x000002cfb025b310, 0x000002cfcc3c68b0, 0x000002cfcc417500, 0x000002cfcc4138f0,
0x000002cfcc421160, 0x000002cfcc433d40, 0x000002cfcc435590, 0x000002cfcc437170,
0x000002cfcc438a70, 0x000002cfcc481c90, 0x000002cfcc482a30, 0x000002cfcc8d1c50,
0x000002cfcc480820, 0x000002cfcc482360, 0x000002cfcc4815c0, 0x000002cfd1da7bb0,
0x000002cfd2545600, 0x000002cfd2d0f400, 0x000002cfd1c5b870, 0x000002cfd1d738a0,
0x000002cfd308d8f0, 0x000002cfd1a83910, 0x000002cfd1a84630, 0x000002cfd1a85350,
0x000002cfd1a859e0, 0x000002cfd1a82560, 0x000002cfd1a82bf0, 0x000002cfd1a83280,
0x000002cfd4d3daa0, 0x000002cfd4d3fb70, 0x000002cfd4d3e7c0, 0x000002cfd4d3f4e0,
0x000002cfd4d3d410, 0x000002cfd4d3e130, 0x000002cfd4d3c6f0, 0x000002cfd4d42960,
0x000002cfd4d41c40, 0x000002cfd4d40f20, 0x000002cfd4d40200, 0x000002cfd4d422d0,
0x000002cfd4d415b0, 0x000002cfd4d42ff0, 0x000002cfd4d43680, 0x000002cfd4d43d10,
0x000002cfd32bb720, 0x000002cfd32bbdb0, 0x000002cfd32ba370, 0x000002cfd32baa00,
0x000002cfd32bcad0, 0x000002cfd32bb090, 0x000002cfd32bc440, 0x000002cfd32bd160,
0x000002cfd32b9ce0, 0x000002cfd32bde80, 0x000002cfd32c0c70, 0x000002cfd32bff50,
0x000002cfd32be510, 0x000002cfd32bd7f0, 0x000002cfd32c05e0, 0x000002cfd32beba0,
0x000002cfd32bf230, 0x000002cfd32c1300, 0x000002cfd32bf8c0, 0x000002cfd6e60df0,
0x000002cfd6e62830, 0x000002cfd6e61480, 0x000002cfd6e61b10, 0x000002cfd6e621a0,
0x000002cfd6e63550, 0x000002cfd6e600d0, 0x000002cfd6e63be0, 0x000002cfd6e62ec0,
0x000002cfd6e60760, 0x000002cfd6e66340, 0x000002cfd6e67060, 0x000002cfd6e669d0,
0x000002cfd6e65cb0, 0x000002cfd83736c0, 0x000002cfd8373d50, 0x000002cfd8375790,
0x000002cfd83743e0, 0x000002cfd8374a70, 0x000002cfd8375e20, 0x000002cfd83764b0,
0x000002cfd8373030, 0x000002cfd83771d0, 0x000002cfd8379930, 0x000002cfd8378580,
0x000002cfd8378c10, 0x000002cfd8377860, 0x000002cfd8377ef0, 0x000002cfd83792a0,
0x000002cfd8379fc0, 0x000002cfd8376b40, 0x000002cfd837a650, 0x000002cfd7999830,
0x000002cfd7998480, 0x000002cfd7998b10, 0x000002cfd7997760, 0x000002cfd7999ec0,
0x000002cfd7997df0, 0x000002cfd79991a0, 0x000002cfd7996a40, 0x000002cfd799a550,
0x000002cfd79970d0, 0x000002cfd799d340, 0x000002cfd799c620, 0x000002cfd799abe0,
0x000002cfd799ccb0, 0x000002cfd799d9d0, 0x000002cfd799e060, 0x000002cfd799b270,
0x000002cfd799b900, 0x000002cfd799bf90, 0x000002cfd7581c60, 0x000002cfd757e7e0,
0x000002cfd7580f40, 0x000002cfd757ee70, 0x000002cfd75815d0, 0x000002cfd757fb90,
0x000002cfd75822f0, 0x000002cfd7580220, 0x000002cfd7582980, 0x000002cfd757f500,
0x000002cfd75808b0, 0x000002cfd7583d30, 0x000002cfd75843c0, 0x000002cfd7585e00,
0x000002cfd7585770, 0x000002cfd75850e0, 0x000002cfd7584a50, 0x000002cfd7583010,
0x000002cfd75836a0, 0x000002cfd8a15aa0, 0x000002cfd8a12cb0, 0x000002cfd8a167c0,
0x000002cfd8a14d80, 0x000002cfd8a139d0, 0x000002cfd8a146f0, 0x000002cfd8a14060,
0x000002cfd8a15410, 0x000002cfd8a13340, 0x000002cfd8a18f20, 0x000002cfd8a174e0,
0x000002cfd8a18200, 0x000002cfd8a17b70, 0x000002cfd8a16e50, 0x000002cfd8a195b0,
0x000002cfd8a18890, 0x000002cfd8a16130, 0x000002cfd8a19c40, 0x000002cfd8a1a2d0,
0x000002cfd745e040, 0x000002cfd745b250, 0x000002cfd745d9b0, 0x000002cfd745e6d0,
0x000002cfd745bf70, 0x000002cfd745cc90, 0x000002cfd745ed60, 0x000002cfd745b8e0,
0x000002cfd745f3f0, 0x000002cfd745fa80, 0x000002cfd745d320, 0x000002cfd745c600,
0x000002cfd7462870, 0x000002cfd7460110, 0x000002cfd7460e30, 0x000002cfd74621e0,
0x000002cfd74607a0, 0x000002cfd74614c0, 0x000002cfd7461b50, 0x000002cfd835e900,
0x000002cfd835ef90, 0x000002cfd835bb10, 0x000002cfd835c830, 0x000002cfd8362410,
0x000002cfd8365200, 0x000002cfd8362aa0, 0x000002cfd818a330, 0x000002cfd818ff10,
0x000002cfd818de40, 0x000002cfd81912c0, 0x000002cfd818f1f0, 0x000002cfd8191950,
0x000002cfd818e4d0, 0x000002cfd8191fe0, 0x000002cfd818eb60, 0x000002cfd8192670,
0x000002cfd8192d00, 0x000002cfd8194dd0, 0x000002cfd8195460, 0x000002cfd8196810,
0x000002cfd8193390, 0x000002cfd8195af0, 0x000002cfd8196ea0, 0x000002cfd8193a20,
0x000002cfd8194740, 0x000002cfd8197530, 0x000002cfd8198250, 0x000002cfd81940b0,
0x000002cfd8198f70, 0x000002cfd8197bc0, 0x000002cfd8196180, 0x000002cfd8368680,
0x000002cfd836a0c0, 0x000002cfd8367960, 0x000002cfd83665b0, 0x000002cfd8368d10,
0x000002cfd81988e0, 0x000002cfd5081fd0, 0x000002cfd5082660, 0x000002cfd5082cf0,
0x000002cfd5083380, 0x000002cfd507ff00, 0x000002cfd5083a10, 0x000002cfd5080590,
0x000002cfd50840a0, 0x000002cfd5080c20, 0x000002cfd50812b0, 0x000002cfd5084730,
0x000002cfd5084dc0, 0x000002cfd5081940, 0x000002cfd50888d0, 0x000002cfd5085ae0,
0x000002cfd521c030, 0x000002cfd5086170, 0x000002cfd5220b20, 0x000002cfd5086e90,
0x000002cfd508b030, 0x000002cfd5088f60, 0x000002cfd508b6c0, 0x000002cfd5088240,
0x000002cfd508a9a0, 0x000002cfd508d790, 0x000002cfd508e4b0, 0x000002cfd508eb40,
0x000002cfd508f1d0, 0x000002cfd508bd50, 0x000002cfd8366c40, 0x000002cfd8363e50,
0x000002cfd836a750, 0x000002cfd6e64270, 0x000002cfd6e64900, 0x000002cfdfaff160,
0x000002cfdfb025e0, 0x000002cfdfb02c70, 0x000002cfdfb00ba0, 0x000002cfdfaffe80,
0x000002cfdfaff7f0, 0x000002cfdfb03300, 0x000002cfdfb03990, 0x000002cfdfb00510,
0x000002cfdfb04020, 0x000002cfdfb046b0, 0x000002cfdfb01230, 0x000002cfdfb04d40,
0x000002cfdfb018c0, 0x000002cfdfb053d0, 0x000002cfdfb01f50, 0x000002cfdfb06780,
0x000002cfdfb07b30, 0x000002cfdfb081c0, 0x000002cfdfb08850, 0x000002cfdfb074a0,
0x000002cfdfb06e10, 0x000002cfdfb05a60, 0x000002cfdfb09570, 0x000002cfdfb060f0,
0x000002cfdfb0a290, 0x000002cfdfb0d080, 0x000002cfdfb0c360, 0x000002cfdfb0a920,
0x000002cfdfb0bcd0, 0x000002cfdfb0afb0, 0x000002cfdfb0c9f0, 0x000002cfdfb0e430,
0x000002cfd5087520, 0x000002cfd559f3b0, 0x000002cfd559ed20, 0x000002cfd55a0760,
0x000002cfd559fa40, 0x000002cfd55a1b10, 0x000002cfd55a00d0, 0x000002cfd559e690,
0x000002cfd55a2830, 0x000002cfd55a0df0, 0x000002cfd55a3be0, 0x000002cfd55a1480,
0x000002cfd55a3550, 0x000002cfd55a5620, 0x000002cfd55a21a0, 0x000002cfd55a4270,
0x000002cfd55a4900, 0x000002cfd55a5cb0, 0x000002cfd55a4f90, 0x000002cfd55a6340,
0x000002cfd55a2ec0, 0x000002cfd55a69d0, 0x000002cfd55a8aa0, 0x000002cfd55a97c0,
0x000002cfd55a9130, 0x000002cfd55aa4e0, 0x000002cfd55a76f0, 0x000002cfd55a9e50,
0x000002cfd55a7060, 0x000002cfd55aab70, 0x000002cfd3c184b0, 0x000002cfd3c18b40,
0x000002cfd3c163e0, 0x000002cfd3c17e20, 0x000002cfd3c17100, 0x000002cfd3c191d0,
0x000002cfd3c15d50, 0x000002cfd3c1ac10, 0x000002cfd3c1bfc0, 0x000002cfd3c1b930,
0x000002cfd3c1c650, 0x000002cfd3c1cce0, 0x000002cfd3c1a580, 0x000002cfd3c19860,
0x000002cfd3c1d370, 0x000002cfd3c19ef0, 0x000002cfd3c1da00, 0x000002cfd3c1e090,
0x000002cfd3c1e720, 0x000002cfd3c1b2a0, 0x000002cfd3c20e80, 0x000002cfd3c20160,
0x000002cfd3c21ba0, 0x000002cfd3c22230, 0x000002cfd3c1edb0, 0x000002cfd3c21510,
0x000002cfd3c228c0, 0x000002cfd3c1f440, 0x000002cfd3c22f50, 0x000002cfd3c1fad0,
0x000002cfd3c235e0, 0x000002cfd3c149a0, 0x000002cfd3c15030, 0x000002cfd3c23c70,
0x000002cfd3c207f0, 0x000002cfd55ab890, 0x000002cfd55a8410, 0x000002cfd55ad2d0,
0x000002cfd55abf20, 0x000002cfd55ac5b0, 0x000002cfd55ad960, 0x000002cfd55acc40,
0x000002cfd8189ca0, 0x000002cfd50895f0, 0x000002cfd83644e0, 0x000002cfd8c23ec0,
0x000002cfd8c26cb0, 0x000002cfd8c24550, 0x000002cfd8c25270, 0x000002cfd8c27340,
0x000002cfd8c279d0, 0x000002cfd8c28060, 0x000002cfd8c24be0, 0x000002cfd8c286f0,
0x000002cfd8c25900, 0x000002cfd8c28d80, 0x000002cfd8c29410, 0x000002cfd8c25f90,
0x000002cfd8c29aa0, 0x000002cfd8c26620, 0x000002cfd8c2c200, 0x000002cfd8c2c890,
0x000002cfd8c2cf20, 0x000002cfd8c2d5b0, 0x000002cfd8c2a130, 0x000002cfd8c2dc40,
0x000002cfd8c2a7c0, 0x000002cfd8c2bb70, 0x000002cfd8c2e2d0, 0x000002cfd8c2ae50,
0x000002cfd8c2e960, 0x000002cfd8c2b4e0, 0x000002cfd8c2f680, 0x000002cfd8c310c0,
0x000002cfd8c32470, 0x000002cfd8c303a0, 0x000002cfd8c30a30, 0x000002cfd8c2eff0,
0x000002cfd8c2fd10, 0x000002cfd8c31750, 0x000002cfd8c32b00, 0x000002cfd8c31de0,
0x000002cfd8c33190, 0x000002cfdeb7c830, 0x000002cfdeb79a40, 0x000002cfdeb7a0d0,
0x000002cfdeb7adf0, 0x000002cfdeb7bb10, 0x000002cfdeb793b0, 0x000002cfdeb7cec0,
0x000002cfdeb7dbe0, 0x000002cfdeb7c1a0, 0x000002cfdeb7d550, 0x000002cfdeb7a760,
0x000002cfdeb7b480, 0x000002cfdeb7e270, 0x000002cfdeb61080, 0x000002cfdeb61710,
0x000002cfdeb61da0, 0x000002cfdeb5efb0, 0x000002cfdeb62430, 0x000002cfdeb609f0,
0x000002cfdeb5f640, 0x000002cfdeb60360, 0x000002cfdeb5fcd0, 0x000002cfdeb65220,
0x000002cfdeb658b0, 0x000002cfdeb65f40, 0x000002cfdeb63150, 0x000002cfdeb63e70,
0x000002cfdeb64b90, 0x000002cfdeb62ac0, 0x000002cfdeb665d0, 0x000002cfdeb66c60,
0x000002cfdeb637e0, 0x000002cfdeb672f0, 0x000002cfdeb64500, 0x000002cfdeb6a770,
0x000002cfdeb6b490, 0x000002cfdeb68010, 0x000002cfdeb69a50, 0x000002cfdeb686a0,
0x000002cfdeb68d30, 0x000002cfdeb6c1b0, 0x000002cfdeb6c840, 0x000002cfdeb6ae00,
0x000002cfdeb6a0e0, 0x000002cfdeb693c0, 0x000002cfdeb6ced0, 0x000002cfdeb6efa0,
0x000002cfdeb6e280, 0x000002cfdeb6e910, 0x000002cfdeb70350, 0x000002cfdeb709e0,
0x000002cfdeb6d560, 0x000002cfdeb71070, 0x000002cfdeb6fcc0, 0x000002cfdeb6f630,
0x000002cfdeb6dbf0, 0x000002cfdeb71d90, 0x000002cfdeb73140, 0x000002cfdeb71700,
0x000002cfdeb758a0, 0x000002cfdeb72420, 0x000002cfdeb75f30, 0x000002cfdeb737d0,
0x000002cfdeb75210, 0x000002cfdeb73e60, 0x000002cfdeb744f0, 0x000002cfdeb72ab0,
0x000002cfdeb765c0, 0x000002cfdeb772e0, 0x000002cfdf884db0, 0x000002cfdf881730,
0x000002cfdf885480
}

Java Threads: ( => current thread )
  0x000002cfb025b310 JavaThread "main"                              [_thread_blocked, id=14548, stack(0x000000ee7d500000,0x000000ee7d600000) (1024K)]
  0x000002cfcc3c68b0 JavaThread "Common-Cleaner"             daemon [_thread_blocked, id=6484, stack(0x000000ee7dd00000,0x000000ee7de00000) (1024K)]
  0x000002cfcc417500 JavaThread "Reference Handler"          daemon [_thread_blocked, id=24068, stack(0x000000ee7de00000,0x000000ee7df00000) (1024K)]
  0x000002cfcc4138f0 JavaThread "Finalizer"                  daemon [_thread_blocked, id=28844, stack(0x000000ee7df00000,0x000000ee7e000000) (1024K)]
  0x000002cfcc421160 JavaThread "Signal Dispatcher"          daemon [_thread_blocked, id=64560, stack(0x000000ee7e000000,0x000000ee7e100000) (1024K)]
  0x000002cfcc433d40 JavaThread "Attach Listener"            daemon [_thread_blocked, id=3988, stack(0x000000ee7e100000,0x000000ee7e200000) (1024K)]
  0x000002cfcc435590 JavaThread "Service Thread"             daemon [_thread_blocked, id=39480, stack(0x000000ee7e200000,0x000000ee7e300000) (1024K)]
  0x000002cfcc437170 JavaThread "Monitor Deflation Thread"   daemon [_thread_blocked, id=31540, stack(0x000000ee7e300000,0x000000ee7e400000) (1024K)]
=>0x000002cfcc438a70 JavaThread "C2 CompilerThread0"         daemon [_thread_in_native, id=38536, stack(0x000000ee7e400000,0x000000ee7e500000) (1024K)]
  0x000002cfcc481c90 JavaThread "C1 CompilerThread0"         daemon [_thread_blocked, id=36788, stack(0x000000ee7e500000,0x000000ee7e600000) (1024K)]
  0x000002cfcc482a30 JavaThread "C1 CompilerThread1"         daemon [_thread_blocked, id=32792, stack(0x000000ee7e600000,0x000000ee7e700000) (1024K)]
  0x000002cfcc8d1c50 JavaThread "Notification Thread"        daemon [_thread_blocked, id=62936, stack(0x000000ee7e700000,0x000000ee7e800000) (1024K)]
  0x000002cfcc480820 JavaThread "C1 CompilerThread2"         daemon [_thread_blocked, id=13776, stack(0x000000ee7f700000,0x000000ee7f800000) (1024K)]
  0x000002cfcc482360 JavaThread "C1 CompilerThread3"         daemon [_thread_blocked, id=21768, stack(0x000000ee7f800000,0x000000ee7f900000) (1024K)]
  0x000002cfcc4815c0 JavaThread "C1 CompilerThread4"         daemon [_thread_blocked, id=27452, stack(0x000000ee7f900000,0x000000ee7fa00000) (1024K)]
  0x000002cfd1da7bb0 JavaThread "Daemon health stats"               [_thread_blocked, id=39240, stack(0x000000ee7fa00000,0x000000ee7fb00000) (1024K)]
  0x000002cfd2545600 JavaThread "Incoming local TCP Connector on port 4584"        [_thread_in_native, id=19988, stack(0x000000ee7fb00000,0x000000ee7fc00000) (1024K)]
  0x000002cfd2d0f400 JavaThread "Daemon periodic checks"            [_thread_blocked, id=14368, stack(0x000000ee7f600000,0x000000ee7f700000) (1024K)]
  0x000002cfd1c5b870 JavaThread "Daemon"                            [_thread_blocked, id=8112, stack(0x000000ee7fc00000,0x000000ee7fd00000) (1024K)]
  0x000002cfd1d738a0 JavaThread "Handler for socket connection from /127.0.0.1:4584 to /127.0.0.1:4585"        [_thread_in_native, id=44888, stack(0x000000ee7fd00000,0x000000ee7fe00000) (1024K)]
  0x000002cfd308d8f0 JavaThread "Cancel handler"                    [_thread_blocked, id=12708, stack(0x000000ee00500000,0x000000ee00600000) (1024K)]
  0x000002cfd1a83910 JavaThread "Daemon worker"                     [_thread_blocked, id=60184, stack(0x000000ee00600000,0x000000ee00700000) (1024K)]
  0x000002cfd1a84630 JavaThread "Asynchronous log dispatcher for DefaultDaemonConnection: socket connection from /127.0.0.1:4584 to /127.0.0.1:4585"        [_thread_blocked, id=62236, stack(0x000000ee00700000,0x000000ee00800000) (1024K)]
  0x000002cfd1a85350 JavaThread "Stdin handler"                     [_thread_blocked, id=39052, stack(0x000000ee00800000,0x000000ee00900000) (1024K)]
  0x000002cfd1a859e0 JavaThread "Daemon client event forwarder"        [_thread_blocked, id=50048, stack(0x000000ee00900000,0x000000ee00a00000) (1024K)]
  0x000002cfd1a82560 JavaThread "Cache worker for journal cache (C:\Users\xvsu\.gradle\caches\journal-1)"        [_thread_blocked, id=58984, stack(0x000000ee00a00000,0x000000ee00b00000) (1024K)]
  0x000002cfd1a82bf0 JavaThread "File lock request listener"        [_thread_in_native, id=15584, stack(0x000000ee00b00000,0x000000ee00c00000) (1024K)]
  0x000002cfd1a83280 JavaThread "Cache worker for file hash cache (C:\Users\xvsu\.gradle\caches\9.3.0\fileHashes)"        [_thread_in_native, id=59900, stack(0x000000ee00c00000,0x000000ee00d00000) (1024K)] _threads_hazard_ptr=0x000002cfdf0449a0
  0x000002cfd4d3daa0 JavaThread "Cache worker for file hash cache (D:\Users\xvsu\AndroidStudioProjects\shizuku-ftp\.gradle\9.3.0\fileHashes)"        [_thread_blocked, id=37588, stack(0x000000ee01600000,0x000000ee01700000) (1024K)]
  0x000002cfd4d3fb70 JavaThread "Cache worker for Build Output Cleanup Cache (D:\Users\xvsu\AndroidStudioProjects\shizuku-ftp\.gradle\buildOutputCleanup)"        [_thread_blocked, id=59200, stack(0x000000ee01700000,0x000000ee01800000) (1024K)]
  0x000002cfd4d3e7c0 JavaThread "File watcher server"        daemon [_thread_in_native, id=28512, stack(0x000000ee01800000,0x000000ee01900000) (1024K)]
  0x000002cfd4d3f4e0 JavaThread "File watcher consumer"      daemon [_thread_blocked, id=50216, stack(0x000000ee01900000,0x000000ee01a00000) (1024K)]
  0x000002cfd4d3d410 JavaThread "Cache worker for checksums cache (D:\Users\xvsu\AndroidStudioProjects\shizuku-ftp\.gradle\9.3.0\checksums)"        [_thread_blocked, id=64300, stack(0x000000ee01a00000,0x000000ee01b00000) (1024K)]
  0x000002cfd4d3e130 JavaThread "Cache worker for file content cache (C:\Users\xvsu\.gradle\caches\9.3.0\fileContent)"        [_thread_blocked, id=33296, stack(0x000000ee01b00000,0x000000ee01c00000) (1024K)]
  0x000002cfd4d3c6f0 JavaThread "Cache worker for cache directory md-supplier (C:\Users\xvsu\.gradle\caches\9.3.0\md-supplier)"        [_thread_blocked, id=5280, stack(0x000000ee01c00000,0x000000ee01d00000) (1024K)]
  0x000002cfd4d42960 JavaThread "Cache worker for cache directory md-rule (C:\Users\xvsu\.gradle\caches\9.3.0\md-rule)"        [_thread_blocked, id=32004, stack(0x000000ee01d00000,0x000000ee01e00000) (1024K)]
  0x000002cfd4d41c40 JavaThread "jar transforms"                    [_thread_blocked, id=21736, stack(0x000000ee01e00000,0x000000ee01f00000) (1024K)]
  0x000002cfd4d40f20 JavaThread "jar transforms Thread 2"           [_thread_blocked, id=45100, stack(0x000000ee01f00000,0x000000ee02000000) (1024K)]
  0x000002cfd4d40200 JavaThread "jar transforms Thread 3"           [_thread_blocked, id=53708, stack(0x000000ee02100000,0x000000ee02200000) (1024K)]
  0x000002cfd4d422d0 JavaThread "Unconstrained build operations"        [_thread_blocked, id=30056, stack(0x000000ee02200000,0x000000ee02300000) (1024K)]
  0x000002cfd4d415b0 JavaThread "Unconstrained build operations Thread 2"        [_thread_blocked, id=60744, stack(0x000000ee02300000,0x000000ee02400000) (1024K)]
  0x000002cfd4d42ff0 JavaThread "Unconstrained build operations Thread 3"        [_thread_blocked, id=61384, stack(0x000000ee02400000,0x000000ee02500000) (1024K)]
  0x000002cfd4d43680 JavaThread "Unconstrained build operations Thread 4"        [_thread_blocked, id=9144, stack(0x000000ee02500000,0x000000ee02600000) (1024K)]
  0x000002cfd4d43d10 JavaThread "Unconstrained build operations Thread 5"        [_thread_blocked, id=10588, stack(0x000000ee02600000,0x000000ee02700000) (1024K)]
  0x000002cfd32bb720 JavaThread "Unconstrained build operations Thread 6"        [_thread_blocked, id=16868, stack(0x000000ee02700000,0x000000ee02800000) (1024K)]
  0x000002cfd32bbdb0 JavaThread "Unconstrained build operations Thread 7"        [_thread_blocked, id=43140, stack(0x000000ee02800000,0x000000ee02900000) (1024K)]
  0x000002cfd32ba370 JavaThread "Unconstrained build operations Thread 8"        [_thread_blocked, id=24416, stack(0x000000ee02900000,0x000000ee02a00000) (1024K)]
  0x000002cfd32baa00 JavaThread "Unconstrained build operations Thread 9"        [_thread_blocked, id=53392, stack(0x000000ee02a00000,0x000000ee02b00000) (1024K)]
  0x000002cfd32bcad0 JavaThread "Unconstrained build operations Thread 10"        [_thread_blocked, id=15344, stack(0x000000ee02b00000,0x000000ee02c00000) (1024K)]
  0x000002cfd32bb090 JavaThread "Unconstrained build operations Thread 11"        [_thread_blocked, id=51052, stack(0x000000ee02c00000,0x000000ee02d00000) (1024K)]
  0x000002cfd32bc440 JavaThread "Unconstrained build operations Thread 12"        [_thread_blocked, id=9444, stack(0x000000ee02d00000,0x000000ee02e00000) (1024K)]
  0x000002cfd32bd160 JavaThread "Unconstrained build operations Thread 13"        [_thread_blocked, id=26096, stack(0x000000ee02e00000,0x000000ee02f00000) (1024K)]
  0x000002cfd32b9ce0 JavaThread "Unconstrained build operations Thread 14"        [_thread_blocked, id=30404, stack(0x000000ee02f00000,0x000000ee03000000) (1024K)]
  0x000002cfd32bde80 JavaThread "Unconstrained build operations Thread 15"        [_thread_blocked, id=38244, stack(0x000000ee03000000,0x000000ee03100000) (1024K)]
  0x000002cfd32c0c70 JavaThread "Unconstrained build operations Thread 16"        [_thread_blocked, id=26480, stack(0x000000ee03100000,0x000000ee03200000) (1024K)]
  0x000002cfd32bff50 JavaThread "Unconstrained build operations Thread 17"        [_thread_blocked, id=13964, stack(0x000000ee03200000,0x000000ee03300000) (1024K)]
  0x000002cfd32be510 JavaThread "Unconstrained build operations Thread 18"        [_thread_blocked, id=16768, stack(0x000000ee03300000,0x000000ee03400000) (1024K)]
  0x000002cfd32bd7f0 JavaThread "Unconstrained build operations Thread 19"        [_thread_blocked, id=33608, stack(0x000000ee03400000,0x000000ee03500000) (1024K)]
  0x000002cfd32c05e0 JavaThread "Unconstrained build operations Thread 20"        [_thread_blocked, id=33980, stack(0x000000ee03500000,0x000000ee03600000) (1024K)]
  0x000002cfd32beba0 JavaThread "jar transforms Thread 4"           [_thread_blocked, id=61260, stack(0x000000ee03600000,0x000000ee03700000) (1024K)]
  0x000002cfd32bf230 JavaThread "jar transforms Thread 5"           [_thread_blocked, id=35416, stack(0x000000ee03700000,0x000000ee03800000) (1024K)]
  0x000002cfd32c1300 JavaThread "Unconstrained build operations Thread 21"        [_thread_blocked, id=58944, stack(0x000000ee03800000,0x000000ee03900000) (1024K)]
  0x000002cfd32bf8c0 JavaThread "Unconstrained build operations Thread 22"        [_thread_blocked, id=37444, stack(0x000000ee03900000,0x000000ee03a00000) (1024K)]
  0x000002cfd6e60df0 JavaThread "Unconstrained build operations Thread 23"        [_thread_blocked, id=28724, stack(0x000000ee03a00000,0x000000ee03b00000) (1024K)]
  0x000002cfd6e62830 JavaThread "Unconstrained build operations Thread 24"        [_thread_blocked, id=21008, stack(0x000000ee03b00000,0x000000ee03c00000) (1024K)]
  0x000002cfd6e61480 JavaThread "Unconstrained build operations Thread 25"        [_thread_blocked, id=37772, stack(0x000000ee03c00000,0x000000ee03d00000) (1024K)]
  0x000002cfd6e61b10 JavaThread "Unconstrained build operations Thread 26"        [_thread_blocked, id=19164, stack(0x000000ee03d00000,0x000000ee03e00000) (1024K)]
  0x000002cfd6e621a0 JavaThread "Unconstrained build operations Thread 27"        [_thread_blocked, id=26884, stack(0x000000ee03e00000,0x000000ee03f00000) (1024K)]
  0x000002cfd6e63550 JavaThread "Unconstrained build operations Thread 28"        [_thread_blocked, id=4200, stack(0x000000ee03f00000,0x000000ee04000000) (1024K)]
  0x000002cfd6e600d0 JavaThread "Unconstrained build operations Thread 29"        [_thread_blocked, id=43188, stack(0x000000ee04000000,0x000000ee04100000) (1024K)]
  0x000002cfd6e63be0 JavaThread "Unconstrained build operations Thread 30"        [_thread_blocked, id=46064, stack(0x000000ee04100000,0x000000ee04200000) (1024K)]
  0x000002cfd6e62ec0 JavaThread "jar transforms Thread 6"           [_thread_blocked, id=25880, stack(0x000000ee04200000,0x000000ee04300000) (1024K)]
  0x000002cfd6e60760 JavaThread "jar transforms Thread 7"           [_thread_blocked, id=18204, stack(0x000000ee04300000,0x000000ee04400000) (1024K)]
  0x000002cfd6e66340 JavaThread "jar transforms Thread 8"           [_thread_blocked, id=41420, stack(0x000000ee04400000,0x000000ee04500000) (1024K)]
  0x000002cfd6e67060 JavaThread "jar transforms Thread 9"           [_thread_blocked, id=24800, stack(0x000000ee04500000,0x000000ee04600000) (1024K)]
  0x000002cfd6e669d0 JavaThread "jar transforms Thread 10"          [_thread_blocked, id=42512, stack(0x000000ee04600000,0x000000ee04700000) (1024K)]
  0x000002cfd6e65cb0 JavaThread "jar transforms Thread 11"          [_thread_blocked, id=51684, stack(0x000000ee04700000,0x000000ee04800000) (1024K)]
  0x000002cfd83736c0 JavaThread "jar transforms Thread 12"          [_thread_blocked, id=5540, stack(0x000000ee04800000,0x000000ee04900000) (1024K)]
  0x000002cfd8373d50 JavaThread "jar transforms Thread 13"          [_thread_blocked, id=58568, stack(0x000000ee04900000,0x000000ee04a00000) (1024K)]
  0x000002cfd8375790 JavaThread "Unconstrained build operations Thread 31"        [_thread_blocked, id=46928, stack(0x000000ee04a00000,0x000000ee04b00000) (1024K)]
  0x000002cfd83743e0 JavaThread "Unconstrained build operations Thread 32"        [_thread_blocked, id=34520, stack(0x000000ee04b00000,0x000000ee04c00000) (1024K)]
  0x000002cfd8374a70 JavaThread "Unconstrained build operations Thread 33"        [_thread_blocked, id=18892, stack(0x000000ee04c00000,0x000000ee04d00000) (1024K)]
  0x000002cfd8375e20 JavaThread "Unconstrained build operations Thread 34"        [_thread_blocked, id=40796, stack(0x000000ee04d00000,0x000000ee04e00000) (1024K)]
  0x000002cfd83764b0 JavaThread "Unconstrained build operations Thread 35"        [_thread_blocked, id=53960, stack(0x000000ee04e00000,0x000000ee04f00000) (1024K)]
  0x000002cfd8373030 JavaThread "Unconstrained build operations Thread 36"        [_thread_blocked, id=24700, stack(0x000000ee04f00000,0x000000ee05000000) (1024K)]
  0x000002cfd83771d0 JavaThread "Unconstrained build operations Thread 37"        [_thread_blocked, id=58880, stack(0x000000ee05000000,0x000000ee05100000) (1024K)]
  0x000002cfd8379930 JavaThread "Unconstrained build operations Thread 38"        [_thread_blocked, id=56924, stack(0x000000ee05100000,0x000000ee05200000) (1024K)]
  0x000002cfd8378580 JavaThread "Unconstrained build operations Thread 39"        [_thread_blocked, id=61980, stack(0x000000ee05200000,0x000000ee05300000) (1024K)]
  0x000002cfd8378c10 JavaThread "Unconstrained build operations Thread 40"        [_thread_blocked, id=54816, stack(0x000000ee05300000,0x000000ee05400000) (1024K)]
  0x000002cfd8377860 JavaThread "Unconstrained build operations Thread 41"        [_thread_blocked, id=41592, stack(0x000000ee05400000,0x000000ee05500000) (1024K)]
  0x000002cfd8377ef0 JavaThread "Unconstrained build operations Thread 42"        [_thread_blocked, id=43984, stack(0x000000ee05500000,0x000000ee05600000) (1024K)]
  0x000002cfd83792a0 JavaThread "Unconstrained build operations Thread 43"        [_thread_blocked, id=37544, stack(0x000000ee05600000,0x000000ee05700000) (1024K)]
  0x000002cfd8379fc0 JavaThread "Unconstrained build operations Thread 44"        [_thread_blocked, id=61700, stack(0x000000ee05700000,0x000000ee05800000) (1024K)]
  0x000002cfd8376b40 JavaThread "Unconstrained build operations Thread 45"        [_thread_blocked, id=38780, stack(0x000000ee05800000,0x000000ee05900000) (1024K)]
  0x000002cfd837a650 JavaThread "Unconstrained build operations Thread 46"        [_thread_blocked, id=32136, stack(0x000000ee05900000,0x000000ee05a00000) (1024K)]
  0x000002cfd7999830 JavaThread "Unconstrained build operations Thread 47"        [_thread_blocked, id=12800, stack(0x000000ee05a00000,0x000000ee05b00000) (1024K)]
  0x000002cfd7998480 JavaThread "Unconstrained build operations Thread 48"        [_thread_blocked, id=54288, stack(0x000000ee05b00000,0x000000ee05c00000) (1024K)]
  0x000002cfd7998b10 JavaThread "Unconstrained build operations Thread 49"        [_thread_blocked, id=29348, stack(0x000000ee05c00000,0x000000ee05d00000) (1024K)]
  0x000002cfd7997760 JavaThread "Unconstrained build operations Thread 50"        [_thread_blocked, id=12984, stack(0x000000ee05d00000,0x000000ee05e00000) (1024K)]
  0x000002cfd7999ec0 JavaThread "Unconstrained build operations Thread 51"        [_thread_blocked, id=57512, stack(0x000000ee05e00000,0x000000ee05f00000) (1024K)]
  0x000002cfd7997df0 JavaThread "Unconstrained build operations Thread 52"        [_thread_blocked, id=16168, stack(0x000000ee05f00000,0x000000ee06000000) (1024K)]
  0x000002cfd79991a0 JavaThread "Unconstrained build operations Thread 53"        [_thread_blocked, id=30336, stack(0x000000ee06000000,0x000000ee06100000) (1024K)]
  0x000002cfd7996a40 JavaThread "Unconstrained build operations Thread 54"        [_thread_blocked, id=6944, stack(0x000000ee06100000,0x000000ee06200000) (1024K)]
  0x000002cfd799a550 JavaThread "Unconstrained build operations Thread 55"        [_thread_blocked, id=23284, stack(0x000000ee06200000,0x000000ee06300000) (1024K)]
  0x000002cfd79970d0 JavaThread "Unconstrained build operations Thread 56"        [_thread_blocked, id=17316, stack(0x000000ee06300000,0x000000ee06400000) (1024K)]
  0x000002cfd799d340 JavaThread "Unconstrained build operations Thread 57"        [_thread_blocked, id=17576, stack(0x000000ee06400000,0x000000ee06500000) (1024K)]
  0x000002cfd799c620 JavaThread "Unconstrained build operations Thread 58"        [_thread_blocked, id=27380, stack(0x000000ee06500000,0x000000ee06600000) (1024K)]
  0x000002cfd799abe0 JavaThread "Unconstrained build operations Thread 59"        [_thread_blocked, id=61008, stack(0x000000ee06600000,0x000000ee06700000) (1024K)]
  0x000002cfd799ccb0 JavaThread "Unconstrained build operations Thread 60"        [_thread_blocked, id=14104, stack(0x000000ee06700000,0x000000ee06800000) (1024K)]
  0x000002cfd799d9d0 JavaThread "Unconstrained build operations Thread 61"        [_thread_blocked, id=24152, stack(0x000000ee06800000,0x000000ee06900000) (1024K)]
  0x000002cfd799e060 JavaThread "Unconstrained build operations Thread 62"        [_thread_blocked, id=56932, stack(0x000000ee06900000,0x000000ee06a00000) (1024K)]
  0x000002cfd799b270 JavaThread "Unconstrained build operations Thread 63"        [_thread_blocked, id=44364, stack(0x000000ee06a00000,0x000000ee06b00000) (1024K)]
  0x000002cfd799b900 JavaThread "Unconstrained build operations Thread 64"        [_thread_blocked, id=40844, stack(0x000000ee06b00000,0x000000ee06c00000) (1024K)]
  0x000002cfd799bf90 JavaThread "Unconstrained build operations Thread 65"        [_thread_blocked, id=41292, stack(0x000000ee06c00000,0x000000ee06d00000) (1024K)]
  0x000002cfd7581c60 JavaThread "Unconstrained build operations Thread 66"        [_thread_blocked, id=47204, stack(0x000000ee06d00000,0x000000ee06e00000) (1024K)]
  0x000002cfd757e7e0 JavaThread "Unconstrained build operations Thread 67"        [_thread_blocked, id=10260, stack(0x000000ee06e00000,0x000000ee06f00000) (1024K)]
  0x000002cfd7580f40 JavaThread "Unconstrained build operations Thread 68"        [_thread_blocked, id=65212, stack(0x000000ee06f00000,0x000000ee07000000) (1024K)]
  0x000002cfd757ee70 JavaThread "Unconstrained build operations Thread 69"        [_thread_blocked, id=58060, stack(0x000000ee07000000,0x000000ee07100000) (1024K)]
  0x000002cfd75815d0 JavaThread "Unconstrained build operations Thread 70"        [_thread_blocked, id=2576, stack(0x000000ee07100000,0x000000ee07200000) (1024K)]
  0x000002cfd757fb90 JavaThread "Unconstrained build operations Thread 71"        [_thread_blocked, id=23976, stack(0x000000ee07200000,0x000000ee07300000) (1024K)]
  0x000002cfd75822f0 JavaThread "Unconstrained build operations Thread 72"        [_thread_blocked, id=18420, stack(0x000000ee07300000,0x000000ee07400000) (1024K)]
  0x000002cfd7580220 JavaThread "Unconstrained build operations Thread 73"        [_thread_blocked, id=35876, stack(0x000000ee07400000,0x000000ee07500000) (1024K)]
  0x000002cfd7582980 JavaThread "Unconstrained build operations Thread 74"        [_thread_blocked, id=1196, stack(0x000000ee07500000,0x000000ee07600000) (1024K)]
  0x000002cfd757f500 JavaThread "Unconstrained build operations Thread 75"        [_thread_blocked, id=15448, stack(0x000000ee07600000,0x000000ee07700000) (1024K)]
  0x000002cfd75808b0 JavaThread "Unconstrained build operations Thread 76"        [_thread_blocked, id=1632, stack(0x000000ee07700000,0x000000ee07800000) (1024K)]
  0x000002cfd7583d30 JavaThread "Unconstrained build operations Thread 77"        [_thread_blocked, id=61064, stack(0x000000ee07800000,0x000000ee07900000) (1024K)]
  0x000002cfd75843c0 JavaThread "Unconstrained build operations Thread 78"        [_thread_blocked, id=13976, stack(0x000000ee07900000,0x000000ee07a00000) (1024K)]
  0x000002cfd7585e00 JavaThread "Unconstrained build operations Thread 79"        [_thread_blocked, id=31216, stack(0x000000ee07a00000,0x000000ee07b00000) (1024K)]
  0x000002cfd7585770 JavaThread "Unconstrained build operations Thread 80"        [_thread_blocked, id=42400, stack(0x000000ee07b00000,0x000000ee07c00000) (1024K)]
  0x000002cfd75850e0 JavaThread "Unconstrained build operations Thread 81"        [_thread_blocked, id=2532, stack(0x000000ee07c00000,0x000000ee07d00000) (1024K)]
  0x000002cfd7584a50 JavaThread "Unconstrained build operations Thread 82"        [_thread_blocked, id=20848, stack(0x000000ee07d00000,0x000000ee07e00000) (1024K)]
  0x000002cfd7583010 JavaThread "Unconstrained build operations Thread 83"        [_thread_blocked, id=51128, stack(0x000000ee07e00000,0x000000ee07f00000) (1024K)]
  0x000002cfd75836a0 JavaThread "Unconstrained build operations Thread 84"        [_thread_blocked, id=32532, stack(0x000000ee07f00000,0x000000ee08000000) (1024K)]
  0x000002cfd8a15aa0 JavaThread "Unconstrained build operations Thread 85"        [_thread_blocked, id=42148, stack(0x000000ee08000000,0x000000ee08100000) (1024K)]
  0x000002cfd8a12cb0 JavaThread "Unconstrained build operations Thread 86"        [_thread_blocked, id=36532, stack(0x000000ee08100000,0x000000ee08200000) (1024K)]
  0x000002cfd8a167c0 JavaThread "Unconstrained build operations Thread 87"        [_thread_blocked, id=65292, stack(0x000000ee08200000,0x000000ee08300000) (1024K)]
  0x000002cfd8a14d80 JavaThread "Unconstrained build operations Thread 88"        [_thread_blocked, id=25008, stack(0x000000ee08300000,0x000000ee08400000) (1024K)]
  0x000002cfd8a139d0 JavaThread "Unconstrained build operations Thread 89"        [_thread_blocked, id=42132, stack(0x000000ee08400000,0x000000ee08500000) (1024K)]
  0x000002cfd8a146f0 JavaThread "Unconstrained build operations Thread 90"        [_thread_blocked, id=28236, stack(0x000000ee08500000,0x000000ee08600000) (1024K)]
  0x000002cfd8a14060 JavaThread "Unconstrained build operations Thread 91"        [_thread_blocked, id=34724, stack(0x000000ee08600000,0x000000ee08700000) (1024K)]
  0x000002cfd8a15410 JavaThread "Unconstrained build operations Thread 92"        [_thread_blocked, id=40352, stack(0x000000ee08700000,0x000000ee08800000) (1024K)]
  0x000002cfd8a13340 JavaThread "Unconstrained build operations Thread 93"        [_thread_blocked, id=14672, stack(0x000000ee08800000,0x000000ee08900000) (1024K)]
  0x000002cfd8a18f20 JavaThread "Unconstrained build operations Thread 94"        [_thread_blocked, id=63508, stack(0x000000ee08900000,0x000000ee08a00000) (1024K)]
  0x000002cfd8a174e0 JavaThread "Unconstrained build operations Thread 95"        [_thread_blocked, id=45764, stack(0x000000ee08a00000,0x000000ee08b00000) (1024K)]
  0x000002cfd8a18200 JavaThread "Unconstrained build operations Thread 96"        [_thread_blocked, id=34148, stack(0x000000ee08b00000,0x000000ee08c00000) (1024K)]
  0x000002cfd8a17b70 JavaThread "Unconstrained build operations Thread 97"        [_thread_blocked, id=24100, stack(0x000000ee08c00000,0x000000ee08d00000) (1024K)]
  0x000002cfd8a16e50 JavaThread "Unconstrained build operations Thread 98"        [_thread_blocked, id=33120, stack(0x000000ee08d00000,0x000000ee08e00000) (1024K)]
  0x000002cfd8a195b0 JavaThread "Unconstrained build operations Thread 99"        [_thread_blocked, id=29012, stack(0x000000ee08e00000,0x000000ee08f00000) (1024K)]
  0x000002cfd8a18890 JavaThread "Unconstrained build operations Thread 100"        [_thread_blocked, id=40168, stack(0x000000ee08f00000,0x000000ee09000000) (1024K)]
  0x000002cfd8a16130 JavaThread "Unconstrained build operations Thread 101"        [_thread_blocked, id=50620, stack(0x000000ee09000000,0x000000ee09100000) (1024K)]
  0x000002cfd8a19c40 JavaThread "Unconstrained build operations Thread 102"        [_thread_blocked, id=61044, stack(0x000000ee09100000,0x000000ee09200000) (1024K)]
  0x000002cfd8a1a2d0 JavaThread "Unconstrained build operations Thread 103"        [_thread_blocked, id=21360, stack(0x000000ee09200000,0x000000ee09300000) (1024K)]
  0x000002cfd745e040 JavaThread "Unconstrained build operations Thread 104"        [_thread_blocked, id=1204, stack(0x000000ee09300000,0x000000ee09400000) (1024K)]
  0x000002cfd745b250 JavaThread "Unconstrained build operations Thread 105"        [_thread_blocked, id=62816, stack(0x000000ee09400000,0x000000ee09500000) (1024K)]
  0x000002cfd745d9b0 JavaThread "Unconstrained build operations Thread 106"        [_thread_blocked, id=39360, stack(0x000000ee09500000,0x000000ee09600000) (1024K)]
  0x000002cfd745e6d0 JavaThread "Unconstrained build operations Thread 107"        [_thread_blocked, id=12644, stack(0x000000ee09600000,0x000000ee09700000) (1024K)]
  0x000002cfd745bf70 JavaThread "Unconstrained build operations Thread 108"        [_thread_blocked, id=61944, stack(0x000000ee09700000,0x000000ee09800000) (1024K)]
  0x000002cfd745cc90 JavaThread "Unconstrained build operations Thread 109"        [_thread_blocked, id=57748, stack(0x000000ee09800000,0x000000ee09900000) (1024K)]
  0x000002cfd745ed60 JavaThread "Unconstrained build operations Thread 110"        [_thread_blocked, id=44884, stack(0x000000ee09900000,0x000000ee09a00000) (1024K)]
  0x000002cfd745b8e0 JavaThread "Unconstrained build operations Thread 111"        [_thread_blocked, id=37720, stack(0x000000ee09a00000,0x000000ee09b00000) (1024K)]
  0x000002cfd745f3f0 JavaThread "Unconstrained build operations Thread 112"        [_thread_blocked, id=41020, stack(0x000000ee09b00000,0x000000ee09c00000) (1024K)]
  0x000002cfd745fa80 JavaThread "Unconstrained build operations Thread 113"        [_thread_blocked, id=32968, stack(0x000000ee09c00000,0x000000ee09d00000) (1024K)]
  0x000002cfd745d320 JavaThread "Unconstrained build operations Thread 114"        [_thread_blocked, id=65408, stack(0x000000ee09d00000,0x000000ee09e00000) (1024K)]
  0x000002cfd745c600 JavaThread "Unconstrained build operations Thread 115"        [_thread_blocked, id=49444, stack(0x000000ee09e00000,0x000000ee09f00000) (1024K)]
  0x000002cfd7462870 JavaThread "Unconstrained build operations Thread 116"        [_thread_blocked, id=40356, stack(0x000000ee09f00000,0x000000ee0a000000) (1024K)]
  0x000002cfd7460110 JavaThread "Unconstrained build operations Thread 117"        [_thread_blocked, id=46372, stack(0x000000ee0a000000,0x000000ee0a100000) (1024K)]
  0x000002cfd7460e30 JavaThread "Unconstrained build operations Thread 118"        [_thread_blocked, id=15908, stack(0x000000ee0a100000,0x000000ee0a200000) (1024K)]
  0x000002cfd74621e0 JavaThread "Unconstrained build operations Thread 119"        [_thread_blocked, id=54968, stack(0x000000ee0a200000,0x000000ee0a300000) (1024K)]
  0x000002cfd74607a0 JavaThread "Unconstrained build operations Thread 120"        [_thread_blocked, id=4556, stack(0x000000ee0a300000,0x000000ee0a400000) (1024K)]
  0x000002cfd74614c0 JavaThread "Unconstrained build operations Thread 121"        [_thread_blocked, id=3892, stack(0x000000ee0a400000,0x000000ee0a500000) (1024K)]
  0x000002cfd7461b50 JavaThread "Unconstrained build operations Thread 122"        [_thread_blocked, id=24376, stack(0x000000ee0a500000,0x000000ee0a600000) (1024K)]
  0x000002cfd835e900 JavaThread "Unconstrained build operations Thread 123"        [_thread_blocked, id=44168, stack(0x000000ee0a600000,0x000000ee0a700000) (1024K)]
  0x000002cfd835ef90 JavaThread "Problems report writer"            [_thread_blocked, id=9528, stack(0x000000ee0a700000,0x000000ee0a800000) (1024K)]
  0x000002cfd835bb10 JavaThread "build event listener"              [_thread_blocked, id=57612, stack(0x000000ee0a800000,0x000000ee0a900000) (1024K)]
  0x000002cfd835c830 JavaThread "Memory manager"                    [_thread_blocked, id=46460, stack(0x000000ee0a900000,0x000000ee0aa00000) (1024K)]
  0x000002cfd8362410 JavaThread "build event listener"              [_thread_blocked, id=49176, stack(0x000000ee02000000,0x000000ee02100000) (1024K)]
  0x000002cfd8365200 JavaThread "build event listener"              [_thread_blocked, id=60020, stack(0x000000ee0ad00000,0x000000ee0ae00000) (1024K)]
  0x000002cfd8362aa0 JavaThread "jar transforms Thread 14"          [_thread_blocked, id=17568, stack(0x000000ee0ab00000,0x000000ee0ac00000) (1024K)]
  0x000002cfd818a330 JavaThread "ForkJoinPool.commonPool-worker-1" daemon [_thread_blocked, id=46992, stack(0x000000ee0b000000,0x000000ee0b100000) (1024K)]
  0x000002cfd818ff10 JavaThread "ForkJoinPool.commonPool-worker-3" daemon [_thread_blocked, id=36040, stack(0x000000ee0b200000,0x000000ee0b300000) (1024K)]
  0x000002cfd818de40 JavaThread "ForkJoinPool.commonPool-worker-5" daemon [_thread_blocked, id=63424, stack(0x000000ee0b400000,0x000000ee0b500000) (1024K)]
  0x000002cfd81912c0 JavaThread "ForkJoinPool.commonPool-worker-6" daemon [_thread_blocked, id=37180, stack(0x000000ee0b500000,0x000000ee0b600000) (1024K)]
  0x000002cfd818f1f0 JavaThread "ForkJoinPool.commonPool-worker-7" daemon [_thread_blocked, id=61176, stack(0x000000ee0b600000,0x000000ee0b700000) (1024K)]
  0x000002cfd8191950 JavaThread "ForkJoinPool.commonPool-worker-9" daemon [_thread_blocked, id=21692, stack(0x000000ee0b700000,0x000000ee0b800000) (1024K)]
  0x000002cfd818e4d0 JavaThread "ForkJoinPool.commonPool-worker-8" daemon [_thread_blocked, id=49564, stack(0x000000ee0b800000,0x000000ee0b900000) (1024K)]
  0x000002cfd8191fe0 JavaThread "ForkJoinPool.commonPool-worker-10" daemon [_thread_blocked, id=52052, stack(0x000000ee0b900000,0x000000ee0ba00000) (1024K)]
  0x000002cfd818eb60 JavaThread "Exec process"                      [_thread_blocked, id=23196, stack(0x000000ee0ba00000,0x000000ee0bb00000) (1024K)]
  0x000002cfd8192670 JavaThread "Exec process Thread 2"             [_thread_blocked, id=29656, stack(0x000000ee0bb00000,0x000000ee0bc00000) (1024K)]
  0x000002cfd8192d00 JavaThread "Exec process Thread 3"             [_thread_blocked, id=57624, stack(0x000000ee0bc00000,0x000000ee0bd00000) (1024K)]
  0x000002cfd8194dd0 JavaThread "jar transforms Thread 15"          [_thread_blocked, id=61120, stack(0x000000ee0ae00000,0x000000ee0af00000) (1024K)]
  0x000002cfd8195460 JavaThread "jar transforms Thread 16"          [_thread_blocked, id=54248, stack(0x000000ee0af00000,0x000000ee0b000000) (1024K)]
  0x000002cfd8196810 JavaThread "jar transforms Thread 17"          [_thread_blocked, id=40644, stack(0x000000ee0bd00000,0x000000ee0be00000) (1024K)]
  0x000002cfd8193390 JavaThread "Unconstrained build operations Thread 124"        [_thread_blocked, id=50640, stack(0x000000ee0be00000,0x000000ee0bf00000) (1024K)]
  0x000002cfd8195af0 JavaThread "Unconstrained build operations Thread 125"        [_thread_blocked, id=38216, stack(0x000000ee0bf00000,0x000000ee0c000000) (1024K)]
  0x000002cfd8196ea0 JavaThread "Unconstrained build operations Thread 126"        [_thread_blocked, id=24380, stack(0x000000ee0c000000,0x000000ee0c100000) (1024K)]
  0x000002cfd8193a20 JavaThread "Unconstrained build operations Thread 127"        [_thread_blocked, id=15412, stack(0x000000ee0c100000,0x000000ee0c200000) (1024K)]
  0x000002cfd8194740 JavaThread "Unconstrained build operations Thread 128"        [_thread_blocked, id=22104, stack(0x000000ee0c200000,0x000000ee0c300000) (1024K)]
  0x000002cfd8197530 JavaThread "Unconstrained build operations Thread 129"        [_thread_blocked, id=64656, stack(0x000000ee0c300000,0x000000ee0c400000) (1024K)]
  0x000002cfd8198250 JavaThread "Unconstrained build operations Thread 130"        [_thread_blocked, id=1868, stack(0x000000ee0c400000,0x000000ee0c500000) (1024K)]
  0x000002cfd81940b0 JavaThread "Unconstrained build operations Thread 131"        [_thread_blocked, id=43184, stack(0x000000ee0c500000,0x000000ee0c600000) (1024K)]
  0x000002cfd8198f70 JavaThread "Unconstrained build operations Thread 132"        [_thread_blocked, id=28556, stack(0x000000ee0c600000,0x000000ee0c700000) (1024K)]
  0x000002cfd8197bc0 JavaThread "Unconstrained build operations Thread 133"        [_thread_blocked, id=25368, stack(0x000000ee0c700000,0x000000ee0c800000) (1024K)]
  0x000002cfd8196180 JavaThread "Unconstrained build operations Thread 134"        [_thread_blocked, id=25312, stack(0x000000ee0c800000,0x000000ee0c900000) (1024K)]
  0x000002cfd8368680 JavaThread "Unconstrained build operations Thread 135"        [_thread_blocked, id=49332, stack(0x000000ee0c900000,0x000000ee0ca00000) (1024K)]
  0x000002cfd836a0c0 JavaThread "Unconstrained build operations Thread 136"        [_thread_blocked, id=49088, stack(0x000000ee0ca00000,0x000000ee0cb00000) (1024K)]
  0x000002cfd8367960 JavaThread "Unconstrained build operations Thread 137"        [_thread_blocked, id=44288, stack(0x000000ee0cb00000,0x000000ee0cc00000) (1024K)]
  0x000002cfd83665b0 JavaThread "Unconstrained build operations Thread 138"        [_thread_blocked, id=45020, stack(0x000000ee0cc00000,0x000000ee0cd00000) (1024K)]
  0x000002cfd8368d10 JavaThread "Unconstrained build operations Thread 139"        [_thread_blocked, id=34436, stack(0x000000ee0cd00000,0x000000ee0ce00000) (1024K)]
  0x000002cfd81988e0 JavaThread "Unconstrained build operations Thread 140"        [_thread_blocked, id=63476, stack(0x000000ee0ce00000,0x000000ee0cf00000) (1024K)]
  0x000002cfd5081fd0 JavaThread "Unconstrained build operations Thread 141"        [_thread_blocked, id=33560, stack(0x000000ee0cf00000,0x000000ee0d000000) (1024K)]
  0x000002cfd5082660 JavaThread "Unconstrained build operations Thread 142"        [_thread_blocked, id=14296, stack(0x000000ee0d000000,0x000000ee0d100000) (1024K)]
  0x000002cfd5082cf0 JavaThread "Unconstrained build operations Thread 143"        [_thread_blocked, id=4660, stack(0x000000ee0d100000,0x000000ee0d200000) (1024K)]
  0x000002cfd5083380 JavaThread "Unconstrained build operations Thread 144"        [_thread_blocked, id=58628, stack(0x000000ee0d200000,0x000000ee0d300000) (1024K)]
  0x000002cfd507ff00 JavaThread "Unconstrained build operations Thread 145"        [_thread_blocked, id=21364, stack(0x000000ee0d300000,0x000000ee0d400000) (1024K)]
  0x000002cfd5083a10 JavaThread "Unconstrained build operations Thread 146"        [_thread_blocked, id=17016, stack(0x000000ee0d600000,0x000000ee0d700000) (1024K)]
  0x000002cfd5080590 JavaThread "Unconstrained build operations Thread 147"        [_thread_blocked, id=61748, stack(0x000000ee0d700000,0x000000ee0d800000) (1024K)]
  0x000002cfd50840a0 JavaThread "Unconstrained build operations Thread 148"        [_thread_blocked, id=23120, stack(0x000000ee0d800000,0x000000ee0d900000) (1024K)]
  0x000002cfd5080c20 JavaThread "Unconstrained build operations Thread 149"        [_thread_blocked, id=31328, stack(0x000000ee0d900000,0x000000ee0da00000) (1024K)]
  0x000002cfd50812b0 JavaThread "Unconstrained build operations Thread 150"        [_thread_blocked, id=60948, stack(0x000000ee0da00000,0x000000ee0db00000) (1024K)]
  0x000002cfd5084730 JavaThread "Unconstrained build operations Thread 151"        [_thread_blocked, id=59548, stack(0x000000ee0db00000,0x000000ee0dc00000) (1024K)]
  0x000002cfd5084dc0 JavaThread "Unconstrained build operations Thread 152"        [_thread_blocked, id=36160, stack(0x000000ee0dc00000,0x000000ee0dd00000) (1024K)]
  0x000002cfd5081940 JavaThread "Unconstrained build operations Thread 153"        [_thread_blocked, id=52496, stack(0x000000ee0dd00000,0x000000ee0de00000) (1024K)]
  0x000002cfd50888d0 JavaThread "Unconstrained build operations Thread 154"        [_thread_blocked, id=37828, stack(0x000000ee0de00000,0x000000ee0df00000) (1024K)]
  0x000002cfd5085ae0 JavaThread "build event listener"              [_thread_blocked, id=59204, stack(0x000000ee0aa00000,0x000000ee0ab00000) (1024K)]
  0x000002cfd521c030 JavaThread "C2 CompilerThread1"         daemon [_thread_in_native, id=41716, stack(0x000000ee0ac00000,0x000000ee0ad00000) (1024K)]
  0x000002cfd5086170 JavaThread "jar transforms Thread 18"          [_thread_blocked, id=9956, stack(0x000000ee0df00000,0x000000ee0e000000) (1024K)]
  0x000002cfd5220b20 JavaThread "C2 CompilerThread2"         daemon [_thread_in_native, id=23992, stack(0x000000ee0e000000,0x000000ee0e100000) (1024K)]
  0x000002cfd5086e90 JavaThread "included builds"                   [_thread_blocked, id=3284, stack(0x000000ee0e200000,0x000000ee0e300000) (1024K)]
  0x000002cfd508b030 JavaThread "Execution worker"                  [_thread_blocked, id=51116, stack(0x000000ee0e300000,0x000000ee0e400000) (1024K)]
  0x000002cfd5088f60 JavaThread "Execution worker Thread 2"         [_thread_blocked, id=56044, stack(0x000000ee0e400000,0x000000ee0e500000) (1024K)]
  0x000002cfd508b6c0 JavaThread "Execution worker Thread 3"         [_thread_blocked, id=37672, stack(0x000000ee0e500000,0x000000ee0e600000) (1024K)]
  0x000002cfd5088240 JavaThread "Execution worker Thread 4"         [_thread_blocked, id=57700, stack(0x000000ee0e600000,0x000000ee0e700000) (1024K)]
  0x000002cfd508a9a0 JavaThread "Execution worker Thread 5"         [_thread_blocked, id=22624, stack(0x000000ee0e700000,0x000000ee0e800000) (1024K)]
  0x000002cfd508d790 JavaThread "Execution worker Thread 6"         [_thread_blocked, id=31620, stack(0x000000ee0e800000,0x000000ee0e900000) (1024K)]
  0x000002cfd508e4b0 JavaThread "Execution worker Thread 7"         [_thread_blocked, id=65120, stack(0x000000ee0e900000,0x000000ee0ea00000) (1024K)]
  0x000002cfd508eb40 JavaThread "Execution worker Thread 8"         [_thread_blocked, id=5608, stack(0x000000ee0ea00000,0x000000ee0eb00000) (1024K)]
  0x000002cfd508f1d0 JavaThread "Execution worker Thread 9"         [_thread_blocked, id=55280, stack(0x000000ee0eb00000,0x000000ee0ec00000) (1024K)]
  0x000002cfd508bd50 JavaThread "Execution worker Thread 10"        [_thread_blocked, id=46780, stack(0x000000ee0ec00000,0x000000ee0ed00000) (1024K)]
  0x000002cfd8366c40 JavaThread "Execution worker Thread 11"        [_thread_blocked, id=29448, stack(0x000000ee0ed00000,0x000000ee0ee00000) (1024K)]
  0x000002cfd8363e50 JavaThread "Execution worker Thread 12"        [_thread_in_Java, id=21296, stack(0x000000ee0ee00000,0x000000ee0ef00000) (1024K)]
  0x000002cfd836a750 JavaThread "Execution worker Thread 13"        [_thread_blocked, id=18628, stack(0x000000ee0ef00000,0x000000ee0f000000) (1024K)]
  0x000002cfd6e64270 JavaThread "Execution worker Thread 14"        [_thread_blocked, id=20404, stack(0x000000ee0f000000,0x000000ee0f100000) (1024K)]
  0x000002cfd6e64900 JavaThread "Execution worker Thread 15"        [_thread_blocked, id=63988, stack(0x000000ee0f100000,0x000000ee0f200000) (1024K)]
  0x000002cfdfaff160 JavaThread "Execution worker Thread 16"        [_thread_blocked, id=48576, stack(0x000000ee0f200000,0x000000ee0f300000) (1024K)]
  0x000002cfdfb025e0 JavaThread "Execution worker Thread 17"        [_thread_blocked, id=20460, stack(0x000000ee0f300000,0x000000ee0f400000) (1024K)]
  0x000002cfdfb02c70 JavaThread "Execution worker Thread 18"        [_thread_blocked, id=38824, stack(0x000000ee0f400000,0x000000ee0f500000) (1024K)]
  0x000002cfdfb00ba0 JavaThread "Execution worker Thread 19"        [_thread_blocked, id=27388, stack(0x000000ee0f500000,0x000000ee0f600000) (1024K)]
  0x000002cfdfaffe80 JavaThread "Execution worker Thread 20"        [_thread_blocked, id=8124, stack(0x000000ee0f600000,0x000000ee0f700000) (1024K)]
  0x000002cfdfaff7f0 JavaThread "Execution worker Thread 21"        [_thread_blocked, id=41368, stack(0x000000ee0f700000,0x000000ee0f800000) (1024K)]
  0x000002cfdfb03300 JavaThread "Execution worker Thread 22"        [_thread_blocked, id=5980, stack(0x000000ee0f800000,0x000000ee0f900000) (1024K)]
  0x000002cfdfb03990 JavaThread "Execution worker Thread 23"        [_thread_blocked, id=14128, stack(0x000000ee0f900000,0x000000ee0fa00000) (1024K)]
  0x000002cfdfb00510 JavaThread "Execution worker Thread 24"        [_thread_blocked, id=25492, stack(0x000000ee0fa00000,0x000000ee0fb00000) (1024K)]
  0x000002cfdfb04020 JavaThread "Execution worker Thread 25"        [_thread_blocked, id=25860, stack(0x000000ee0fb00000,0x000000ee0fc00000) (1024K)]
  0x000002cfdfb046b0 JavaThread "Execution worker Thread 26"        [_thread_blocked, id=62716, stack(0x000000ee0fc00000,0x000000ee0fd00000) (1024K)]
  0x000002cfdfb01230 JavaThread "Execution worker Thread 27"        [_thread_blocked, id=27352, stack(0x000000ee0fd00000,0x000000ee0fe00000) (1024K)]
  0x000002cfdfb04d40 JavaThread "Execution worker Thread 28"        [_thread_blocked, id=53876, stack(0x000000ee0fe00000,0x000000ee0ff00000) (1024K)]
  0x000002cfdfb018c0 JavaThread "Execution worker Thread 29"        [_thread_blocked, id=15424, stack(0x000000ee0ff00000,0x000000ee10000000) (1024K)]
  0x000002cfdfb053d0 JavaThread "Execution worker Thread 30"        [_thread_blocked, id=28664, stack(0x000000ee10000000,0x000000ee10100000) (1024K)]
  0x000002cfdfb01f50 JavaThread "Execution worker Thread 31"        [_thread_blocked, id=11580, stack(0x000000ee10100000,0x000000ee10200000) (1024K)]
  0x000002cfdfb06780 JavaThread "Cache worker for execution history cache (D:\Users\xvsu\AndroidStudioProjects\shizuku-ftp\.gradle\9.3.0\executionHistory)"        [_thread_blocked, id=19996, stack(0x000000ee10200000,0x000000ee10300000) (1024K)]
  0x000002cfdfb07b30 JavaThread "Unconstrained build operations Thread 155"        [_thread_blocked, id=62528, stack(0x000000ee10300000,0x000000ee10400000) (1024K)]
  0x000002cfdfb081c0 JavaThread "Unconstrained build operations Thread 156"        [_thread_blocked, id=4108, stack(0x000000ee10400000,0x000000ee10500000) (1024K)]
  0x000002cfdfb08850 JavaThread "Unconstrained build operations Thread 157"        [_thread_blocked, id=34784, stack(0x000000ee10500000,0x000000ee10600000) (1024K)]
  0x000002cfdfb074a0 JavaThread "Unconstrained build operations Thread 158"        [_thread_blocked, id=33548, stack(0x000000ee10600000,0x000000ee10700000) (1024K)]
  0x000002cfdfb06e10 JavaThread "Unconstrained build operations Thread 159"        [_thread_blocked, id=3976, stack(0x000000ee10700000,0x000000ee10800000) (1024K)]
  0x000002cfdfb05a60 JavaThread "Unconstrained build operations Thread 160"        [_thread_blocked, id=60272, stack(0x000000ee10800000,0x000000ee10900000) (1024K)]
  0x000002cfdfb09570 JavaThread "Unconstrained build operations Thread 161"        [_thread_blocked, id=62292, stack(0x000000ee10a00000,0x000000ee10b00000) (1024K)]
  0x000002cfdfb060f0 JavaThread "Unconstrained build operations Thread 162"        [_thread_blocked, id=50148, stack(0x000000ee10b00000,0x000000ee10c00000) (1024K)]
  0x000002cfdfb0a290 JavaThread "Unconstrained build operations Thread 163"        [_thread_blocked, id=35744, stack(0x000000ee10c00000,0x000000ee10d00000) (1024K)]
  0x000002cfdfb0d080 JavaThread "Unconstrained build operations Thread 164"        [_thread_blocked, id=47964, stack(0x000000ee10d00000,0x000000ee10e00000) (1024K)]
  0x000002cfdfb0c360 JavaThread "Unconstrained build operations Thread 165"        [_thread_blocked, id=45104, stack(0x000000ee10e00000,0x000000ee10f00000) (1024K)]
  0x000002cfdfb0a920 JavaThread "Unconstrained build operations Thread 166"        [_thread_blocked, id=28896, stack(0x000000ee10f00000,0x000000ee11000000) (1024K)]
  0x000002cfdfb0bcd0 JavaThread "Unconstrained build operations Thread 167"        [_thread_blocked, id=8248, stack(0x000000ee11000000,0x000000ee11100000) (1024K)]
  0x000002cfdfb0afb0 JavaThread "Unconstrained build operations Thread 168"        [_thread_blocked, id=28588, stack(0x000000ee11100000,0x000000ee11200000) (1024K)]
  0x000002cfdfb0c9f0 JavaThread "Unconstrained build operations Thread 169"        [_thread_blocked, id=54612, stack(0x000000ee11200000,0x000000ee11300000) (1024K)]
  0x000002cfdfb0e430 JavaThread "Unconstrained build operations Thread 170"        [_thread_blocked, id=21892, stack(0x000000ee11300000,0x000000ee11400000) (1024K)]
  0x000002cfd5087520 JavaThread "Unconstrained build operations Thread 171"        [_thread_blocked, id=8168, stack(0x000000ee11400000,0x000000ee11500000) (1024K)]
  0x000002cfd559f3b0 JavaThread "Unconstrained build operations Thread 172"        [_thread_blocked, id=45508, stack(0x000000ee11500000,0x000000ee11600000) (1024K)]
  0x000002cfd559ed20 JavaThread "Unconstrained build operations Thread 173"        [_thread_blocked, id=44160, stack(0x000000ee11600000,0x000000ee11700000) (1024K)]
  0x000002cfd55a0760 JavaThread "Unconstrained build operations Thread 174"        [_thread_blocked, id=30940, stack(0x000000ee11700000,0x000000ee11800000) (1024K)]
  0x000002cfd559fa40 JavaThread "Unconstrained build operations Thread 175"        [_thread_blocked, id=37612, stack(0x000000ee11800000,0x000000ee11900000) (1024K)]
  0x000002cfd55a1b10 JavaThread "Unconstrained build operations Thread 176"        [_thread_blocked, id=34328, stack(0x000000ee11900000,0x000000ee11a00000) (1024K)]
  0x000002cfd55a00d0 JavaThread "Unconstrained build operations Thread 177"        [_thread_blocked, id=26704, stack(0x000000ee11a00000,0x000000ee11b00000) (1024K)]
  0x000002cfd559e690 JavaThread "Unconstrained build operations Thread 178"        [_thread_blocked, id=27944, stack(0x000000ee11b00000,0x000000ee11c00000) (1024K)]
  0x000002cfd55a2830 JavaThread "Unconstrained build operations Thread 179"        [_thread_blocked, id=6052, stack(0x000000ee11c00000,0x000000ee11d00000) (1024K)]
  0x000002cfd55a0df0 JavaThread "Unconstrained build operations Thread 180"        [_thread_blocked, id=33924, stack(0x000000ee11d00000,0x000000ee11e00000) (1024K)]
  0x000002cfd55a3be0 JavaThread "Unconstrained build operations Thread 181"        [_thread_blocked, id=25456, stack(0x000000ee11e00000,0x000000ee11f00000) (1024K)]
  0x000002cfd55a1480 JavaThread "Unconstrained build operations Thread 182"        [_thread_blocked, id=62064, stack(0x000000ee11f00000,0x000000ee12000000) (1024K)]
  0x000002cfd55a3550 JavaThread "Unconstrained build operations Thread 183"        [_thread_blocked, id=56880, stack(0x000000ee12000000,0x000000ee12100000) (1024K)]
  0x000002cfd55a5620 JavaThread "Unconstrained build operations Thread 184"        [_thread_blocked, id=19984, stack(0x000000ee12100000,0x000000ee12200000) (1024K)]
  0x000002cfd55a21a0 JavaThread "Unconstrained build operations Thread 185"        [_thread_blocked, id=25420, stack(0x000000ee12200000,0x000000ee12300000) (1024K)]
  0x000002cfd55a4270 JavaThread "Unconstrained build operations Thread 186"        [_thread_blocked, id=48152, stack(0x000000ee12300000,0x000000ee12400000) (1024K)]
  0x000002cfd55a4900 JavaThread "Unconstrained build operations Thread 187"        [_thread_blocked, id=42668, stack(0x000000ee12400000,0x000000ee12500000) (1024K)]
  0x000002cfd55a5cb0 JavaThread "Unconstrained build operations Thread 188"        [_thread_blocked, id=55744, stack(0x000000ee12500000,0x000000ee12600000) (1024K)]
  0x000002cfd55a4f90 JavaThread "Unconstrained build operations Thread 189"        [_thread_blocked, id=52180, stack(0x000000ee12600000,0x000000ee12700000) (1024K)]
  0x000002cfd55a6340 JavaThread "Unconstrained build operations Thread 190"        [_thread_blocked, id=9736, stack(0x000000ee12700000,0x000000ee12800000) (1024K)]
  0x000002cfd55a2ec0 JavaThread "Unconstrained build operations Thread 191"        [_thread_blocked, id=16896, stack(0x000000ee12800000,0x000000ee12900000) (1024K)]
  0x000002cfd55a69d0 JavaThread "Unconstrained build operations Thread 192"        [_thread_blocked, id=32152, stack(0x000000ee12900000,0x000000ee12a00000) (1024K)]
  0x000002cfd55a8aa0 JavaThread "Unconstrained build operations Thread 193"        [_thread_blocked, id=41148, stack(0x000000ee12a00000,0x000000ee12b00000) (1024K)]
  0x000002cfd55a97c0 JavaThread "Unconstrained build operations Thread 194"        [_thread_blocked, id=3180, stack(0x000000ee12b00000,0x000000ee12c00000) (1024K)]
  0x000002cfd55a9130 JavaThread "Unconstrained build operations Thread 195"        [_thread_blocked, id=36848, stack(0x000000ee12c00000,0x000000ee12d00000) (1024K)]
  0x000002cfd55aa4e0 JavaThread "Unconstrained build operations Thread 196"        [_thread_blocked, id=35920, stack(0x000000ee12d00000,0x000000ee12e00000) (1024K)]
  0x000002cfd55a76f0 JavaThread "Unconstrained build operations Thread 197"        [_thread_blocked, id=40936, stack(0x000000ee12e00000,0x000000ee12f00000) (1024K)]
  0x000002cfd55a9e50 JavaThread "Unconstrained build operations Thread 198"        [_thread_blocked, id=57560, stack(0x000000ee12f00000,0x000000ee13000000) (1024K)]
  0x000002cfd55a7060 JavaThread "Unconstrained build operations Thread 199"        [_thread_blocked, id=52384, stack(0x000000ee13000000,0x000000ee13100000) (1024K)]
  0x000002cfd55aab70 JavaThread "Unconstrained build operations Thread 200"        [_thread_blocked, id=48992, stack(0x000000ee13100000,0x000000ee13200000) (1024K)]
  0x000002cfd3c184b0 JavaThread "Unconstrained build operations Thread 201"        [_thread_blocked, id=61524, stack(0x000000ee13200000,0x000000ee13300000) (1024K)]
  0x000002cfd3c18b40 JavaThread "Unconstrained build operations Thread 202"        [_thread_in_Java, id=13432, stack(0x000000ee13300000,0x000000ee13400000) (1024K)]
  0x000002cfd3c163e0 JavaThread "Unconstrained build operations Thread 203"        [_thread_in_native, id=45756, stack(0x000000ee13400000,0x000000ee13500000) (1024K)]
  0x000002cfd3c17e20 JavaThread "Unconstrained build operations Thread 204"        [_thread_in_Java, id=42536, stack(0x000000ee13500000,0x000000ee13600000) (1024K)]
  0x000002cfd3c17100 JavaThread "Unconstrained build operations Thread 205"        [_thread_in_Java, id=34464, stack(0x000000ee13600000,0x000000ee13700000) (1024K)]
  0x000002cfd3c191d0 JavaThread "Unconstrained build operations Thread 206"        [_thread_in_Java, id=24168, stack(0x000000ee13700000,0x000000ee13800000) (1024K)]
  0x000002cfd3c15d50 JavaThread "Unconstrained build operations Thread 207"        [_thread_blocked, id=4672, stack(0x000000ee13800000,0x000000ee13900000) (1024K)]
  0x000002cfd3c1ac10 JavaThread "Unconstrained build operations Thread 208"        [_thread_blocked, id=29312, stack(0x000000ee13900000,0x000000ee13a00000) (1024K)]
  0x000002cfd3c1bfc0 JavaThread "Unconstrained build operations Thread 209"        [_thread_blocked, id=18248, stack(0x000000ee13a00000,0x000000ee13b00000) (1024K)]
  0x000002cfd3c1b930 JavaThread "Unconstrained build operations Thread 210"        [_thread_in_native, id=31480, stack(0x000000ee13b00000,0x000000ee13c00000) (1024K)]
  0x000002cfd3c1c650 JavaThread "Unconstrained build operations Thread 211"        [_thread_in_Java, id=15612, stack(0x000000ee13c00000,0x000000ee13d00000) (1024K)]
  0x000002cfd3c1cce0 JavaThread "Unconstrained build operations Thread 212"        [_thread_in_Java, id=63196, stack(0x000000ee13d00000,0x000000ee13e00000) (1024K)]
  0x000002cfd3c1a580 JavaThread "Unconstrained build operations Thread 213"        [_thread_in_native, id=59640, stack(0x000000ee13e00000,0x000000ee13f00000) (1024K)]
  0x000002cfd3c19860 JavaThread "Unconstrained build operations Thread 214"        [_thread_in_native, id=55516, stack(0x000000ee13f00000,0x000000ee14000000) (1024K)]
  0x000002cfd3c1d370 JavaThread "Unconstrained build operations Thread 215"        [_thread_in_native, id=45456, stack(0x000000ee14000000,0x000000ee14100000) (1024K)]
  0x000002cfd3c19ef0 JavaThread "Unconstrained build operations Thread 216"        [_thread_in_Java, id=37136, stack(0x000000ee14100000,0x000000ee14200000) (1024K)]
  0x000002cfd3c1da00 JavaThread "Unconstrained build operations Thread 217"        [_thread_blocked, id=21312, stack(0x000000ee14200000,0x000000ee14300000) (1024K)]
  0x000002cfd3c1e090 JavaThread "Unconstrained build operations Thread 218"        [_thread_in_Java, id=20312, stack(0x000000ee14300000,0x000000ee14400000) (1024K)]
  0x000002cfd3c1e720 JavaThread "Unconstrained build operations Thread 219"        [_thread_blocked, id=51964, stack(0x000000ee14400000,0x000000ee14500000) (1024K)]
  0x000002cfd3c1b2a0 JavaThread "Unconstrained build operations Thread 220"        [_thread_in_Java, id=49312, stack(0x000000ee14500000,0x000000ee14600000) (1024K)]
  0x000002cfd3c20e80 JavaThread "Unconstrained build operations Thread 221"        [_thread_in_Java, id=49524, stack(0x000000ee14600000,0x000000ee14700000) (1024K)]
  0x000002cfd3c20160 JavaThread "Unconstrained build operations Thread 222"        [_thread_in_Java, id=60352, stack(0x000000ee14700000,0x000000ee14800000) (1024K)]
  0x000002cfd3c21ba0 JavaThread "Unconstrained build operations Thread 223"        [_thread_blocked, id=12260, stack(0x000000ee14800000,0x000000ee14900000) (1024K)]
  0x000002cfd3c22230 JavaThread "Unconstrained build operations Thread 224"        [_thread_blocked, id=29804, stack(0x000000ee14900000,0x000000ee14a00000) (1024K)]
  0x000002cfd3c1edb0 JavaThread "Unconstrained build operations Thread 225"        [_thread_blocked, id=12996, stack(0x000000ee14a00000,0x000000ee14b00000) (1024K)]
  0x000002cfd3c21510 JavaThread "Unconstrained build operations Thread 226"        [_thread_in_Java, id=36344, stack(0x000000ee14b00000,0x000000ee14c00000) (1024K)]
  0x000002cfd3c228c0 JavaThread "Unconstrained build operations Thread 227"        [_thread_in_Java, id=38168, stack(0x000000ee14c00000,0x000000ee14d00000) (1024K)]
  0x000002cfd3c1f440 JavaThread "Unconstrained build operations Thread 228"        [_thread_in_Java, id=25832, stack(0x000000ee14d00000,0x000000ee14e00000) (1024K)]
  0x000002cfd3c22f50 JavaThread "Unconstrained build operations Thread 229"        [_thread_in_Java, id=32140, stack(0x000000ee14e00000,0x000000ee14f00000) (1024K)]
  0x000002cfd3c1fad0 JavaThread "Unconstrained build operations Thread 230"        [_thread_in_native, id=59024, stack(0x000000ee14f00000,0x000000ee15000000) (1024K)]
  0x000002cfd3c235e0 JavaThread "Unconstrained build operations Thread 231"        [_thread_blocked, id=59028, stack(0x000000ee15000000,0x000000ee15100000) (1024K)]
  0x000002cfd3c149a0 JavaThread "Unconstrained build operations Thread 232"        [_thread_blocked, id=25528, stack(0x000000ee15100000,0x000000ee15200000) (1024K)]
  0x000002cfd3c15030 JavaThread "Unconstrained build operations Thread 233"        [_thread_blocked, id=42104, stack(0x000000ee15200000,0x000000ee15300000) (1024K)]
  0x000002cfd3c23c70 JavaThread "Unconstrained build operations Thread 234"        [_thread_blocked, id=3432, stack(0x000000ee15300000,0x000000ee15400000) (1024K)]
  0x000002cfd3c207f0 JavaThread "Unconstrained build operations Thread 235"        [_thread_blocked, id=38008, stack(0x000000ee15400000,0x000000ee15500000) (1024K)]
  0x000002cfd55ab890 JavaThread "Unconstrained build operations Thread 236"        [_thread_blocked, id=37856, stack(0x000000ee15500000,0x000000ee15600000) (1024K)]
  0x000002cfd55a8410 JavaThread "Unconstrained build operations Thread 237"        [_thread_blocked, id=37064, stack(0x000000ee15600000,0x000000ee15700000) (1024K)]
  0x000002cfd55ad2d0 JavaThread "Unconstrained build operations Thread 238"        [_thread_blocked, id=19144, stack(0x000000ee15700000,0x000000ee15800000) (1024K)]
  0x000002cfd55abf20 JavaThread "Unconstrained build operations Thread 239"        [_thread_blocked, id=29560, stack(0x000000ee15800000,0x000000ee15900000) (1024K)]
  0x000002cfd55ac5b0 JavaThread "Unconstrained build operations Thread 240"        [_thread_blocked, id=6172, stack(0x000000ee15900000,0x000000ee15a00000) (1024K)]
  0x000002cfd55ad960 JavaThread "Unconstrained build operations Thread 241"        [_thread_blocked, id=41908, stack(0x000000ee15a00000,0x000000ee15b00000) (1024K)]
  0x000002cfd55acc40 JavaThread "Unconstrained build operations Thread 242"        [_thread_blocked, id=6084, stack(0x000000ee15b00000,0x000000ee15c00000) (1024K)]
  0x000002cfd8189ca0 JavaThread "Unconstrained build operations Thread 243"        [_thread_blocked, id=61496, stack(0x000000ee15c00000,0x000000ee15d00000) (1024K)]
  0x000002cfd50895f0 JavaThread "Unconstrained build operations Thread 244"        [_thread_in_vm, id=62112, stack(0x000000ee15d00000,0x000000ee15e00000) (1024K)]
  0x000002cfd83644e0 JavaThread "Unconstrained build operations Thread 245"        [_thread_blocked, id=5576, stack(0x000000ee15e00000,0x000000ee15f00000) (1024K)]
  0x000002cfd8c23ec0 JavaThread "Unconstrained build operations Thread 246"        [_thread_blocked, id=48404, stack(0x000000ee15f00000,0x000000ee16000000) (1024K)]
  0x000002cfd8c26cb0 JavaThread "Unconstrained build operations Thread 247"        [_thread_blocked, id=10280, stack(0x000000ee16000000,0x000000ee16100000) (1024K)]
  0x000002cfd8c24550 JavaThread "Unconstrained build operations Thread 248"        [_thread_blocked, id=36408, stack(0x000000ee16100000,0x000000ee16200000) (1024K)]
  0x000002cfd8c25270 JavaThread "Unconstrained build operations Thread 249"        [_thread_in_native, id=46340, stack(0x000000ee16200000,0x000000ee16300000) (1024K)]
  0x000002cfd8c27340 JavaThread "Unconstrained build operations Thread 250"        [_thread_blocked, id=9196, stack(0x000000ee16300000,0x000000ee16400000) (1024K)]
  0x000002cfd8c279d0 JavaThread "Unconstrained build operations Thread 251"        [_thread_in_Java, id=19584, stack(0x000000ee16400000,0x000000ee16500000) (1024K)]
  0x000002cfd8c28060 JavaThread "Unconstrained build operations Thread 252"        [_thread_blocked, id=11364, stack(0x000000ee16500000,0x000000ee16600000) (1024K)]
  0x000002cfd8c24be0 JavaThread "Unconstrained build operations Thread 253"        [_thread_blocked, id=51024, stack(0x000000ee16600000,0x000000ee16700000) (1024K)]
  0x000002cfd8c286f0 JavaThread "Unconstrained build operations Thread 254"        [_thread_blocked, id=35308, stack(0x000000ee16700000,0x000000ee16800000) (1024K)]
  0x000002cfd8c25900 JavaThread "Unconstrained build operations Thread 255"        [_thread_in_native, id=62944, stack(0x000000ee16800000,0x000000ee16900000) (1024K)]
  0x000002cfd8c28d80 JavaThread "Unconstrained build operations Thread 256"        [_thread_blocked, id=63720, stack(0x000000ee16900000,0x000000ee16a00000) (1024K)]
  0x000002cfd8c29410 JavaThread "Unconstrained build operations Thread 257"        [_thread_blocked, id=15588, stack(0x000000ee16a00000,0x000000ee16b00000) (1024K)]
  0x000002cfd8c25f90 JavaThread "Unconstrained build operations Thread 258"        [_thread_blocked, id=5844, stack(0x000000ee16b00000,0x000000ee16c00000) (1024K)]
  0x000002cfd8c29aa0 JavaThread "Unconstrained build operations Thread 259"        [_thread_blocked, id=42332, stack(0x000000ee16c00000,0x000000ee16d00000) (1024K)]
  0x000002cfd8c26620 JavaThread "Unconstrained build operations Thread 260"        [_thread_blocked, id=56872, stack(0x000000ee16d00000,0x000000ee16e00000) (1024K)]
  0x000002cfd8c2c200 JavaThread "Unconstrained build operations Thread 261"        [_thread_blocked, id=65344, stack(0x000000ee16e00000,0x000000ee16f00000) (1024K)]
  0x000002cfd8c2c890 JavaThread "Unconstrained build operations Thread 262"        [_thread_blocked, id=49420, stack(0x000000ee16f00000,0x000000ee17000000) (1024K)]
  0x000002cfd8c2cf20 JavaThread "Unconstrained build operations Thread 263"        [_thread_blocked, id=27028, stack(0x000000ee17000000,0x000000ee17100000) (1024K)]
  0x000002cfd8c2d5b0 JavaThread "Unconstrained build operations Thread 264"        [_thread_blocked, id=38116, stack(0x000000ee17100000,0x000000ee17200000) (1024K)]
  0x000002cfd8c2a130 JavaThread "Unconstrained build operations Thread 265"        [_thread_blocked, id=12116, stack(0x000000ee17200000,0x000000ee17300000) (1024K)]
  0x000002cfd8c2dc40 JavaThread "Unconstrained build operations Thread 266"        [_thread_blocked, id=7700, stack(0x000000ee17300000,0x000000ee17400000) (1024K)]
  0x000002cfd8c2a7c0 JavaThread "Unconstrained build operations Thread 267"        [_thread_blocked, id=63536, stack(0x000000ee17400000,0x000000ee17500000) (1024K)]
  0x000002cfd8c2bb70 JavaThread "Unconstrained build operations Thread 268"        [_thread_blocked, id=17668, stack(0x000000ee17500000,0x000000ee17600000) (1024K)]
  0x000002cfd8c2e2d0 JavaThread "Unconstrained build operations Thread 269"        [_thread_blocked, id=49932, stack(0x000000ee17600000,0x000000ee17700000) (1024K)]
  0x000002cfd8c2ae50 JavaThread "Unconstrained build operations Thread 270"        [_thread_blocked, id=58808, stack(0x000000ee17700000,0x000000ee17800000) (1024K)]
  0x000002cfd8c2e960 JavaThread "Unconstrained build operations Thread 271"        [_thread_blocked, id=53768, stack(0x000000ee17800000,0x000000ee17900000) (1024K)]
  0x000002cfd8c2b4e0 JavaThread "Unconstrained build operations Thread 272"        [_thread_blocked, id=36600, stack(0x000000ee17900000,0x000000ee17a00000) (1024K)]
  0x000002cfd8c2f680 JavaThread "Unconstrained build operations Thread 273"        [_thread_blocked, id=47932, stack(0x000000ee17a00000,0x000000ee17b00000) (1024K)]
  0x000002cfd8c310c0 JavaThread "Unconstrained build operations Thread 274"        [_thread_blocked, id=41464, stack(0x000000ee17b00000,0x000000ee17c00000) (1024K)]
  0x000002cfd8c32470 JavaThread "Unconstrained build operations Thread 275"        [_thread_blocked, id=6248, stack(0x000000ee17c00000,0x000000ee17d00000) (1024K)]
  0x000002cfd8c303a0 JavaThread "Unconstrained build operations Thread 276"        [_thread_blocked, id=63216, stack(0x000000ee17d00000,0x000000ee17e00000) (1024K)]
  0x000002cfd8c30a30 JavaThread "Unconstrained build operations Thread 277"        [_thread_blocked, id=51604, stack(0x000000ee17e00000,0x000000ee17f00000) (1024K)]
  0x000002cfd8c2eff0 JavaThread "Unconstrained build operations Thread 278"        [_thread_blocked, id=46668, stack(0x000000ee17f00000,0x000000ee18000000) (1024K)]
  0x000002cfd8c2fd10 JavaThread "Unconstrained build operations Thread 279"        [_thread_blocked, id=22604, stack(0x000000ee18000000,0x000000ee18100000) (1024K)]
  0x000002cfd8c31750 JavaThread "Unconstrained build operations Thread 280"        [_thread_blocked, id=16704, stack(0x000000ee18100000,0x000000ee18200000) (1024K)]
  0x000002cfd8c32b00 JavaThread "Unconstrained build operations Thread 281"        [_thread_blocked, id=57160, stack(0x000000ee18200000,0x000000ee18300000) (1024K)]
  0x000002cfd8c31de0 JavaThread "Unconstrained build operations Thread 282"        [_thread_blocked, id=10412, stack(0x000000ee18300000,0x000000ee18400000) (1024K)]
  0x000002cfd8c33190 JavaThread "Unconstrained build operations Thread 283"        [_thread_blocked, id=37308, stack(0x000000ee18400000,0x000000ee18500000) (1024K)]
  0x000002cfdeb7c830 JavaThread "Unconstrained build operations Thread 284"        [_thread_blocked, id=4312, stack(0x000000ee18500000,0x000000ee18600000) (1024K)]
  0x000002cfdeb79a40 JavaThread "Unconstrained build operations Thread 285"        [_thread_blocked, id=19328, stack(0x000000ee18600000,0x000000ee18700000) (1024K)]
  0x000002cfdeb7a0d0 JavaThread "Unconstrained build operations Thread 286"        [_thread_blocked, id=3924, stack(0x000000ee18700000,0x000000ee18800000) (1024K)]
  0x000002cfdeb7adf0 JavaThread "Unconstrained build operations Thread 287"        [_thread_blocked, id=55484, stack(0x000000ee18800000,0x000000ee18900000) (1024K)]
  0x000002cfdeb7bb10 JavaThread "Unconstrained build operations Thread 288"        [_thread_blocked, id=59344, stack(0x000000ee18900000,0x000000ee18a00000) (1024K)]
  0x000002cfdeb793b0 JavaThread "Unconstrained build operations Thread 289"        [_thread_blocked, id=5560, stack(0x000000ee18a00000,0x000000ee18b00000) (1024K)]
  0x000002cfdeb7cec0 JavaThread "Unconstrained build operations Thread 290"        [_thread_blocked, id=3032, stack(0x000000ee18b00000,0x000000ee18c00000) (1024K)]
  0x000002cfdeb7dbe0 JavaThread "Unconstrained build operations Thread 291"        [_thread_blocked, id=26444, stack(0x000000ee18c00000,0x000000ee18d00000) (1024K)]
  0x000002cfdeb7c1a0 JavaThread "Unconstrained build operations Thread 292"        [_thread_blocked, id=36284, stack(0x000000ee18d00000,0x000000ee18e00000) (1024K)]
  0x000002cfdeb7d550 JavaThread "Unconstrained build operations Thread 293"        [_thread_blocked, id=59164, stack(0x000000ee18e00000,0x000000ee18f00000) (1024K)]
  0x000002cfdeb7a760 JavaThread "Unconstrained build operations Thread 294"        [_thread_blocked, id=30856, stack(0x000000ee18f00000,0x000000ee19000000) (1024K)]
  0x000002cfdeb7b480 JavaThread "Unconstrained build operations Thread 295"        [_thread_blocked, id=16856, stack(0x000000ee19000000,0x000000ee19100000) (1024K)]
  0x000002cfdeb7e270 JavaThread "Unconstrained build operations Thread 296"        [_thread_blocked, id=65468, stack(0x000000ee19100000,0x000000ee19200000) (1024K)]
  0x000002cfdeb61080 JavaThread "Unconstrained build operations Thread 297"        [_thread_blocked, id=63344, stack(0x000000ee19200000,0x000000ee19300000) (1024K)]
  0x000002cfdeb61710 JavaThread "Unconstrained build operations Thread 298"        [_thread_blocked, id=24260, stack(0x000000ee19300000,0x000000ee19400000) (1024K)]
  0x000002cfdeb61da0 JavaThread "Unconstrained build operations Thread 299"        [_thread_blocked, id=26052, stack(0x000000ee19400000,0x000000ee19500000) (1024K)]
  0x000002cfdeb5efb0 JavaThread "Unconstrained build operations Thread 300"        [_thread_blocked, id=47540, stack(0x000000ee19500000,0x000000ee19600000) (1024K)]
  0x000002cfdeb62430 JavaThread "Unconstrained build operations Thread 301"        [_thread_blocked, id=57640, stack(0x000000ee19600000,0x000000ee19700000) (1024K)]
  0x000002cfdeb609f0 JavaThread "Unconstrained build operations Thread 302"        [_thread_blocked, id=32848, stack(0x000000ee19700000,0x000000ee19800000) (1024K)]
  0x000002cfdeb5f640 JavaThread "Unconstrained build operations Thread 303"        [_thread_blocked, id=14588, stack(0x000000ee19800000,0x000000ee19900000) (1024K)]
  0x000002cfdeb60360 JavaThread "Unconstrained build operations Thread 304"        [_thread_blocked, id=23676, stack(0x000000ee19900000,0x000000ee19a00000) (1024K)]
  0x000002cfdeb5fcd0 JavaThread "Unconstrained build operations Thread 305"        [_thread_blocked, id=60884, stack(0x000000ee19a00000,0x000000ee19b00000) (1024K)]
  0x000002cfdeb65220 JavaThread "Unconstrained build operations Thread 306"        [_thread_blocked, id=32760, stack(0x000000ee19b00000,0x000000ee19c00000) (1024K)]
  0x000002cfdeb658b0 JavaThread "Unconstrained build operations Thread 307"        [_thread_blocked, id=33704, stack(0x000000ee19c00000,0x000000ee19d00000) (1024K)]
  0x000002cfdeb65f40 JavaThread "Unconstrained build operations Thread 308"        [_thread_blocked, id=29652, stack(0x000000ee19d00000,0x000000ee19e00000) (1024K)]
  0x000002cfdeb63150 JavaThread "Unconstrained build operations Thread 309"        [_thread_blocked, id=28300, stack(0x000000ee19e00000,0x000000ee19f00000) (1024K)]
  0x000002cfdeb63e70 JavaThread "Unconstrained build operations Thread 310"        [_thread_blocked, id=61804, stack(0x000000ee19f00000,0x000000ee1a000000) (1024K)]
  0x000002cfdeb64b90 JavaThread "Unconstrained build operations Thread 311"        [_thread_blocked, id=57080, stack(0x000000ee1a000000,0x000000ee1a100000) (1024K)]
  0x000002cfdeb62ac0 JavaThread "Unconstrained build operations Thread 312"        [_thread_blocked, id=41140, stack(0x000000ee1a100000,0x000000ee1a200000) (1024K)]
  0x000002cfdeb665d0 JavaThread "Unconstrained build operations Thread 313"        [_thread_blocked, id=48740, stack(0x000000ee1a200000,0x000000ee1a300000) (1024K)]
  0x000002cfdeb66c60 JavaThread "Unconstrained build operations Thread 314"        [_thread_blocked, id=14112, stack(0x000000ee1a300000,0x000000ee1a400000) (1024K)]
  0x000002cfdeb637e0 JavaThread "Unconstrained build operations Thread 315"        [_thread_blocked, id=48588, stack(0x000000ee1a400000,0x000000ee1a500000) (1024K)]
  0x000002cfdeb672f0 JavaThread "Unconstrained build operations Thread 316"        [_thread_blocked, id=44836, stack(0x000000ee1a500000,0x000000ee1a600000) (1024K)]
  0x000002cfdeb64500 JavaThread "Unconstrained build operations Thread 317"        [_thread_blocked, id=29336, stack(0x000000ee1a600000,0x000000ee1a700000) (1024K)]
  0x000002cfdeb6a770 JavaThread "Unconstrained build operations Thread 318"        [_thread_blocked, id=65312, stack(0x000000ee1a700000,0x000000ee1a800000) (1024K)]
  0x000002cfdeb6b490 JavaThread "Unconstrained build operations Thread 319"        [_thread_blocked, id=19648, stack(0x000000ee1a800000,0x000000ee1a900000) (1024K)]
  0x000002cfdeb68010 JavaThread "Unconstrained build operations Thread 320"        [_thread_blocked, id=9948, stack(0x000000ee1a900000,0x000000ee1aa00000) (1024K)]
  0x000002cfdeb69a50 JavaThread "WorkerExecutor Queue"              [_thread_blocked, id=28488, stack(0x000000ee0b300000,0x000000ee0b400000) (1024K)]
  0x000002cfdeb686a0 JavaThread "WorkerExecutor Queue Thread 2"        [_thread_blocked, id=40624, stack(0x000000ee0e100000,0x000000ee0e200000) (1024K)]
  0x000002cfdeb68d30 JavaThread "WorkerExecutor Queue Thread 3"        [_thread_blocked, id=25864, stack(0x000000ee10900000,0x000000ee10a00000) (1024K)]
  0x000002cfdeb6c1b0 JavaThread "WorkerExecutor Queue Thread 4"        [_thread_blocked, id=21472, stack(0x000000ee1aa00000,0x000000ee1ab00000) (1024K)]
  0x000002cfdeb6c840 JavaThread "WorkerExecutor Queue Thread 5"        [_thread_blocked, id=42944, stack(0x000000ee1ab00000,0x000000ee1ac00000) (1024K)]
  0x000002cfdeb6ae00 JavaThread "WorkerExecutor Queue Thread 6"        [_thread_blocked, id=39344, stack(0x000000ee1ac00000,0x000000ee1ad00000) (1024K)]
  0x000002cfdeb6a0e0 JavaThread "WorkerExecutor Queue Thread 7"        [_thread_blocked, id=25072, stack(0x000000ee1ad00000,0x000000ee1ae00000) (1024K)]
  0x000002cfdeb693c0 JavaThread "WorkerExecutor Queue Thread 8"        [_thread_blocked, id=63396, stack(0x000000ee1ae00000,0x000000ee1af00000) (1024K)]
  0x000002cfdeb6ced0 JavaThread "WorkerExecutor Queue Thread 9"        [_thread_blocked, id=29096, stack(0x000000ee1af00000,0x000000ee1b000000) (1024K)]
  0x000002cfdeb6efa0 JavaThread "WorkerExecutor Queue Thread 10"        [_thread_blocked, id=27560, stack(0x000000ee1b000000,0x000000ee1b100000) (1024K)]
  0x000002cfdeb6e280 JavaThread "WorkerExecutor Queue Thread 11"        [_thread_blocked, id=28376, stack(0x000000ee1b100000,0x000000ee1b200000) (1024K)]
  0x000002cfdeb6e910 JavaThread "WorkerExecutor Queue Thread 12"        [_thread_blocked, id=26060, stack(0x000000ee1b200000,0x000000ee1b300000) (1024K)]
  0x000002cfdeb70350 JavaThread "WorkerExecutor Queue Thread 13"        [_thread_blocked, id=62864, stack(0x000000ee1b300000,0x000000ee1b400000) (1024K)]
  0x000002cfdeb709e0 JavaThread "WorkerExecutor Queue Thread 14"        [_thread_blocked, id=25260, stack(0x000000ee1b400000,0x000000ee1b500000) (1024K)]
  0x000002cfdeb6d560 JavaThread "WorkerExecutor Queue Thread 15"        [_thread_blocked, id=37732, stack(0x000000ee1b500000,0x000000ee1b600000) (1024K)]
  0x000002cfdeb71070 JavaThread "WorkerExecutor Queue Thread 16"        [_thread_blocked, id=28408, stack(0x000000ee1b600000,0x000000ee1b700000) (1024K)]
  0x000002cfdeb6fcc0 JavaThread "WorkerExecutor Queue Thread 17"        [_thread_blocked, id=39544, stack(0x000000ee1b700000,0x000000ee1b800000) (1024K)]
  0x000002cfdeb6f630 JavaThread "WorkerExecutor Queue Thread 18"        [_thread_blocked, id=35140, stack(0x000000ee1b800000,0x000000ee1b900000) (1024K)]
  0x000002cfdeb6dbf0 JavaThread "WorkerExecutor Queue Thread 19"        [_thread_blocked, id=13736, stack(0x000000ee1b900000,0x000000ee1ba00000) (1024K)]
  0x000002cfdeb71d90 JavaThread "WorkerExecutor Queue Thread 20"        [_thread_blocked, id=3920, stack(0x000000ee1ba00000,0x000000ee1bb00000) (1024K)]
  0x000002cfdeb73140 JavaThread "WorkerExecutor Queue Thread 21"        [_thread_blocked, id=13468, stack(0x000000ee1bb00000,0x000000ee1bc00000) (1024K)]
  0x000002cfdeb71700 JavaThread "WorkerExecutor Queue Thread 22"        [_thread_blocked, id=57108, stack(0x000000ee1bc00000,0x000000ee1bd00000) (1024K)]
  0x000002cfdeb758a0 JavaThread "WorkerExecutor Queue Thread 23"        [_thread_blocked, id=22480, stack(0x000000ee1bd00000,0x000000ee1be00000) (1024K)]
  0x000002cfdeb72420 JavaThread "WorkerExecutor Queue Thread 24"        [_thread_blocked, id=50316, stack(0x000000ee1be00000,0x000000ee1bf00000) (1024K)]
  0x000002cfdeb75f30 JavaThread "WorkerExecutor Queue Thread 25"        [_thread_blocked, id=28152, stack(0x000000ee1bf00000,0x000000ee1c000000) (1024K)]
  0x000002cfdeb737d0 JavaThread "WorkerExecutor Queue Thread 26"        [_thread_blocked, id=51664, stack(0x000000ee1c000000,0x000000ee1c100000) (1024K)]
  0x000002cfdeb75210 JavaThread "WorkerExecutor Queue Thread 27"        [_thread_blocked, id=53124, stack(0x000000ee1c100000,0x000000ee1c200000) (1024K)]
  0x000002cfdeb73e60 JavaThread "WorkerExecutor Queue Thread 28"        [_thread_blocked, id=35224, stack(0x000000ee1c200000,0x000000ee1c300000) (1024K)]
  0x000002cfdeb744f0 JavaThread "WorkerExecutor Queue Thread 29"        [_thread_blocked, id=51236, stack(0x000000ee1c300000,0x000000ee1c400000) (1024K)]
  0x000002cfdeb72ab0 JavaThread "WorkerExecutor Queue Thread 30"        [_thread_blocked, id=54108, stack(0x000000ee1c400000,0x000000ee1c500000) (1024K)]
  0x000002cfdeb765c0 JavaThread "WorkerExecutor Queue Thread 31"        [_thread_blocked, id=62660, stack(0x000000ee1c500000,0x000000ee1c600000) (1024K)]
  0x000002cfdeb772e0 JavaThread "WorkerExecutor Queue Thread 32"        [_thread_blocked, id=56664, stack(0x000000ee1c600000,0x000000ee1c700000) (1024K)]
  0x000002cfdf884db0 JavaThread "C2 CompilerThread3"         daemon [_thread_in_native, id=58980, stack(0x000000ee1c800000,0x000000ee1c900000) (1024K)]
  0x000002cfdf881730 JavaThread "C2 CompilerThread4"         daemon [_thread_in_native, id=27184, stack(0x000000ee1c900000,0x000000ee1ca00000) (1024K)]
  0x000002cfdf885480 JavaThread "C2 CompilerThread5"         daemon [_thread_in_native, id=22616, stack(0x000000ee1ca00000,0x000000ee1cb00000) (1024K)]
Total: 461

Other Threads:
  0x000002cfcc367c70 VMThread "VM Thread"                           [id=36440, stack(0x000000ee7dc00000,0x000000ee7dd00000) (1024K)]
  0x000002cfcc310da0 WatcherThread "VM Periodic Task Thread"        [id=31544, stack(0x000000ee7db00000,0x000000ee7dc00000) (1024K)]
  0x000002cfb02c73d0 WorkerThread "GC Thread#0"                     [id=25480, stack(0x000000ee7d600000,0x000000ee7d700000) (1024K)]
  0x000002cfcceb6e30 WorkerThread "GC Thread#1"                     [id=55392, stack(0x000000ee7ea00000,0x000000ee7eb00000) (1024K)]
  0x000002cfcceb71d0 WorkerThread "GC Thread#2"                     [id=46300, stack(0x000000ee7eb00000,0x000000ee7ec00000) (1024K)]
  0x000002cfccea2f80 WorkerThread "GC Thread#3"                     [id=18188, stack(0x000000ee7ec00000,0x000000ee7ed00000) (1024K)]
  0x000002cfccea3320 WorkerThread "GC Thread#4"                     [id=61520, stack(0x000000ee7ed00000,0x000000ee7ee00000) (1024K)]
  0x000002cfccd3b710 WorkerThread "GC Thread#5"                     [id=17040, stack(0x000000ee7ee00000,0x000000ee7ef00000) (1024K)]
  0x000002cfccd3bab0 WorkerThread "GC Thread#6"                     [id=51912, stack(0x000000ee7ef00000,0x000000ee7f000000) (1024K)]
  0x000002cfccd3be50 WorkerThread "GC Thread#7"                     [id=48704, stack(0x000000ee7f000000,0x000000ee7f100000) (1024K)]
  0x000002cfcce61b40 WorkerThread "GC Thread#8"                     [id=3664, stack(0x000000ee7f100000,0x000000ee7f200000) (1024K)]
  0x000002cfd11ab3b0 WorkerThread "GC Thread#9"                     [id=34080, stack(0x000000ee7f200000,0x000000ee7f300000) (1024K)]
  0x000002cfccf9ecb0 WorkerThread "GC Thread#10"                    [id=60012, stack(0x000000ee7f300000,0x000000ee7f400000) (1024K)]
  0x000002cfccf9f050 WorkerThread "GC Thread#11"                    [id=32376, stack(0x000000ee7f400000,0x000000ee7f500000) (1024K)]
  0x000002cfccf9f790 WorkerThread "GC Thread#12"                    [id=4308, stack(0x000000ee7fe00000,0x000000ee7ff00000) (1024K)]
  0x000002cfccf9e570 WorkerThread "GC Thread#13"                    [id=40040, stack(0x000000ee7ff00000,0x000000ee80000000) (1024K)]
  0x000002cfd305cfd0 WorkerThread "GC Thread#14"                    [id=18372, stack(0x000000ee00d00000,0x000000ee00e00000) (1024K)]
  0x000002cfd3ee4860 WorkerThread "GC Thread#15"                    [id=47532, stack(0x000000ee00e00000,0x000000ee00f00000) (1024K)]
  0x000002cfd3ee6900 WorkerThread "GC Thread#16"                    [id=54112, stack(0x000000ee00f00000,0x000000ee01000000) (1024K)]
  0x000002cfd3ee4120 WorkerThread "GC Thread#17"                    [id=43492, stack(0x000000ee01000000,0x000000ee01100000) (1024K)]
  0x000002cfd3ee6ca0 WorkerThread "GC Thread#18"                    [id=50284, stack(0x000000ee01100000,0x000000ee01200000) (1024K)]
  0x000002cfd3ee5e20 WorkerThread "GC Thread#19"                    [id=44096, stack(0x000000ee01200000,0x000000ee01300000) (1024K)]
  0x000002cfd3ee5a80 WorkerThread "GC Thread#20"                    [id=59048, stack(0x000000ee01300000,0x000000ee01400000) (1024K)]
  0x000002cfd3ee61c0 WorkerThread "GC Thread#21"                    [id=21264, stack(0x000000ee01400000,0x000000ee01500000) (1024K)]
  0x000002cfd3ee73e0 WorkerThread "GC Thread#22"                    [id=51724, stack(0x000000ee01500000,0x000000ee01600000) (1024K)]
  0x000002cfb02d91c0 ConcurrentGCThread "G1 Main Marker"            [id=23832, stack(0x000000ee7d700000,0x000000ee7d800000) (1024K)]
  0x000002cfb02dabe0 WorkerThread "G1 Conc#0"                       [id=44460, stack(0x000000ee7d800000,0x000000ee7d900000) (1024K)]
  0x000002cfd305ba10 WorkerThread "G1 Conc#1"                       [id=40868, stack(0x000000ee00000000,0x000000ee00100000) (1024K)]
  0x000002cfd305d370 WorkerThread "G1 Conc#2"                       [id=27580, stack(0x000000ee00100000,0x000000ee00200000) (1024K)]
  0x000002cfd305c890 WorkerThread "G1 Conc#3"                       [id=62604, stack(0x000000ee00200000,0x000000ee00300000) (1024K)]
  0x000002cfd305bdb0 WorkerThread "G1 Conc#4"                       [id=26888, stack(0x000000ee00300000,0x000000ee00400000) (1024K)]
  0x000002cfd305c150 WorkerThread "G1 Conc#5"                       [id=27672, stack(0x000000ee00400000,0x000000ee00500000) (1024K)]
  0x000002cfcb51fa40 ConcurrentGCThread "G1 Refine#0"               [id=37924, stack(0x000000ee7d900000,0x000000ee7da00000) (1024K)]
  0x000002cfcb521270 ConcurrentGCThread "G1 Service"                [id=33556, stack(0x000000ee7da00000,0x000000ee7db00000) (1024K)]
Total: 34

Threads with active compile tasks:
C2 CompilerThread0  14533 23041 %     4       com.android.tools.r8.internal.xc0::b @ 584 (3604 bytes)
C2 CompilerThread1  14533 27398       4       com.google.common.collect.ImmutableMap$Builder::put (35 bytes)
C2 CompilerThread2  14533 23027 %     4       com.android.tools.r8.internal.l32::a @ 1821 (2024 bytes)
C2 CompilerThread3  14533 22855       4       com.android.tools.r8.internal.r31::a (3928 bytes)
C2 CompilerThread4  14533 27424   !   4       java.nio.file.FileTreeWalker::next (144 bytes)
C2 CompilerThread5  14533 23252 %     4       com.android.tools.r8.internal.l32::k @ 421 (1133 bytes)
Total: 6

VM state: not at safepoint (normal execution)

VM Mutex/Monitor currently owned by a thread: None

Heap address: 0x0000000700000000, size: 4096 MB, Compressed Oops mode: Zero based, Oop shift amount: 3

CDS archive(s) not mapped
Compressed class space mapped at: 0x0000000800000000-0x000000081a000000, reserved size: 436207616
Narrow klass base: 0x0000000800000000, Narrow klass shift: 0, Narrow klass range: 0x1a000000

GC Precious Log:
 CardTable entry size: 512
 Card Set container configuration: InlinePtr #cards 4 size 8 Array Of Cards #cards 16 size 48 Howl #buckets 8 coarsen threshold 3686 Howl Bitmap #cards 512 size 80 coarsen threshold 460 Card regions per heap region 1 cards per card region 4096
 CPUs: 32 total, 32 available
 Memory: 31934M
 Large Page Support: Disabled
 NUMA Support: Disabled
 Compressed Oops: Enabled (Zero based)
 Heap Region Size: 2M
 Heap Min Capacity: 8M
 Heap Initial Capacity: 500M
 Heap Max Capacity: 4G
 Pre-touch: Disabled
 Parallel Workers: 23
 Concurrent Workers: 6
 Concurrent Refinement Workers: 23
 Periodic GC: Disabled

Heap:
 garbage-first heap   total 999424K, used 681681K [0x0000000700000000, 0x0000000800000000)
  region size 2048K, 200 young (409600K), 20 survivors (40960K)
 Metaspace       used 183769K, committed 186432K, reserved 622592K
  class space    used 27876K, committed 29184K, reserved 425984K

Heap Regions: E=young(eden), S=young(survivor), O=old, HS=humongous(starts), HC=humongous(continues), CS=collection set, F=free, TAMS=top-at-mark-start, PB=parsable bottom
|   0|0x0000000700000000, 0x0000000700200000, 0x0000000700200000|100%|HS|  |TAMS 0x0000000700000000| PB 0x0000000700000000| Complete 
|   1|0x0000000700200000, 0x0000000700400000, 0x0000000700400000|100%|HC|  |TAMS 0x0000000700200000| PB 0x0000000700200000| Complete 
|   2|0x0000000700400000, 0x0000000700600000, 0x0000000700600000|100%| O|  |TAMS 0x0000000700400000| PB 0x0000000700400000| Untracked 
|   3|0x0000000700600000, 0x0000000700800000, 0x0000000700800000|100%| O|  |TAMS 0x0000000700600000| PB 0x0000000700600000| Untracked 
|   4|0x0000000700800000, 0x0000000700a00000, 0x0000000700a00000|100%| O|  |TAMS 0x0000000700800000| PB 0x0000000700800000| Untracked 
|   5|0x0000000700a00000, 0x0000000700c00000, 0x0000000700c00000|100%| O|  |TAMS 0x0000000700a00000| PB 0x0000000700a00000| Untracked 
|   6|0x0000000700c00000, 0x0000000700e00000, 0x0000000700e00000|100%| O|  |TAMS 0x0000000700c00000| PB 0x0000000700c00000| Untracked 
|   7|0x0000000700e00000, 0x0000000701000000, 0x0000000701000000|100%| O|  |TAMS 0x0000000700e00000| PB 0x0000000700e00000| Untracked 
|   8|0x0000000701000000, 0x0000000701200000, 0x0000000701200000|100%| O|  |TAMS 0x0000000701000000| PB 0x0000000701000000| Untracked 
|   9|0x0000000701200000, 0x0000000701400000, 0x0000000701400000|100%| O|  |TAMS 0x0000000701200000| PB 0x0000000701200000| Untracked 
|  10|0x0000000701400000, 0x0000000701600000, 0x0000000701600000|100%| O|  |TAMS 0x0000000701400000| PB 0x0000000701400000| Untracked 
|  11|0x0000000701600000, 0x0000000701800000, 0x0000000701800000|100%| O|  |TAMS 0x0000000701600000| PB 0x0000000701600000| Untracked 
|  12|0x0000000701800000, 0x0000000701a00000, 0x0000000701a00000|100%| O|  |TAMS 0x0000000701800000| PB 0x0000000701800000| Untracked 
|  13|0x0000000701a00000, 0x0000000701c00000, 0x0000000701c00000|100%|HS|  |TAMS 0x0000000701a00000| PB 0x0000000701a00000| Complete 
|  14|0x0000000701c00000, 0x0000000701e00000, 0x0000000701e00000|100%|HS|  |TAMS 0x0000000701c00000| PB 0x0000000701c00000| Complete 
|  15|0x0000000701e00000, 0x0000000702000000, 0x0000000702000000|100%| O|  |TAMS 0x0000000701e00000| PB 0x0000000701e00000| Untracked 
|  16|0x0000000702000000, 0x0000000702200000, 0x0000000702200000|100%| O|  |TAMS 0x0000000702000000| PB 0x0000000702000000| Untracked 
|  17|0x0000000702200000, 0x0000000702400000, 0x0000000702400000|100%| O|  |TAMS 0x0000000702200000| PB 0x0000000702200000| Untracked 
|  18|0x0000000702400000, 0x0000000702600000, 0x0000000702600000|100%| O|  |TAMS 0x0000000702400000| PB 0x0000000702400000| Untracked 
|  19|0x0000000702600000, 0x0000000702800000, 0x0000000702800000|100%| O|  |TAMS 0x0000000702600000| PB 0x0000000702600000| Untracked 
|  20|0x0000000702800000, 0x0000000702a00000, 0x0000000702a00000|100%| O|  |TAMS 0x0000000702800000| PB 0x0000000702800000| Untracked 
|  21|0x0000000702a00000, 0x0000000702c00000, 0x0000000702c00000|100%| O|  |TAMS 0x0000000702a00000| PB 0x0000000702a00000| Untracked 
|  22|0x0000000702c00000, 0x0000000702e00000, 0x0000000702e00000|100%| O|  |TAMS 0x0000000702c00000| PB 0x0000000702c00000| Untracked 
|  23|0x0000000702e00000, 0x0000000703000000, 0x0000000703000000|100%| O|  |TAMS 0x0000000702e00000| PB 0x0000000702e00000| Untracked 
|  24|0x0000000703000000, 0x0000000703200000, 0x0000000703200000|100%| O|  |TAMS 0x0000000703000000| PB 0x0000000703000000| Untracked 
|  25|0x0000000703200000, 0x0000000703400000, 0x0000000703400000|100%|HS|  |TAMS 0x0000000703200000| PB 0x0000000703200000| Complete 
|  26|0x0000000703400000, 0x0000000703600000, 0x0000000703600000|100%| O|  |TAMS 0x0000000703400000| PB 0x0000000703400000| Untracked 
|  27|0x0000000703600000, 0x0000000703800000, 0x0000000703800000|100%| O|  |TAMS 0x0000000703600000| PB 0x0000000703600000| Untracked 
|  28|0x0000000703800000, 0x0000000703a00000, 0x0000000703a00000|100%| O|  |TAMS 0x0000000703800000| PB 0x0000000703800000| Untracked 
|  29|0x0000000703a00000, 0x0000000703c00000, 0x0000000703c00000|100%| O|  |TAMS 0x0000000703a00000| PB 0x0000000703a00000| Untracked 
|  30|0x0000000703c00000, 0x0000000703e00000, 0x0000000703e00000|100%| O|  |TAMS 0x0000000703c00000| PB 0x0000000703c00000| Untracked 
|  31|0x0000000703e00000, 0x0000000704000000, 0x0000000704000000|100%| O|  |TAMS 0x0000000703e00000| PB 0x0000000703e00000| Untracked 
|  32|0x0000000704000000, 0x0000000704200000, 0x0000000704200000|100%| O|  |TAMS 0x0000000704000000| PB 0x0000000704000000| Untracked 
|  33|0x0000000704200000, 0x0000000704400000, 0x0000000704400000|100%| O|  |TAMS 0x0000000704200000| PB 0x0000000704200000| Untracked 
|  34|0x0000000704400000, 0x0000000704600000, 0x0000000704600000|100%| O|  |TAMS 0x0000000704400000| PB 0x0000000704400000| Untracked 
|  35|0x0000000704600000, 0x0000000704800000, 0x0000000704800000|100%| O|  |TAMS 0x0000000704600000| PB 0x0000000704600000| Untracked 
|  36|0x0000000704800000, 0x0000000704a00000, 0x0000000704a00000|100%| O|  |TAMS 0x0000000704800000| PB 0x0000000704800000| Untracked 
|  37|0x0000000704a00000, 0x0000000704c00000, 0x0000000704c00000|100%| O|  |TAMS 0x0000000704a00000| PB 0x0000000704a00000| Untracked 
|  38|0x0000000704c00000, 0x0000000704e00000, 0x0000000704e00000|100%| O|  |TAMS 0x0000000704c00000| PB 0x0000000704c00000| Untracked 
|  39|0x0000000704e00000, 0x0000000705000000, 0x0000000705000000|100%| O|  |TAMS 0x0000000704e00000| PB 0x0000000704e00000| Untracked 
|  40|0x0000000705000000, 0x0000000705200000, 0x0000000705200000|100%| O|  |TAMS 0x0000000705000000| PB 0x0000000705000000| Untracked 
|  41|0x0000000705200000, 0x0000000705400000, 0x0000000705400000|100%| O|  |TAMS 0x0000000705200000| PB 0x0000000705200000| Untracked 
|  42|0x0000000705400000, 0x0000000705600000, 0x0000000705600000|100%| O|  |TAMS 0x0000000705400000| PB 0x0000000705400000| Untracked 
|  43|0x0000000705600000, 0x0000000705800000, 0x0000000705800000|100%| O|  |TAMS 0x0000000705600000| PB 0x0000000705600000| Untracked 
|  44|0x0000000705800000, 0x0000000705a00000, 0x0000000705a00000|100%| O|  |TAMS 0x0000000705800000| PB 0x0000000705800000| Untracked 
|  45|0x0000000705a00000, 0x0000000705c00000, 0x0000000705c00000|100%| O|  |TAMS 0x0000000705a00000| PB 0x0000000705a00000| Untracked 
|  46|0x0000000705c00000, 0x0000000705e00000, 0x0000000705e00000|100%| O|  |TAMS 0x0000000705c00000| PB 0x0000000705c00000| Untracked 
|  47|0x0000000705e00000, 0x0000000706000000, 0x0000000706000000|100%| O|  |TAMS 0x0000000705e00000| PB 0x0000000705e00000| Untracked 
|  48|0x0000000706000000, 0x0000000706200000, 0x0000000706200000|100%| O|  |TAMS 0x0000000706000000| PB 0x0000000706000000| Untracked 
|  49|0x0000000706200000, 0x0000000706400000, 0x0000000706400000|100%| O|  |TAMS 0x0000000706200000| PB 0x0000000706200000| Untracked 
|  50|0x0000000706400000, 0x0000000706600000, 0x0000000706600000|100%| O|  |TAMS 0x0000000706400000| PB 0x0000000706400000| Untracked 
|  51|0x0000000706600000, 0x0000000706800000, 0x0000000706800000|100%| O|  |TAMS 0x0000000706600000| PB 0x0000000706600000| Untracked 
|  52|0x0000000706800000, 0x0000000706a00000, 0x0000000706a00000|100%| O|  |TAMS 0x0000000706800000| PB 0x0000000706800000| Untracked 
|  53|0x0000000706a00000, 0x0000000706c00000, 0x0000000706c00000|100%| O|  |TAMS 0x0000000706a00000| PB 0x0000000706a00000| Untracked 
|  54|0x0000000706c00000, 0x0000000706e00000, 0x0000000706e00000|100%| O|  |TAMS 0x0000000706c00000| PB 0x0000000706c00000| Untracked 
|  55|0x0000000706e00000, 0x0000000707000000, 0x0000000707000000|100%| O|  |TAMS 0x0000000706e00000| PB 0x0000000706e00000| Untracked 
|  56|0x0000000707000000, 0x0000000707200000, 0x0000000707200000|100%| O|  |TAMS 0x0000000707000000| PB 0x0000000707000000| Untracked 
|  57|0x0000000707200000, 0x0000000707400000, 0x0000000707400000|100%| O|  |TAMS 0x0000000707200000| PB 0x0000000707200000| Untracked 
|  58|0x0000000707400000, 0x0000000707600000, 0x0000000707600000|100%| O|  |TAMS 0x0000000707400000| PB 0x0000000707400000| Untracked 
|  59|0x0000000707600000, 0x0000000707800000, 0x0000000707800000|100%| O|  |TAMS 0x0000000707600000| PB 0x0000000707600000| Untracked 
|  60|0x0000000707800000, 0x0000000707a00000, 0x0000000707a00000|100%| O|  |TAMS 0x0000000707800000| PB 0x0000000707800000| Untracked 
|  61|0x0000000707a00000, 0x0000000707c00000, 0x0000000707c00000|100%| O|  |TAMS 0x0000000707a00000| PB 0x0000000707a00000| Untracked 
|  62|0x0000000707c00000, 0x0000000707e00000, 0x0000000707e00000|100%| O|  |TAMS 0x0000000707c00000| PB 0x0000000707c00000| Untracked 
|  63|0x0000000707e00000, 0x0000000708000000, 0x0000000708000000|100%| O|  |TAMS 0x0000000707e00000| PB 0x0000000707e00000| Untracked 
|  64|0x0000000708000000, 0x0000000708200000, 0x0000000708200000|100%| O|  |TAMS 0x0000000708000000| PB 0x0000000708000000| Untracked 
|  65|0x0000000708200000, 0x0000000708400000, 0x0000000708400000|100%| O|  |TAMS 0x0000000708200000| PB 0x0000000708200000| Untracked 
|  66|0x0000000708400000, 0x0000000708600000, 0x0000000708600000|100%| O|  |TAMS 0x0000000708400000| PB 0x0000000708400000| Untracked 
|  67|0x0000000708600000, 0x0000000708800000, 0x0000000708800000|100%| O|  |TAMS 0x0000000708600000| PB 0x0000000708600000| Untracked 
|  68|0x0000000708800000, 0x0000000708800000, 0x0000000708a00000|  0%| F|  |TAMS 0x0000000708800000| PB 0x0000000708800000| Untracked 
|  69|0x0000000708a00000, 0x0000000708c00000, 0x0000000708c00000|100%| O|  |TAMS 0x0000000708a00000| PB 0x0000000708a00000| Untracked 
|  70|0x0000000708c00000, 0x0000000708e00000, 0x0000000708e00000|100%| O|  |TAMS 0x0000000708c00000| PB 0x0000000708c00000| Untracked 
|  71|0x0000000708e00000, 0x0000000709000000, 0x0000000709000000|100%| O|  |TAMS 0x0000000708e00000| PB 0x0000000708e00000| Untracked 
|  72|0x0000000709000000, 0x0000000709200000, 0x0000000709200000|100%| O|  |TAMS 0x0000000709000000| PB 0x0000000709000000| Untracked 
|  73|0x0000000709200000, 0x0000000709400000, 0x0000000709400000|100%| O|  |TAMS 0x0000000709200000| PB 0x0000000709200000| Untracked 
|  74|0x0000000709400000, 0x0000000709600000, 0x0000000709600000|100%| O|  |TAMS 0x0000000709400000| PB 0x0000000709400000| Untracked 
|  75|0x0000000709600000, 0x0000000709800000, 0x0000000709800000|100%| O|  |TAMS 0x0000000709600000| PB 0x0000000709600000| Untracked 
|  76|0x0000000709800000, 0x0000000709a00000, 0x0000000709a00000|100%| O|  |TAMS 0x0000000709800000| PB 0x0000000709800000| Untracked 
|  77|0x0000000709a00000, 0x0000000709a00000, 0x0000000709c00000|  0%| F|  |TAMS 0x0000000709a00000| PB 0x0000000709a00000| Untracked 
|  78|0x0000000709c00000, 0x0000000709c00000, 0x0000000709e00000|  0%| F|  |TAMS 0x0000000709c00000| PB 0x0000000709c00000| Untracked 
|  79|0x0000000709e00000, 0x000000070a000000, 0x000000070a000000|100%| O|  |TAMS 0x0000000709e00000| PB 0x0000000709e00000| Untracked 
|  80|0x000000070a000000, 0x000000070a200000, 0x000000070a200000|100%| O|  |TAMS 0x000000070a000000| PB 0x000000070a000000| Untracked 
|  81|0x000000070a200000, 0x000000070a400000, 0x000000070a400000|100%| O|  |TAMS 0x000000070a200000| PB 0x000000070a200000| Untracked 
|  82|0x000000070a400000, 0x000000070a600000, 0x000000070a600000|100%| O|  |TAMS 0x000000070a400000| PB 0x000000070a400000| Untracked 
|  83|0x000000070a600000, 0x000000070a800000, 0x000000070a800000|100%| O|  |TAMS 0x000000070a600000| PB 0x000000070a600000| Untracked 
|  84|0x000000070a800000, 0x000000070aa00000, 0x000000070aa00000|100%| O|  |TAMS 0x000000070a800000| PB 0x000000070a800000| Untracked 
|  85|0x000000070aa00000, 0x000000070ac00000, 0x000000070ac00000|100%| O|  |TAMS 0x000000070aa00000| PB 0x000000070aa00000| Untracked 
|  86|0x000000070ac00000, 0x000000070ac00000, 0x000000070ae00000|  0%| F|  |TAMS 0x000000070ac00000| PB 0x000000070ac00000| Untracked 
|  87|0x000000070ae00000, 0x000000070ae00000, 0x000000070b000000|  0%| F|  |TAMS 0x000000070ae00000| PB 0x000000070ae00000| Untracked 
|  88|0x000000070b000000, 0x000000070b200000, 0x000000070b200000|100%| O|  |TAMS 0x000000070b000000| PB 0x000000070b000000| Untracked 
|  89|0x000000070b200000, 0x000000070b400000, 0x000000070b400000|100%| O|  |TAMS 0x000000070b200000| PB 0x000000070b200000| Untracked 
|  90|0x000000070b400000, 0x000000070b600000, 0x000000070b600000|100%| O|  |TAMS 0x000000070b400000| PB 0x000000070b400000| Untracked 
|  91|0x000000070b600000, 0x000000070b800000, 0x000000070b800000|100%| O|  |TAMS 0x000000070b600000| PB 0x000000070b600000| Untracked 
|  92|0x000000070b800000, 0x000000070ba00000, 0x000000070ba00000|100%| O|  |TAMS 0x000000070b800000| PB 0x000000070b800000| Untracked 
|  93|0x000000070ba00000, 0x000000070bc00000, 0x000000070bc00000|100%| O|  |TAMS 0x000000070ba00000| PB 0x000000070ba00000| Untracked 
|  94|0x000000070bc00000, 0x000000070be00000, 0x000000070be00000|100%| O|  |TAMS 0x000000070bc00000| PB 0x000000070bc00000| Untracked 
|  95|0x000000070be00000, 0x000000070c000000, 0x000000070c000000|100%| O|  |TAMS 0x000000070be00000| PB 0x000000070be00000| Untracked 
|  96|0x000000070c000000, 0x000000070c200000, 0x000000070c200000|100%| O|  |TAMS 0x000000070c000000| PB 0x000000070c000000| Untracked 
|  97|0x000000070c200000, 0x000000070c400000, 0x000000070c400000|100%| O|  |TAMS 0x000000070c200000| PB 0x000000070c200000| Untracked 
|  98|0x000000070c400000, 0x000000070c400000, 0x000000070c600000|  0%| F|  |TAMS 0x000000070c400000| PB 0x000000070c400000| Untracked 
|  99|0x000000070c600000, 0x000000070c800000, 0x000000070c800000|100%| O|  |TAMS 0x000000070c600000| PB 0x000000070c600000| Untracked 
| 100|0x000000070c800000, 0x000000070ca00000, 0x000000070ca00000|100%| O|  |TAMS 0x000000070c800000| PB 0x000000070c800000| Untracked 
| 101|0x000000070ca00000, 0x000000070cc00000, 0x000000070cc00000|100%| O|  |TAMS 0x000000070ca00000| PB 0x000000070ca00000| Untracked 
| 102|0x000000070cc00000, 0x000000070ce00000, 0x000000070ce00000|100%| O|  |TAMS 0x000000070cc00000| PB 0x000000070cc00000| Untracked 
| 103|0x000000070ce00000, 0x000000070d000000, 0x000000070d000000|100%| O|  |TAMS 0x000000070ce00000| PB 0x000000070ce00000| Untracked 
| 104|0x000000070d000000, 0x000000070d200000, 0x000000070d200000|100%| O|  |TAMS 0x000000070d000000| PB 0x000000070d000000| Untracked 
| 105|0x000000070d200000, 0x000000070d400000, 0x000000070d400000|100%| O|  |TAMS 0x000000070d200000| PB 0x000000070d200000| Untracked 
| 106|0x000000070d400000, 0x000000070d600000, 0x000000070d600000|100%| O|  |TAMS 0x000000070d400000| PB 0x000000070d400000| Untracked 
| 107|0x000000070d600000, 0x000000070d600000, 0x000000070d800000|  0%| F|  |TAMS 0x000000070d600000| PB 0x000000070d600000| Untracked 
| 108|0x000000070d800000, 0x000000070da00000, 0x000000070da00000|100%| O|  |TAMS 0x000000070d800000| PB 0x000000070d800000| Untracked 
| 109|0x000000070da00000, 0x000000070dc00000, 0x000000070dc00000|100%| O|  |TAMS 0x000000070da00000| PB 0x000000070da00000| Untracked 
| 110|0x000000070dc00000, 0x000000070de00000, 0x000000070de00000|100%| O|  |TAMS 0x000000070dc00000| PB 0x000000070dc00000| Untracked 
| 111|0x000000070de00000, 0x000000070e000000, 0x000000070e000000|100%| O|  |TAMS 0x000000070de00000| PB 0x000000070de00000| Untracked 
| 112|0x000000070e000000, 0x000000070e200000, 0x000000070e200000|100%| O|  |TAMS 0x000000070e000000| PB 0x000000070e000000| Untracked 
| 113|0x000000070e200000, 0x000000070e400000, 0x000000070e400000|100%| O|  |TAMS 0x000000070e200000| PB 0x000000070e200000| Untracked 
| 114|0x000000070e400000, 0x000000070e600000, 0x000000070e600000|100%| O|  |TAMS 0x000000070e400000| PB 0x000000070e400000| Untracked 
| 115|0x000000070e600000, 0x000000070e800000, 0x000000070e800000|100%| O|  |TAMS 0x000000070e600000| PB 0x000000070e600000| Untracked 
| 116|0x000000070e800000, 0x000000070ea00000, 0x000000070ea00000|100%| O|  |TAMS 0x000000070e800000| PB 0x000000070e800000| Untracked 
| 117|0x000000070ea00000, 0x000000070ec00000, 0x000000070ec00000|100%| O|  |TAMS 0x000000070ea00000| PB 0x000000070ea00000| Untracked 
| 118|0x000000070ec00000, 0x000000070ee00000, 0x000000070ee00000|100%| O|  |TAMS 0x000000070ec00000| PB 0x000000070ec00000| Untracked 
| 119|0x000000070ee00000, 0x000000070f000000, 0x000000070f000000|100%| O|  |TAMS 0x000000070ee00000| PB 0x000000070ee00000| Untracked 
| 120|0x000000070f000000, 0x000000070f200000, 0x000000070f200000|100%| O|  |TAMS 0x000000070f000000| PB 0x000000070f000000| Untracked 
| 121|0x000000070f200000, 0x000000070f400000, 0x000000070f400000|100%| O|  |TAMS 0x000000070f200000| PB 0x000000070f200000| Untracked 
| 122|0x000000070f400000, 0x000000070f600000, 0x000000070f600000|100%| O|  |TAMS 0x000000070f400000| PB 0x000000070f400000| Untracked 
| 123|0x000000070f600000, 0x000000070f800000, 0x000000070f800000|100%| O|  |TAMS 0x000000070f600000| PB 0x000000070f600000| Untracked 
| 124|0x000000070f800000, 0x000000070fa00000, 0x000000070fa00000|100%| O|  |TAMS 0x000000070f800000| PB 0x000000070f800000| Untracked 
| 125|0x000000070fa00000, 0x000000070fc00000, 0x000000070fc00000|100%| O|  |TAMS 0x000000070fa00000| PB 0x000000070fa00000| Untracked 
| 126|0x000000070fc00000, 0x000000070fe00000, 0x000000070fe00000|100%| O|  |TAMS 0x000000070fc00000| PB 0x000000070fc00000| Untracked 
| 127|0x000000070fe00000, 0x0000000710000000, 0x0000000710000000|100%| O|  |TAMS 0x000000070fe00000| PB 0x000000070fe00000| Untracked 
| 128|0x0000000710000000, 0x0000000710200000, 0x0000000710200000|100%| O|  |TAMS 0x0000000710000000| PB 0x0000000710000000| Untracked 
| 129|0x0000000710200000, 0x0000000710400000, 0x0000000710400000|100%| O|  |TAMS 0x0000000710200000| PB 0x0000000710200000| Untracked 
| 130|0x0000000710400000, 0x0000000710400000, 0x0000000710600000|  0%| F|  |TAMS 0x0000000710400000| PB 0x0000000710400000| Untracked 
| 131|0x0000000710600000, 0x0000000710800000, 0x0000000710800000|100%| O|  |TAMS 0x0000000710600000| PB 0x0000000710600000| Untracked 
| 132|0x0000000710800000, 0x0000000710a00000, 0x0000000710a00000|100%| O|  |TAMS 0x0000000710800000| PB 0x0000000710800000| Untracked 
| 133|0x0000000710a00000, 0x0000000710c00000, 0x0000000710c00000|100%| O|  |TAMS 0x0000000710a00000| PB 0x0000000710a00000| Untracked 
| 134|0x0000000710c00000, 0x0000000710df5910, 0x0000000710e00000| 97%| O|  |TAMS 0x0000000710c00000| PB 0x0000000710c00000| Untracked 
| 135|0x0000000710e00000, 0x0000000710e00000, 0x0000000711000000|  0%| F|  |TAMS 0x0000000710e00000| PB 0x0000000710e00000| Untracked 
| 136|0x0000000711000000, 0x0000000711000000, 0x0000000711200000|  0%| F|  |TAMS 0x0000000711000000| PB 0x0000000711000000| Untracked 
| 137|0x0000000711200000, 0x0000000711200000, 0x0000000711400000|  0%| F|  |TAMS 0x0000000711200000| PB 0x0000000711200000| Untracked 
| 138|0x0000000711400000, 0x0000000711400000, 0x0000000711600000|  0%| F|  |TAMS 0x0000000711400000| PB 0x0000000711400000| Untracked 
| 139|0x0000000711600000, 0x0000000711600000, 0x0000000711800000|  0%| F|  |TAMS 0x0000000711600000| PB 0x0000000711600000| Untracked 
| 140|0x0000000711800000, 0x0000000711800000, 0x0000000711a00000|  0%| F|  |TAMS 0x0000000711800000| PB 0x0000000711800000| Untracked 
| 141|0x0000000711a00000, 0x0000000711a00000, 0x0000000711c00000|  0%| F|  |TAMS 0x0000000711a00000| PB 0x0000000711a00000| Untracked 
| 142|0x0000000711c00000, 0x0000000711c00000, 0x0000000711e00000|  0%| F|  |TAMS 0x0000000711c00000| PB 0x0000000711c00000| Untracked 
| 143|0x0000000711e00000, 0x0000000711e00000, 0x0000000712000000|  0%| F|  |TAMS 0x0000000711e00000| PB 0x0000000711e00000| Untracked 
| 144|0x0000000712000000, 0x0000000712000000, 0x0000000712200000|  0%| F|  |TAMS 0x0000000712000000| PB 0x0000000712000000| Untracked 
| 145|0x0000000712200000, 0x0000000712200000, 0x0000000712400000|  0%| F|  |TAMS 0x0000000712200000| PB 0x0000000712200000| Untracked 
| 146|0x0000000712400000, 0x0000000712400000, 0x0000000712600000|  0%| F|  |TAMS 0x0000000712400000| PB 0x0000000712400000| Untracked 
| 147|0x0000000712600000, 0x0000000712600000, 0x0000000712800000|  0%| F|  |TAMS 0x0000000712600000| PB 0x0000000712600000| Untracked 
| 148|0x0000000712800000, 0x0000000712800000, 0x0000000712a00000|  0%| F|  |TAMS 0x0000000712800000| PB 0x0000000712800000| Untracked 
| 149|0x0000000712a00000, 0x0000000712a00000, 0x0000000712c00000|  0%| F|  |TAMS 0x0000000712a00000| PB 0x0000000712a00000| Untracked 
| 150|0x0000000712c00000, 0x0000000712c00000, 0x0000000712e00000|  0%| F|  |TAMS 0x0000000712c00000| PB 0x0000000712c00000| Untracked 
| 151|0x0000000712e00000, 0x0000000712e00000, 0x0000000713000000|  0%| F|  |TAMS 0x0000000712e00000| PB 0x0000000712e00000| Untracked 
| 152|0x0000000713000000, 0x0000000713000000, 0x0000000713200000|  0%| F|  |TAMS 0x0000000713000000| PB 0x0000000713000000| Untracked 
| 153|0x0000000713200000, 0x0000000713200000, 0x0000000713400000|  0%| F|  |TAMS 0x0000000713200000| PB 0x0000000713200000| Untracked 
| 154|0x0000000713400000, 0x0000000713400000, 0x0000000713600000|  0%| F|  |TAMS 0x0000000713400000| PB 0x0000000713400000| Untracked 
| 155|0x0000000713600000, 0x0000000713600000, 0x0000000713800000|  0%| F|  |TAMS 0x0000000713600000| PB 0x0000000713600000| Untracked 
| 156|0x0000000713800000, 0x0000000713800000, 0x0000000713a00000|  0%| F|  |TAMS 0x0000000713800000| PB 0x0000000713800000| Untracked 
| 157|0x0000000713a00000, 0x0000000713a00000, 0x0000000713c00000|  0%| F|  |TAMS 0x0000000713a00000| PB 0x0000000713a00000| Untracked 
| 158|0x0000000713c00000, 0x0000000713c00000, 0x0000000713e00000|  0%| F|  |TAMS 0x0000000713c00000| PB 0x0000000713c00000| Untracked 
| 159|0x0000000713e00000, 0x0000000713e00000, 0x0000000714000000|  0%| F|  |TAMS 0x0000000713e00000| PB 0x0000000713e00000| Untracked 
| 160|0x0000000714000000, 0x0000000714000000, 0x0000000714200000|  0%| F|  |TAMS 0x0000000714000000| PB 0x0000000714000000| Untracked 
| 161|0x0000000714200000, 0x0000000714200000, 0x0000000714400000|  0%| F|  |TAMS 0x0000000714200000| PB 0x0000000714200000| Untracked 
| 162|0x0000000714400000, 0x0000000714400000, 0x0000000714600000|  0%| F|  |TAMS 0x0000000714400000| PB 0x0000000714400000| Untracked 
| 163|0x0000000714600000, 0x0000000714600000, 0x0000000714800000|  0%| F|  |TAMS 0x0000000714600000| PB 0x0000000714600000| Untracked 
| 164|0x0000000714800000, 0x0000000714800000, 0x0000000714a00000|  0%| F|  |TAMS 0x0000000714800000| PB 0x0000000714800000| Untracked 
| 165|0x0000000714a00000, 0x0000000714a00000, 0x0000000714c00000|  0%| F|  |TAMS 0x0000000714a00000| PB 0x0000000714a00000| Untracked 
| 166|0x0000000714c00000, 0x0000000714c00000, 0x0000000714e00000|  0%| F|  |TAMS 0x0000000714c00000| PB 0x0000000714c00000| Untracked 
| 167|0x0000000714e00000, 0x0000000714e00000, 0x0000000715000000|  0%| F|  |TAMS 0x0000000714e00000| PB 0x0000000714e00000| Untracked 
| 168|0x0000000715000000, 0x00000007151bed80, 0x0000000715200000| 87%| S|CS|TAMS 0x0000000715000000| PB 0x0000000715000000| Complete 
| 169|0x0000000715200000, 0x0000000715200000, 0x0000000715400000|  0%| F|  |TAMS 0x0000000715200000| PB 0x0000000715200000| Untracked 
| 170|0x0000000715400000, 0x0000000715600000, 0x0000000715600000|100%| S|CS|TAMS 0x0000000715400000| PB 0x0000000715400000| Complete 
| 171|0x0000000715600000, 0x0000000715800000, 0x0000000715800000|100%| S|CS|TAMS 0x0000000715600000| PB 0x0000000715600000| Complete 
| 172|0x0000000715800000, 0x0000000715a00000, 0x0000000715a00000|100%| S|CS|TAMS 0x0000000715800000| PB 0x0000000715800000| Complete 
| 173|0x0000000715a00000, 0x0000000715c00000, 0x0000000715c00000|100%| S|CS|TAMS 0x0000000715a00000| PB 0x0000000715a00000| Complete 
| 174|0x0000000715c00000, 0x0000000715e00000, 0x0000000715e00000|100%| S|CS|TAMS 0x0000000715c00000| PB 0x0000000715c00000| Complete 
| 175|0x0000000715e00000, 0x0000000716000000, 0x0000000716000000|100%| S|CS|TAMS 0x0000000715e00000| PB 0x0000000715e00000| Complete 
| 176|0x0000000716000000, 0x0000000716200000, 0x0000000716200000|100%| S|CS|TAMS 0x0000000716000000| PB 0x0000000716000000| Complete 
| 177|0x0000000716200000, 0x0000000716400000, 0x0000000716400000|100%| S|CS|TAMS 0x0000000716200000| PB 0x0000000716200000| Complete 
| 178|0x0000000716400000, 0x0000000716600000, 0x0000000716600000|100%| S|CS|TAMS 0x0000000716400000| PB 0x0000000716400000| Complete 
| 179|0x0000000716600000, 0x0000000716800000, 0x0000000716800000|100%| S|CS|TAMS 0x0000000716600000| PB 0x0000000716600000| Complete 
| 180|0x0000000716800000, 0x0000000716a00000, 0x0000000716a00000|100%| S|CS|TAMS 0x0000000716800000| PB 0x0000000716800000| Complete 
| 181|0x0000000716a00000, 0x0000000716c00000, 0x0000000716c00000|100%| S|CS|TAMS 0x0000000716a00000| PB 0x0000000716a00000| Complete 
| 182|0x0000000716c00000, 0x0000000716e00000, 0x0000000716e00000|100%| S|CS|TAMS 0x0000000716c00000| PB 0x0000000716c00000| Complete 
| 183|0x0000000716e00000, 0x0000000717000000, 0x0000000717000000|100%| S|CS|TAMS 0x0000000716e00000| PB 0x0000000716e00000| Complete 
| 184|0x0000000717000000, 0x0000000717200000, 0x0000000717200000|100%| S|CS|TAMS 0x0000000717000000| PB 0x0000000717000000| Complete 
| 185|0x0000000717200000, 0x0000000717400000, 0x0000000717400000|100%| S|CS|TAMS 0x0000000717200000| PB 0x0000000717200000| Complete 
| 186|0x0000000717400000, 0x0000000717400000, 0x0000000717600000|  0%| F|  |TAMS 0x0000000717400000| PB 0x0000000717400000| Untracked 
| 187|0x0000000717600000, 0x0000000717600000, 0x0000000717800000|  0%| F|  |TAMS 0x0000000717600000| PB 0x0000000717600000| Untracked 
| 188|0x0000000717800000, 0x0000000717800000, 0x0000000717a00000|  0%| F|  |TAMS 0x0000000717800000| PB 0x0000000717800000| Untracked 
| 189|0x0000000717a00000, 0x0000000717a00000, 0x0000000717c00000|  0%| F|  |TAMS 0x0000000717a00000| PB 0x0000000717a00000| Untracked 
| 190|0x0000000717c00000, 0x0000000717c00000, 0x0000000717e00000|  0%| F|  |TAMS 0x0000000717c00000| PB 0x0000000717c00000| Untracked 
| 191|0x0000000717e00000, 0x0000000717e00000, 0x0000000718000000|  0%| F|  |TAMS 0x0000000717e00000| PB 0x0000000717e00000| Untracked 
| 192|0x0000000718000000, 0x0000000718000000, 0x0000000718200000|  0%| F|  |TAMS 0x0000000718000000| PB 0x0000000718000000| Untracked 
| 193|0x0000000718200000, 0x0000000718200000, 0x0000000718400000|  0%| F|  |TAMS 0x0000000718200000| PB 0x0000000718200000| Untracked 
| 194|0x0000000718400000, 0x0000000718400000, 0x0000000718600000|  0%| F|  |TAMS 0x0000000718400000| PB 0x0000000718400000| Untracked 
| 195|0x0000000718600000, 0x0000000718600000, 0x0000000718800000|  0%| F|  |TAMS 0x0000000718600000| PB 0x0000000718600000| Untracked 
| 196|0x0000000718800000, 0x0000000718800000, 0x0000000718a00000|  0%| F|  |TAMS 0x0000000718800000| PB 0x0000000718800000| Untracked 
| 197|0x0000000718a00000, 0x0000000718a00000, 0x0000000718c00000|  0%| F|  |TAMS 0x0000000718a00000| PB 0x0000000718a00000| Untracked 
| 198|0x0000000718c00000, 0x0000000718c00000, 0x0000000718e00000|  0%| F|  |TAMS 0x0000000718c00000| PB 0x0000000718c00000| Untracked 
| 199|0x0000000718e00000, 0x0000000718e00000, 0x0000000719000000|  0%| F|  |TAMS 0x0000000718e00000| PB 0x0000000718e00000| Untracked 
| 200|0x0000000719000000, 0x0000000719000000, 0x0000000719200000|  0%| F|  |TAMS 0x0000000719000000| PB 0x0000000719000000| Untracked 
| 201|0x0000000719200000, 0x0000000719200000, 0x0000000719400000|  0%| F|  |TAMS 0x0000000719200000| PB 0x0000000719200000| Untracked 
| 202|0x0000000719400000, 0x0000000719400000, 0x0000000719600000|  0%| F|  |TAMS 0x0000000719400000| PB 0x0000000719400000| Untracked 
| 203|0x0000000719600000, 0x0000000719600000, 0x0000000719800000|  0%| F|  |TAMS 0x0000000719600000| PB 0x0000000719600000| Untracked 
| 204|0x0000000719800000, 0x0000000719a00000, 0x0000000719a00000|100%| S|CS|TAMS 0x0000000719800000| PB 0x0000000719800000| Complete 
| 205|0x0000000719a00000, 0x0000000719c00000, 0x0000000719c00000|100%| S|CS|TAMS 0x0000000719a00000| PB 0x0000000719a00000| Complete 
| 206|0x0000000719c00000, 0x0000000719e00000, 0x0000000719e00000|100%| S|CS|TAMS 0x0000000719c00000| PB 0x0000000719c00000| Complete 
| 207|0x0000000719e00000, 0x0000000719e00000, 0x000000071a000000|  0%| F|  |TAMS 0x0000000719e00000| PB 0x0000000719e00000| Untracked 
| 208|0x000000071a000000, 0x000000071a000000, 0x000000071a200000|  0%| F|  |TAMS 0x000000071a000000| PB 0x000000071a000000| Untracked 
| 209|0x000000071a200000, 0x000000071a200000, 0x000000071a400000|  0%| F|  |TAMS 0x000000071a200000| PB 0x000000071a200000| Untracked 
| 210|0x000000071a400000, 0x000000071a400000, 0x000000071a600000|  0%| F|  |TAMS 0x000000071a400000| PB 0x000000071a400000| Untracked 
| 211|0x000000071a600000, 0x000000071a600000, 0x000000071a800000|  0%| F|  |TAMS 0x000000071a600000| PB 0x000000071a600000| Untracked 
| 212|0x000000071a800000, 0x000000071a800000, 0x000000071aa00000|  0%| F|  |TAMS 0x000000071a800000| PB 0x000000071a800000| Untracked 
| 213|0x000000071aa00000, 0x000000071aa00000, 0x000000071ac00000|  0%| F|  |TAMS 0x000000071aa00000| PB 0x000000071aa00000| Untracked 
| 214|0x000000071ac00000, 0x000000071ac00000, 0x000000071ae00000|  0%| F|  |TAMS 0x000000071ac00000| PB 0x000000071ac00000| Untracked 
| 215|0x000000071ae00000, 0x000000071ae00000, 0x000000071b000000|  0%| F|  |TAMS 0x000000071ae00000| PB 0x000000071ae00000| Untracked 
| 216|0x000000071b000000, 0x000000071b000000, 0x000000071b200000|  0%| F|  |TAMS 0x000000071b000000| PB 0x000000071b000000| Untracked 
| 217|0x000000071b200000, 0x000000071b200000, 0x000000071b400000|  0%| F|  |TAMS 0x000000071b200000| PB 0x000000071b200000| Untracked 
| 218|0x000000071b400000, 0x000000071b400000, 0x000000071b600000|  0%| F|  |TAMS 0x000000071b400000| PB 0x000000071b400000| Untracked 
| 219|0x000000071b600000, 0x000000071b600000, 0x000000071b800000|  0%| F|  |TAMS 0x000000071b600000| PB 0x000000071b600000| Untracked 
| 220|0x000000071b800000, 0x000000071b800000, 0x000000071ba00000|  0%| F|  |TAMS 0x000000071b800000| PB 0x000000071b800000| Untracked 
| 221|0x000000071ba00000, 0x000000071ba00000, 0x000000071bc00000|  0%| F|  |TAMS 0x000000071ba00000| PB 0x000000071ba00000| Untracked 
| 222|0x000000071bc00000, 0x000000071bc00000, 0x000000071be00000|  0%| F|  |TAMS 0x000000071bc00000| PB 0x000000071bc00000| Untracked 
| 223|0x000000071be00000, 0x000000071be00000, 0x000000071c000000|  0%| F|  |TAMS 0x000000071be00000| PB 0x000000071be00000| Untracked 
| 224|0x000000071c000000, 0x000000071c000000, 0x000000071c200000|  0%| F|  |TAMS 0x000000071c000000| PB 0x000000071c000000| Untracked 
| 225|0x000000071c200000, 0x000000071c200000, 0x000000071c400000|  0%| F|  |TAMS 0x000000071c200000| PB 0x000000071c200000| Untracked 
| 226|0x000000071c400000, 0x000000071c400000, 0x000000071c600000|  0%| F|  |TAMS 0x000000071c400000| PB 0x000000071c400000| Untracked 
| 227|0x000000071c600000, 0x000000071c600000, 0x000000071c800000|  0%| F|  |TAMS 0x000000071c600000| PB 0x000000071c600000| Untracked 
| 228|0x000000071c800000, 0x000000071c800000, 0x000000071ca00000|  0%| F|  |TAMS 0x000000071c800000| PB 0x000000071c800000| Untracked 
| 229|0x000000071ca00000, 0x000000071ca00000, 0x000000071cc00000|  0%| F|  |TAMS 0x000000071ca00000| PB 0x000000071ca00000| Untracked 
| 230|0x000000071cc00000, 0x000000071cc00000, 0x000000071ce00000|  0%| F|  |TAMS 0x000000071cc00000| PB 0x000000071cc00000| Untracked 
| 231|0x000000071ce00000, 0x000000071ce00000, 0x000000071d000000|  0%| F|  |TAMS 0x000000071ce00000| PB 0x000000071ce00000| Untracked 
| 232|0x000000071d000000, 0x000000071d000000, 0x000000071d200000|  0%| F|  |TAMS 0x000000071d000000| PB 0x000000071d000000| Untracked 
| 233|0x000000071d200000, 0x000000071d200000, 0x000000071d400000|  0%| F|  |TAMS 0x000000071d200000| PB 0x000000071d200000| Untracked 
| 234|0x000000071d400000, 0x000000071d400000, 0x000000071d600000|  0%| F|  |TAMS 0x000000071d400000| PB 0x000000071d400000| Untracked 
| 235|0x000000071d600000, 0x000000071d600000, 0x000000071d800000|  0%| F|  |TAMS 0x000000071d600000| PB 0x000000071d600000| Untracked 
| 236|0x000000071d800000, 0x000000071d800000, 0x000000071da00000|  0%| F|  |TAMS 0x000000071d800000| PB 0x000000071d800000| Untracked 
| 237|0x000000071da00000, 0x000000071da00000, 0x000000071dc00000|  0%| F|  |TAMS 0x000000071da00000| PB 0x000000071da00000| Untracked 
| 238|0x000000071dc00000, 0x000000071dc00000, 0x000000071de00000|  0%| F|  |TAMS 0x000000071dc00000| PB 0x000000071dc00000| Untracked 
| 239|0x000000071de00000, 0x000000071de00000, 0x000000071e000000|  0%| F|  |TAMS 0x000000071de00000| PB 0x000000071de00000| Untracked 
| 240|0x000000071e000000, 0x000000071e000000, 0x000000071e200000|  0%| F|  |TAMS 0x000000071e000000| PB 0x000000071e000000| Untracked 
| 241|0x000000071e200000, 0x000000071e200000, 0x000000071e400000|  0%| F|  |TAMS 0x000000071e200000| PB 0x000000071e200000| Untracked 
| 242|0x000000071e400000, 0x000000071e400000, 0x000000071e600000|  0%| F|  |TAMS 0x000000071e400000| PB 0x000000071e400000| Untracked 
| 243|0x000000071e600000, 0x000000071e600000, 0x000000071e800000|  0%| F|  |TAMS 0x000000071e600000| PB 0x000000071e600000| Untracked 
| 244|0x000000071e800000, 0x000000071e800000, 0x000000071ea00000|  0%| F|  |TAMS 0x000000071e800000| PB 0x000000071e800000| Untracked 
| 245|0x000000071ea00000, 0x000000071ea00000, 0x000000071ec00000|  0%| F|  |TAMS 0x000000071ea00000| PB 0x000000071ea00000| Untracked 
| 246|0x000000071ec00000, 0x000000071ec00000, 0x000000071ee00000|  0%| F|  |TAMS 0x000000071ec00000| PB 0x000000071ec00000| Untracked 
| 247|0x000000071ee00000, 0x000000071ee00000, 0x000000071f000000|  0%| F|  |TAMS 0x000000071ee00000| PB 0x000000071ee00000| Untracked 
| 248|0x000000071f000000, 0x000000071f000000, 0x000000071f200000|  0%| F|  |TAMS 0x000000071f000000| PB 0x000000071f000000| Untracked 
| 249|0x000000071f200000, 0x000000071f200000, 0x000000071f400000|  0%| F|  |TAMS 0x000000071f200000| PB 0x000000071f200000| Untracked 
| 250|0x000000071f400000, 0x000000071f400000, 0x000000071f600000|  0%| F|  |TAMS 0x000000071f400000| PB 0x000000071f400000| Untracked 
| 251|0x000000071f600000, 0x000000071f600000, 0x000000071f800000|  0%| F|  |TAMS 0x000000071f600000| PB 0x000000071f600000| Untracked 
| 252|0x000000071f800000, 0x000000071f800000, 0x000000071fa00000|  0%| F|  |TAMS 0x000000071f800000| PB 0x000000071f800000| Untracked 
| 253|0x000000071fa00000, 0x000000071fa00000, 0x000000071fc00000|  0%| F|  |TAMS 0x000000071fa00000| PB 0x000000071fa00000| Untracked 
| 254|0x000000071fc00000, 0x000000071fc00000, 0x000000071fe00000|  0%| F|  |TAMS 0x000000071fc00000| PB 0x000000071fc00000| Untracked 
| 255|0x000000071fe00000, 0x000000071fe00000, 0x0000000720000000|  0%| F|  |TAMS 0x000000071fe00000| PB 0x000000071fe00000| Untracked 
| 256|0x0000000720000000, 0x0000000720000000, 0x0000000720200000|  0%| F|  |TAMS 0x0000000720000000| PB 0x0000000720000000| Untracked 
| 257|0x0000000720200000, 0x0000000720200000, 0x0000000720400000|  0%| F|  |TAMS 0x0000000720200000| PB 0x0000000720200000| Untracked 
| 258|0x0000000720400000, 0x0000000720400000, 0x0000000720600000|  0%| F|  |TAMS 0x0000000720400000| PB 0x0000000720400000| Untracked 
| 259|0x0000000720600000, 0x0000000720600000, 0x0000000720800000|  0%| F|  |TAMS 0x0000000720600000| PB 0x0000000720600000| Untracked 
| 260|0x0000000720800000, 0x0000000720800000, 0x0000000720a00000|  0%| F|  |TAMS 0x0000000720800000| PB 0x0000000720800000| Untracked 
| 261|0x0000000720a00000, 0x0000000720a00000, 0x0000000720c00000|  0%| F|  |TAMS 0x0000000720a00000| PB 0x0000000720a00000| Untracked 
| 262|0x0000000720c00000, 0x0000000720c00000, 0x0000000720e00000|  0%| F|  |TAMS 0x0000000720c00000| PB 0x0000000720c00000| Untracked 
| 263|0x0000000720e00000, 0x0000000720e00000, 0x0000000721000000|  0%| F|  |TAMS 0x0000000720e00000| PB 0x0000000720e00000| Untracked 
| 264|0x0000000721000000, 0x0000000721000000, 0x0000000721200000|  0%| F|  |TAMS 0x0000000721000000| PB 0x0000000721000000| Untracked 
| 265|0x0000000721200000, 0x0000000721200000, 0x0000000721400000|  0%| F|  |TAMS 0x0000000721200000| PB 0x0000000721200000| Untracked 
| 266|0x0000000721400000, 0x0000000721400000, 0x0000000721600000|  0%| F|  |TAMS 0x0000000721400000| PB 0x0000000721400000| Untracked 
| 267|0x0000000721600000, 0x0000000721600000, 0x0000000721800000|  0%| F|  |TAMS 0x0000000721600000| PB 0x0000000721600000| Untracked 
| 268|0x0000000721800000, 0x00000007219be168, 0x0000000721a00000| 87%| E|  |TAMS 0x0000000721800000| PB 0x0000000721800000| Complete 
| 269|0x0000000721a00000, 0x0000000721c00000, 0x0000000721c00000|100%| E|CS|TAMS 0x0000000721a00000| PB 0x0000000721a00000| Complete 
| 270|0x0000000721c00000, 0x0000000721e00000, 0x0000000721e00000|100%| E|CS|TAMS 0x0000000721c00000| PB 0x0000000721c00000| Complete 
| 271|0x0000000721e00000, 0x0000000722000000, 0x0000000722000000|100%| E|CS|TAMS 0x0000000721e00000| PB 0x0000000721e00000| Complete 
| 272|0x0000000722000000, 0x0000000722200000, 0x0000000722200000|100%| E|CS|TAMS 0x0000000722000000| PB 0x0000000722000000| Complete 
| 273|0x0000000722200000, 0x0000000722400000, 0x0000000722400000|100%| E|CS|TAMS 0x0000000722200000| PB 0x0000000722200000| Complete 
| 274|0x0000000722400000, 0x0000000722600000, 0x0000000722600000|100%| E|CS|TAMS 0x0000000722400000| PB 0x0000000722400000| Complete 
| 275|0x0000000722600000, 0x0000000722800000, 0x0000000722800000|100%| E|CS|TAMS 0x0000000722600000| PB 0x0000000722600000| Complete 
| 276|0x0000000722800000, 0x0000000722a00000, 0x0000000722a00000|100%| E|CS|TAMS 0x0000000722800000| PB 0x0000000722800000| Complete 
| 277|0x0000000722a00000, 0x0000000722c00000, 0x0000000722c00000|100%| E|CS|TAMS 0x0000000722a00000| PB 0x0000000722a00000| Complete 
| 278|0x0000000722c00000, 0x0000000722e00000, 0x0000000722e00000|100%| E|CS|TAMS 0x0000000722c00000| PB 0x0000000722c00000| Complete 
| 279|0x0000000722e00000, 0x0000000723000000, 0x0000000723000000|100%| E|CS|TAMS 0x0000000722e00000| PB 0x0000000722e00000| Complete 
| 280|0x0000000723000000, 0x0000000723200000, 0x0000000723200000|100%| E|CS|TAMS 0x0000000723000000| PB 0x0000000723000000| Complete 
| 281|0x0000000723200000, 0x0000000723400000, 0x0000000723400000|100%| E|CS|TAMS 0x0000000723200000| PB 0x0000000723200000| Complete 
| 282|0x0000000723400000, 0x0000000723600000, 0x0000000723600000|100%| E|CS|TAMS 0x0000000723400000| PB 0x0000000723400000| Complete 
| 283|0x0000000723600000, 0x0000000723800000, 0x0000000723800000|100%| E|CS|TAMS 0x0000000723600000| PB 0x0000000723600000| Complete 
| 284|0x0000000723800000, 0x0000000723a00000, 0x0000000723a00000|100%| E|CS|TAMS 0x0000000723800000| PB 0x0000000723800000| Complete 
| 285|0x0000000723a00000, 0x0000000723c00000, 0x0000000723c00000|100%| E|CS|TAMS 0x0000000723a00000| PB 0x0000000723a00000| Complete 
| 286|0x0000000723c00000, 0x0000000723e00000, 0x0000000723e00000|100%| E|CS|TAMS 0x0000000723c00000| PB 0x0000000723c00000| Complete 
| 287|0x0000000723e00000, 0x0000000724000000, 0x0000000724000000|100%| E|CS|TAMS 0x0000000723e00000| PB 0x0000000723e00000| Complete 
| 288|0x0000000724000000, 0x0000000724200000, 0x0000000724200000|100%| E|CS|TAMS 0x0000000724000000| PB 0x0000000724000000| Complete 
| 289|0x0000000724200000, 0x0000000724400000, 0x0000000724400000|100%| E|CS|TAMS 0x0000000724200000| PB 0x0000000724200000| Complete 
| 290|0x0000000724400000, 0x0000000724600000, 0x0000000724600000|100%| E|CS|TAMS 0x0000000724400000| PB 0x0000000724400000| Complete 
| 291|0x0000000724600000, 0x0000000724800000, 0x0000000724800000|100%| E|CS|TAMS 0x0000000724600000| PB 0x0000000724600000| Complete 
| 292|0x0000000724800000, 0x0000000724a00000, 0x0000000724a00000|100%| E|CS|TAMS 0x0000000724800000| PB 0x0000000724800000| Complete 
| 293|0x0000000724a00000, 0x0000000724c00000, 0x0000000724c00000|100%| E|CS|TAMS 0x0000000724a00000| PB 0x0000000724a00000| Complete 
| 294|0x0000000724c00000, 0x0000000724e00000, 0x0000000724e00000|100%| E|CS|TAMS 0x0000000724c00000| PB 0x0000000724c00000| Complete 
| 295|0x0000000724e00000, 0x0000000725000000, 0x0000000725000000|100%| E|CS|TAMS 0x0000000724e00000| PB 0x0000000724e00000| Complete 
| 296|0x0000000725000000, 0x0000000725200000, 0x0000000725200000|100%| E|CS|TAMS 0x0000000725000000| PB 0x0000000725000000| Complete 
| 297|0x0000000725200000, 0x0000000725400000, 0x0000000725400000|100%| E|CS|TAMS 0x0000000725200000| PB 0x0000000725200000| Complete 
| 298|0x0000000725400000, 0x0000000725600000, 0x0000000725600000|100%| E|CS|TAMS 0x0000000725400000| PB 0x0000000725400000| Complete 
| 299|0x0000000725600000, 0x0000000725800000, 0x0000000725800000|100%| E|CS|TAMS 0x0000000725600000| PB 0x0000000725600000| Complete 
| 300|0x0000000725800000, 0x0000000725a00000, 0x0000000725a00000|100%| E|CS|TAMS 0x0000000725800000| PB 0x0000000725800000| Complete 
| 301|0x0000000725a00000, 0x0000000725c00000, 0x0000000725c00000|100%| E|CS|TAMS 0x0000000725a00000| PB 0x0000000725a00000| Complete 
| 302|0x0000000725c00000, 0x0000000725e00000, 0x0000000725e00000|100%| E|CS|TAMS 0x0000000725c00000| PB 0x0000000725c00000| Complete 
| 303|0x0000000725e00000, 0x0000000726000000, 0x0000000726000000|100%| E|CS|TAMS 0x0000000725e00000| PB 0x0000000725e00000| Complete 
| 304|0x0000000726000000, 0x0000000726200000, 0x0000000726200000|100%| E|CS|TAMS 0x0000000726000000| PB 0x0000000726000000| Complete 
| 305|0x0000000726200000, 0x0000000726400000, 0x0000000726400000|100%| E|CS|TAMS 0x0000000726200000| PB 0x0000000726200000| Complete 
| 306|0x0000000726400000, 0x0000000726600000, 0x0000000726600000|100%| E|CS|TAMS 0x0000000726400000| PB 0x0000000726400000| Complete 
| 307|0x0000000726600000, 0x0000000726800000, 0x0000000726800000|100%| E|CS|TAMS 0x0000000726600000| PB 0x0000000726600000| Complete 
| 308|0x0000000726800000, 0x0000000726a00000, 0x0000000726a00000|100%| E|CS|TAMS 0x0000000726800000| PB 0x0000000726800000| Complete 
| 309|0x0000000726a00000, 0x0000000726c00000, 0x0000000726c00000|100%| E|CS|TAMS 0x0000000726a00000| PB 0x0000000726a00000| Complete 
| 310|0x0000000726c00000, 0x0000000726e00000, 0x0000000726e00000|100%| E|CS|TAMS 0x0000000726c00000| PB 0x0000000726c00000| Complete 
| 311|0x0000000726e00000, 0x0000000727000000, 0x0000000727000000|100%| E|CS|TAMS 0x0000000726e00000| PB 0x0000000726e00000| Complete 
| 312|0x0000000727000000, 0x0000000727200000, 0x0000000727200000|100%| E|CS|TAMS 0x0000000727000000| PB 0x0000000727000000| Complete 
| 313|0x0000000727200000, 0x0000000727400000, 0x0000000727400000|100%| E|CS|TAMS 0x0000000727200000| PB 0x0000000727200000| Complete 
| 314|0x0000000727400000, 0x0000000727600000, 0x0000000727600000|100%| E|CS|TAMS 0x0000000727400000| PB 0x0000000727400000| Complete 
| 315|0x0000000727600000, 0x0000000727800000, 0x0000000727800000|100%| E|CS|TAMS 0x0000000727600000| PB 0x0000000727600000| Complete 
| 316|0x0000000727800000, 0x0000000727a00000, 0x0000000727a00000|100%| E|CS|TAMS 0x0000000727800000| PB 0x0000000727800000| Complete 
| 317|0x0000000727a00000, 0x0000000727c00000, 0x0000000727c00000|100%| E|CS|TAMS 0x0000000727a00000| PB 0x0000000727a00000| Complete 
| 318|0x0000000727c00000, 0x0000000727e00000, 0x0000000727e00000|100%| E|CS|TAMS 0x0000000727c00000| PB 0x0000000727c00000| Complete 
| 319|0x0000000727e00000, 0x0000000728000000, 0x0000000728000000|100%| E|CS|TAMS 0x0000000727e00000| PB 0x0000000727e00000| Complete 
| 320|0x0000000728000000, 0x0000000728200000, 0x0000000728200000|100%| E|CS|TAMS 0x0000000728000000| PB 0x0000000728000000| Complete 
| 321|0x0000000728200000, 0x0000000728400000, 0x0000000728400000|100%| E|CS|TAMS 0x0000000728200000| PB 0x0000000728200000| Complete 
| 322|0x0000000728400000, 0x0000000728600000, 0x0000000728600000|100%| E|CS|TAMS 0x0000000728400000| PB 0x0000000728400000| Complete 
| 323|0x0000000728600000, 0x0000000728800000, 0x0000000728800000|100%| E|  |TAMS 0x0000000728600000| PB 0x0000000728600000| Complete 
| 324|0x0000000728800000, 0x0000000728a00000, 0x0000000728a00000|100%| E|CS|TAMS 0x0000000728800000| PB 0x0000000728800000| Complete 
| 325|0x0000000728a00000, 0x0000000728c00000, 0x0000000728c00000|100%| E|CS|TAMS 0x0000000728a00000| PB 0x0000000728a00000| Complete 
| 326|0x0000000728c00000, 0x0000000728e00000, 0x0000000728e00000|100%| E|CS|TAMS 0x0000000728c00000| PB 0x0000000728c00000| Complete 
| 327|0x0000000728e00000, 0x0000000729000000, 0x0000000729000000|100%| E|CS|TAMS 0x0000000728e00000| PB 0x0000000728e00000| Complete 
| 328|0x0000000729000000, 0x0000000729200000, 0x0000000729200000|100%| E|CS|TAMS 0x0000000729000000| PB 0x0000000729000000| Complete 
| 329|0x0000000729200000, 0x0000000729400000, 0x0000000729400000|100%| E|CS|TAMS 0x0000000729200000| PB 0x0000000729200000| Complete 
| 330|0x0000000729400000, 0x0000000729600000, 0x0000000729600000|100%| E|CS|TAMS 0x0000000729400000| PB 0x0000000729400000| Complete 
| 331|0x0000000729600000, 0x0000000729800000, 0x0000000729800000|100%| E|CS|TAMS 0x0000000729600000| PB 0x0000000729600000| Complete 
| 332|0x0000000729800000, 0x0000000729a00000, 0x0000000729a00000|100%| E|CS|TAMS 0x0000000729800000| PB 0x0000000729800000| Complete 
| 333|0x0000000729a00000, 0x0000000729c00000, 0x0000000729c00000|100%| E|CS|TAMS 0x0000000729a00000| PB 0x0000000729a00000| Complete 
| 334|0x0000000729c00000, 0x0000000729e00000, 0x0000000729e00000|100%| E|CS|TAMS 0x0000000729c00000| PB 0x0000000729c00000| Complete 
| 335|0x0000000729e00000, 0x000000072a000000, 0x000000072a000000|100%| E|CS|TAMS 0x0000000729e00000| PB 0x0000000729e00000| Complete 
| 336|0x000000072a000000, 0x000000072a200000, 0x000000072a200000|100%| E|CS|TAMS 0x000000072a000000| PB 0x000000072a000000| Complete 
| 337|0x000000072a200000, 0x000000072a400000, 0x000000072a400000|100%| E|CS|TAMS 0x000000072a200000| PB 0x000000072a200000| Complete 
| 338|0x000000072a400000, 0x000000072a600000, 0x000000072a600000|100%| E|CS|TAMS 0x000000072a400000| PB 0x000000072a400000| Complete 
| 339|0x000000072a600000, 0x000000072a800000, 0x000000072a800000|100%| E|CS|TAMS 0x000000072a600000| PB 0x000000072a600000| Complete 
| 340|0x000000072a800000, 0x000000072aa00000, 0x000000072aa00000|100%| E|CS|TAMS 0x000000072a800000| PB 0x000000072a800000| Complete 
| 341|0x000000072aa00000, 0x000000072ac00000, 0x000000072ac00000|100%| E|CS|TAMS 0x000000072aa00000| PB 0x000000072aa00000| Complete 
| 342|0x000000072ac00000, 0x000000072ae00000, 0x000000072ae00000|100%| E|CS|TAMS 0x000000072ac00000| PB 0x000000072ac00000| Complete 
| 343|0x000000072ae00000, 0x000000072b000000, 0x000000072b000000|100%| E|CS|TAMS 0x000000072ae00000| PB 0x000000072ae00000| Complete 
| 344|0x000000072b000000, 0x000000072b200000, 0x000000072b200000|100%| E|CS|TAMS 0x000000072b000000| PB 0x000000072b000000| Complete 
| 345|0x000000072b200000, 0x000000072b400000, 0x000000072b400000|100%| E|CS|TAMS 0x000000072b200000| PB 0x000000072b200000| Complete 
| 346|0x000000072b400000, 0x000000072b600000, 0x000000072b600000|100%| E|CS|TAMS 0x000000072b400000| PB 0x000000072b400000| Complete 
| 347|0x000000072b600000, 0x000000072b800000, 0x000000072b800000|100%| E|CS|TAMS 0x000000072b600000| PB 0x000000072b600000| Complete 
| 348|0x000000072b800000, 0x000000072ba00000, 0x000000072ba00000|100%| E|CS|TAMS 0x000000072b800000| PB 0x000000072b800000| Complete 
| 349|0x000000072ba00000, 0x000000072bc00000, 0x000000072bc00000|100%| E|CS|TAMS 0x000000072ba00000| PB 0x000000072ba00000| Complete 
| 350|0x000000072bc00000, 0x000000072be00000, 0x000000072be00000|100%| E|CS|TAMS 0x000000072bc00000| PB 0x000000072bc00000| Complete 
| 351|0x000000072be00000, 0x000000072c000000, 0x000000072c000000|100%| E|CS|TAMS 0x000000072be00000| PB 0x000000072be00000| Complete 
| 352|0x000000072c000000, 0x000000072c200000, 0x000000072c200000|100%| E|CS|TAMS 0x000000072c000000| PB 0x000000072c000000| Complete 
| 353|0x000000072c200000, 0x000000072c400000, 0x000000072c400000|100%| E|CS|TAMS 0x000000072c200000| PB 0x000000072c200000| Complete 
| 354|0x000000072c400000, 0x000000072c600000, 0x000000072c600000|100%| E|CS|TAMS 0x000000072c400000| PB 0x000000072c400000| Complete 
| 355|0x000000072c600000, 0x000000072c800000, 0x000000072c800000|100%| E|CS|TAMS 0x000000072c600000| PB 0x000000072c600000| Complete 
| 356|0x000000072c800000, 0x000000072ca00000, 0x000000072ca00000|100%| E|CS|TAMS 0x000000072c800000| PB 0x000000072c800000| Complete 
| 357|0x000000072ca00000, 0x000000072cc00000, 0x000000072cc00000|100%| E|CS|TAMS 0x000000072ca00000| PB 0x000000072ca00000| Complete 
| 358|0x000000072cc00000, 0x000000072ce00000, 0x000000072ce00000|100%| E|CS|TAMS 0x000000072cc00000| PB 0x000000072cc00000| Complete 
| 359|0x000000072ce00000, 0x000000072d000000, 0x000000072d000000|100%| E|CS|TAMS 0x000000072ce00000| PB 0x000000072ce00000| Complete 
| 360|0x000000072d000000, 0x000000072d200000, 0x000000072d200000|100%| E|CS|TAMS 0x000000072d000000| PB 0x000000072d000000| Complete 
| 361|0x000000072d200000, 0x000000072d400000, 0x000000072d400000|100%| E|CS|TAMS 0x000000072d200000| PB 0x000000072d200000| Complete 
| 362|0x000000072d400000, 0x000000072d600000, 0x000000072d600000|100%| E|CS|TAMS 0x000000072d400000| PB 0x000000072d400000| Complete 
| 363|0x000000072d600000, 0x000000072d800000, 0x000000072d800000|100%| E|CS|TAMS 0x000000072d600000| PB 0x000000072d600000| Complete 
| 364|0x000000072d800000, 0x000000072da00000, 0x000000072da00000|100%| E|CS|TAMS 0x000000072d800000| PB 0x000000072d800000| Complete 
| 365|0x000000072da00000, 0x000000072dc00000, 0x000000072dc00000|100%| E|CS|TAMS 0x000000072da00000| PB 0x000000072da00000| Complete 
| 366|0x000000072dc00000, 0x000000072de00000, 0x000000072de00000|100%| E|CS|TAMS 0x000000072dc00000| PB 0x000000072dc00000| Complete 
| 367|0x000000072de00000, 0x000000072e000000, 0x000000072e000000|100%| E|CS|TAMS 0x000000072de00000| PB 0x000000072de00000| Complete 
| 368|0x000000072e000000, 0x000000072e200000, 0x000000072e200000|100%| E|CS|TAMS 0x000000072e000000| PB 0x000000072e000000| Complete 
| 369|0x000000072e200000, 0x000000072e400000, 0x000000072e400000|100%| E|CS|TAMS 0x000000072e200000| PB 0x000000072e200000| Complete 
| 370|0x000000072e400000, 0x000000072e600000, 0x000000072e600000|100%| E|CS|TAMS 0x000000072e400000| PB 0x000000072e400000| Complete 
| 371|0x000000072e600000, 0x000000072e800000, 0x000000072e800000|100%| E|CS|TAMS 0x000000072e600000| PB 0x000000072e600000| Complete 
| 372|0x000000072e800000, 0x000000072ea00000, 0x000000072ea00000|100%| E|CS|TAMS 0x000000072e800000| PB 0x000000072e800000| Complete 
| 373|0x000000072ea00000, 0x000000072ec00000, 0x000000072ec00000|100%| E|CS|TAMS 0x000000072ea00000| PB 0x000000072ea00000| Complete 
| 374|0x000000072ec00000, 0x000000072ee00000, 0x000000072ee00000|100%| E|CS|TAMS 0x000000072ec00000| PB 0x000000072ec00000| Complete 
| 375|0x000000072ee00000, 0x000000072f000000, 0x000000072f000000|100%| E|CS|TAMS 0x000000072ee00000| PB 0x000000072ee00000| Complete 
| 376|0x000000072f000000, 0x000000072f200000, 0x000000072f200000|100%| E|CS|TAMS 0x000000072f000000| PB 0x000000072f000000| Complete 
| 377|0x000000072f200000, 0x000000072f400000, 0x000000072f400000|100%| E|CS|TAMS 0x000000072f200000| PB 0x000000072f200000| Complete 
| 378|0x000000072f400000, 0x000000072f600000, 0x000000072f600000|100%| E|CS|TAMS 0x000000072f400000| PB 0x000000072f400000| Complete 
| 379|0x000000072f600000, 0x000000072f800000, 0x000000072f800000|100%| E|CS|TAMS 0x000000072f600000| PB 0x000000072f600000| Complete 
| 380|0x000000072f800000, 0x000000072fa00000, 0x000000072fa00000|100%| E|CS|TAMS 0x000000072f800000| PB 0x000000072f800000| Complete 
| 381|0x000000072fa00000, 0x000000072fc00000, 0x000000072fc00000|100%| E|CS|TAMS 0x000000072fa00000| PB 0x000000072fa00000| Complete 
| 382|0x000000072fc00000, 0x000000072fe00000, 0x000000072fe00000|100%| E|CS|TAMS 0x000000072fc00000| PB 0x000000072fc00000| Complete 
| 383|0x000000072fe00000, 0x0000000730000000, 0x0000000730000000|100%| E|CS|TAMS 0x000000072fe00000| PB 0x000000072fe00000| Complete 
| 384|0x0000000730000000, 0x0000000730200000, 0x0000000730200000|100%| E|CS|TAMS 0x0000000730000000| PB 0x0000000730000000| Complete 
| 385|0x0000000730200000, 0x0000000730400000, 0x0000000730400000|100%| E|CS|TAMS 0x0000000730200000| PB 0x0000000730200000| Complete 
| 386|0x0000000730400000, 0x0000000730600000, 0x0000000730600000|100%| E|CS|TAMS 0x0000000730400000| PB 0x0000000730400000| Complete 
| 387|0x0000000730600000, 0x0000000730800000, 0x0000000730800000|100%| E|CS|TAMS 0x0000000730600000| PB 0x0000000730600000| Complete 
| 388|0x0000000730800000, 0x0000000730a00000, 0x0000000730a00000|100%| E|CS|TAMS 0x0000000730800000| PB 0x0000000730800000| Complete 
| 389|0x0000000730a00000, 0x0000000730c00000, 0x0000000730c00000|100%| E|CS|TAMS 0x0000000730a00000| PB 0x0000000730a00000| Complete 
| 390|0x0000000730c00000, 0x0000000730e00000, 0x0000000730e00000|100%| E|CS|TAMS 0x0000000730c00000| PB 0x0000000730c00000| Complete 
| 391|0x0000000730e00000, 0x0000000731000000, 0x0000000731000000|100%| E|CS|TAMS 0x0000000730e00000| PB 0x0000000730e00000| Complete 
| 392|0x0000000731000000, 0x0000000731200000, 0x0000000731200000|100%| E|CS|TAMS 0x0000000731000000| PB 0x0000000731000000| Complete 
| 393|0x0000000731200000, 0x0000000731400000, 0x0000000731400000|100%| E|CS|TAMS 0x0000000731200000| PB 0x0000000731200000| Complete 
| 394|0x0000000731400000, 0x0000000731600000, 0x0000000731600000|100%| E|CS|TAMS 0x0000000731400000| PB 0x0000000731400000| Complete 
| 395|0x0000000731600000, 0x0000000731800000, 0x0000000731800000|100%| E|CS|TAMS 0x0000000731600000| PB 0x0000000731600000| Complete 
| 396|0x0000000731800000, 0x0000000731a00000, 0x0000000731a00000|100%| E|CS|TAMS 0x0000000731800000| PB 0x0000000731800000| Complete 
| 397|0x0000000731a00000, 0x0000000731c00000, 0x0000000731c00000|100%| E|CS|TAMS 0x0000000731a00000| PB 0x0000000731a00000| Complete 
| 398|0x0000000731c00000, 0x0000000731e00000, 0x0000000731e00000|100%| E|CS|TAMS 0x0000000731c00000| PB 0x0000000731c00000| Complete 
| 399|0x0000000731e00000, 0x0000000732000000, 0x0000000732000000|100%| E|CS|TAMS 0x0000000731e00000| PB 0x0000000731e00000| Complete 
| 400|0x0000000732000000, 0x0000000732200000, 0x0000000732200000|100%| E|CS|TAMS 0x0000000732000000| PB 0x0000000732000000| Complete 
| 401|0x0000000732200000, 0x0000000732400000, 0x0000000732400000|100%| E|CS|TAMS 0x0000000732200000| PB 0x0000000732200000| Complete 
| 402|0x0000000732400000, 0x0000000732600000, 0x0000000732600000|100%| E|CS|TAMS 0x0000000732400000| PB 0x0000000732400000| Complete 
| 403|0x0000000732600000, 0x0000000732800000, 0x0000000732800000|100%| E|CS|TAMS 0x0000000732600000| PB 0x0000000732600000| Complete 
| 404|0x0000000732800000, 0x0000000732a00000, 0x0000000732a00000|100%| E|CS|TAMS 0x0000000732800000| PB 0x0000000732800000| Complete 
| 405|0x0000000732a00000, 0x0000000732c00000, 0x0000000732c00000|100%| E|CS|TAMS 0x0000000732a00000| PB 0x0000000732a00000| Complete 
| 406|0x0000000732c00000, 0x0000000732e00000, 0x0000000732e00000|100%| E|CS|TAMS 0x0000000732c00000| PB 0x0000000732c00000| Complete 
| 407|0x0000000732e00000, 0x0000000733000000, 0x0000000733000000|100%| E|CS|TAMS 0x0000000732e00000| PB 0x0000000732e00000| Complete 
| 408|0x0000000733000000, 0x0000000733200000, 0x0000000733200000|100%| E|CS|TAMS 0x0000000733000000| PB 0x0000000733000000| Complete 
| 409|0x0000000733200000, 0x0000000733400000, 0x0000000733400000|100%| E|CS|TAMS 0x0000000733200000| PB 0x0000000733200000| Complete 
| 410|0x0000000733400000, 0x0000000733600000, 0x0000000733600000|100%| E|CS|TAMS 0x0000000733400000| PB 0x0000000733400000| Complete 
| 411|0x0000000733600000, 0x0000000733800000, 0x0000000733800000|100%| E|CS|TAMS 0x0000000733600000| PB 0x0000000733600000| Complete 
| 412|0x0000000733800000, 0x0000000733a00000, 0x0000000733a00000|100%| E|CS|TAMS 0x0000000733800000| PB 0x0000000733800000| Complete 
| 413|0x0000000733a00000, 0x0000000733c00000, 0x0000000733c00000|100%| E|CS|TAMS 0x0000000733a00000| PB 0x0000000733a00000| Complete 
| 414|0x0000000733c00000, 0x0000000733e00000, 0x0000000733e00000|100%| E|CS|TAMS 0x0000000733c00000| PB 0x0000000733c00000| Complete 
| 415|0x0000000733e00000, 0x0000000734000000, 0x0000000734000000|100%| E|CS|TAMS 0x0000000733e00000| PB 0x0000000733e00000| Complete 
| 416|0x0000000734000000, 0x0000000734200000, 0x0000000734200000|100%| E|CS|TAMS 0x0000000734000000| PB 0x0000000734000000| Complete 
| 417|0x0000000734200000, 0x0000000734400000, 0x0000000734400000|100%| E|CS|TAMS 0x0000000734200000| PB 0x0000000734200000| Complete 
| 418|0x0000000734400000, 0x0000000734600000, 0x0000000734600000|100%| E|CS|TAMS 0x0000000734400000| PB 0x0000000734400000| Complete 
| 419|0x0000000734600000, 0x0000000734800000, 0x0000000734800000|100%| E|CS|TAMS 0x0000000734600000| PB 0x0000000734600000| Complete 
| 420|0x0000000734800000, 0x0000000734a00000, 0x0000000734a00000|100%| E|CS|TAMS 0x0000000734800000| PB 0x0000000734800000| Complete 
| 421|0x0000000734a00000, 0x0000000734c00000, 0x0000000734c00000|100%| E|CS|TAMS 0x0000000734a00000| PB 0x0000000734a00000| Complete 
| 422|0x0000000734c00000, 0x0000000734e00000, 0x0000000734e00000|100%| E|CS|TAMS 0x0000000734c00000| PB 0x0000000734c00000| Complete 
| 423|0x0000000734e00000, 0x0000000735000000, 0x0000000735000000|100%| E|CS|TAMS 0x0000000734e00000| PB 0x0000000734e00000| Complete 
| 424|0x0000000735000000, 0x0000000735200000, 0x0000000735200000|100%| E|CS|TAMS 0x0000000735000000| PB 0x0000000735000000| Complete 
| 425|0x0000000735200000, 0x0000000735400000, 0x0000000735400000|100%| E|CS|TAMS 0x0000000735200000| PB 0x0000000735200000| Complete 
| 426|0x0000000735400000, 0x0000000735600000, 0x0000000735600000|100%| E|CS|TAMS 0x0000000735400000| PB 0x0000000735400000| Complete 
| 427|0x0000000735600000, 0x0000000735800000, 0x0000000735800000|100%| E|CS|TAMS 0x0000000735600000| PB 0x0000000735600000| Complete 
| 428|0x0000000735800000, 0x0000000735a00000, 0x0000000735a00000|100%| E|CS|TAMS 0x0000000735800000| PB 0x0000000735800000| Complete 
| 429|0x0000000735a00000, 0x0000000735c00000, 0x0000000735c00000|100%| E|CS|TAMS 0x0000000735a00000| PB 0x0000000735a00000| Complete 
| 430|0x0000000735c00000, 0x0000000735e00000, 0x0000000735e00000|100%| E|CS|TAMS 0x0000000735c00000| PB 0x0000000735c00000| Complete 
| 431|0x0000000735e00000, 0x0000000736000000, 0x0000000736000000|100%| E|CS|TAMS 0x0000000735e00000| PB 0x0000000735e00000| Complete 
| 432|0x0000000736000000, 0x0000000736200000, 0x0000000736200000|100%| E|CS|TAMS 0x0000000736000000| PB 0x0000000736000000| Complete 
| 433|0x0000000736200000, 0x0000000736400000, 0x0000000736400000|100%| E|CS|TAMS 0x0000000736200000| PB 0x0000000736200000| Complete 
| 434|0x0000000736400000, 0x0000000736600000, 0x0000000736600000|100%| E|CS|TAMS 0x0000000736400000| PB 0x0000000736400000| Complete 
| 435|0x0000000736600000, 0x0000000736800000, 0x0000000736800000|100%| E|CS|TAMS 0x0000000736600000| PB 0x0000000736600000| Complete 
| 436|0x0000000736800000, 0x0000000736a00000, 0x0000000736a00000|100%| E|CS|TAMS 0x0000000736800000| PB 0x0000000736800000| Complete 
| 437|0x0000000736a00000, 0x0000000736c00000, 0x0000000736c00000|100%| E|CS|TAMS 0x0000000736a00000| PB 0x0000000736a00000| Complete 
| 438|0x0000000736c00000, 0x0000000736e00000, 0x0000000736e00000|100%| E|CS|TAMS 0x0000000736c00000| PB 0x0000000736c00000| Complete 
| 439|0x0000000736e00000, 0x0000000737000000, 0x0000000737000000|100%| E|CS|TAMS 0x0000000736e00000| PB 0x0000000736e00000| Complete 
| 440|0x0000000737000000, 0x0000000737200000, 0x0000000737200000|100%| E|CS|TAMS 0x0000000737000000| PB 0x0000000737000000| Complete 
| 441|0x0000000737200000, 0x0000000737400000, 0x0000000737400000|100%| E|CS|TAMS 0x0000000737200000| PB 0x0000000737200000| Complete 
| 442|0x0000000737400000, 0x0000000737600000, 0x0000000737600000|100%| E|CS|TAMS 0x0000000737400000| PB 0x0000000737400000| Complete 
| 443|0x0000000737600000, 0x0000000737800000, 0x0000000737800000|100%| E|CS|TAMS 0x0000000737600000| PB 0x0000000737600000| Complete 
| 444|0x0000000737800000, 0x0000000737a00000, 0x0000000737a00000|100%| E|CS|TAMS 0x0000000737800000| PB 0x0000000737800000| Complete 
| 445|0x0000000737a00000, 0x0000000737c00000, 0x0000000737c00000|100%| E|CS|TAMS 0x0000000737a00000| PB 0x0000000737a00000| Complete 
| 446|0x0000000737c00000, 0x0000000737e00000, 0x0000000737e00000|100%| E|CS|TAMS 0x0000000737c00000| PB 0x0000000737c00000| Complete 
| 447|0x0000000737e00000, 0x0000000738000000, 0x0000000738000000|100%| E|CS|TAMS 0x0000000737e00000| PB 0x0000000737e00000| Complete 
| 448|0x0000000738000000, 0x0000000738200000, 0x0000000738200000|100%| E|CS|TAMS 0x0000000738000000| PB 0x0000000738000000| Complete 
| 449|0x0000000738200000, 0x0000000738400000, 0x0000000738400000|100%| E|CS|TAMS 0x0000000738200000| PB 0x0000000738200000| Complete 
| 450|0x0000000738400000, 0x0000000738600000, 0x0000000738600000|100%| E|CS|TAMS 0x0000000738400000| PB 0x0000000738400000| Complete 
| 451|0x0000000738600000, 0x0000000738800000, 0x0000000738800000|100%| E|CS|TAMS 0x0000000738600000| PB 0x0000000738600000| Complete 
| 452|0x0000000738800000, 0x0000000738a00000, 0x0000000738a00000|100%| E|CS|TAMS 0x0000000738800000| PB 0x0000000738800000| Complete 
| 453|0x0000000738a00000, 0x0000000738c00000, 0x0000000738c00000|100%| E|CS|TAMS 0x0000000738a00000| PB 0x0000000738a00000| Complete 
| 454|0x0000000738c00000, 0x0000000738e00000, 0x0000000738e00000|100%| E|CS|TAMS 0x0000000738c00000| PB 0x0000000738c00000| Complete 
| 455|0x0000000738e00000, 0x0000000739000000, 0x0000000739000000|100%| E|CS|TAMS 0x0000000738e00000| PB 0x0000000738e00000| Complete 
| 456|0x0000000739000000, 0x0000000739200000, 0x0000000739200000|100%| E|CS|TAMS 0x0000000739000000| PB 0x0000000739000000| Complete 
| 457|0x0000000739200000, 0x0000000739400000, 0x0000000739400000|100%| E|CS|TAMS 0x0000000739200000| PB 0x0000000739200000| Complete 
| 458|0x0000000739400000, 0x0000000739600000, 0x0000000739600000|100%| E|CS|TAMS 0x0000000739400000| PB 0x0000000739400000| Complete 
| 459|0x0000000739600000, 0x0000000739800000, 0x0000000739800000|100%| E|CS|TAMS 0x0000000739600000| PB 0x0000000739600000| Complete 
| 460|0x0000000739800000, 0x0000000739a00000, 0x0000000739a00000|100%| E|CS|TAMS 0x0000000739800000| PB 0x0000000739800000| Complete 
| 461|0x0000000739a00000, 0x0000000739c00000, 0x0000000739c00000|100%| E|CS|TAMS 0x0000000739a00000| PB 0x0000000739a00000| Complete 
| 462|0x0000000739c00000, 0x0000000739e00000, 0x0000000739e00000|100%| E|CS|TAMS 0x0000000739c00000| PB 0x0000000739c00000| Complete 
| 463|0x0000000739e00000, 0x000000073a000000, 0x000000073a000000|100%| E|CS|TAMS 0x0000000739e00000| PB 0x0000000739e00000| Complete 
| 464|0x000000073a000000, 0x000000073a200000, 0x000000073a200000|100%| E|CS|TAMS 0x000000073a000000| PB 0x000000073a000000| Complete 
| 465|0x000000073a200000, 0x000000073a400000, 0x000000073a400000|100%| E|CS|TAMS 0x000000073a200000| PB 0x000000073a200000| Complete 
| 466|0x000000073a400000, 0x000000073a600000, 0x000000073a600000|100%| E|CS|TAMS 0x000000073a400000| PB 0x000000073a400000| Complete 
| 467|0x000000073a600000, 0x000000073a800000, 0x000000073a800000|100%| E|CS|TAMS 0x000000073a600000| PB 0x000000073a600000| Complete 
| 468|0x000000073a800000, 0x000000073aa00000, 0x000000073aa00000|100%| E|CS|TAMS 0x000000073a800000| PB 0x000000073a800000| Complete 
| 469|0x000000073aa00000, 0x000000073ac00000, 0x000000073ac00000|100%| E|CS|TAMS 0x000000073aa00000| PB 0x000000073aa00000| Complete 
| 470|0x000000073ac00000, 0x000000073ae00000, 0x000000073ae00000|100%| E|CS|TAMS 0x000000073ac00000| PB 0x000000073ac00000| Complete 
| 471|0x000000073ae00000, 0x000000073b000000, 0x000000073b000000|100%| E|CS|TAMS 0x000000073ae00000| PB 0x000000073ae00000| Complete 
| 472|0x000000073b000000, 0x000000073b200000, 0x000000073b200000|100%| E|CS|TAMS 0x000000073b000000| PB 0x000000073b000000| Complete 
| 473|0x000000073b200000, 0x000000073b400000, 0x000000073b400000|100%| E|CS|TAMS 0x000000073b200000| PB 0x000000073b200000| Complete 
| 474|0x000000073b400000, 0x000000073b600000, 0x000000073b600000|100%| E|CS|TAMS 0x000000073b400000| PB 0x000000073b400000| Complete 
| 475|0x000000073b600000, 0x000000073b800000, 0x000000073b800000|100%| E|CS|TAMS 0x000000073b600000| PB 0x000000073b600000| Complete 
| 476|0x000000073b800000, 0x000000073ba00000, 0x000000073ba00000|100%| E|CS|TAMS 0x000000073b800000| PB 0x000000073b800000| Complete 
| 477|0x000000073ba00000, 0x000000073bc00000, 0x000000073bc00000|100%| E|CS|TAMS 0x000000073ba00000| PB 0x000000073ba00000| Complete 
| 478|0x000000073bc00000, 0x000000073be00000, 0x000000073be00000|100%| E|CS|TAMS 0x000000073bc00000| PB 0x000000073bc00000| Complete 
| 479|0x000000073be00000, 0x000000073c000000, 0x000000073c000000|100%| E|CS|TAMS 0x000000073be00000| PB 0x000000073be00000| Complete 
|2040|0x00000007ff000000, 0x00000007ff200000, 0x00000007ff200000|100%| O|  |TAMS 0x00000007ff000000| PB 0x00000007ff000000| Untracked 
|2041|0x00000007ff200000, 0x00000007ff400000, 0x00000007ff400000|100%| O|  |TAMS 0x00000007ff200000| PB 0x00000007ff200000| Untracked 
|2042|0x00000007ff400000, 0x00000007ff600000, 0x00000007ff600000|100%| O|  |TAMS 0x00000007ff400000| PB 0x00000007ff400000| Untracked 
|2043|0x00000007ff600000, 0x00000007ff800000, 0x00000007ff800000|100%| O|  |TAMS 0x00000007ff600000| PB 0x00000007ff600000| Untracked 
|2044|0x00000007ff800000, 0x00000007ffa00000, 0x00000007ffa00000|100%| O|  |TAMS 0x00000007ff800000| PB 0x00000007ff800000| Untracked 
|2045|0x00000007ffa00000, 0x00000007ffc00000, 0x00000007ffc00000|100%| O|  |TAMS 0x00000007ffa00000| PB 0x00000007ffa00000| Untracked 
|2046|0x00000007ffc00000, 0x00000007ffe00000, 0x00000007ffe00000|100%| O|  |TAMS 0x00000007ffc00000| PB 0x00000007ffc00000| Untracked 
|2047|0x00000007ffe00000, 0x0000000800000000, 0x0000000800000000|100%| O|  |TAMS 0x00000007ffe00000| PB 0x00000007ffe00000| Untracked 

Card table byte_map: [0x000002cfc3ed0000,0x000002cfc46d0000] _byte_map_base: 0x000002cfc06d0000

Marking Bits: (CMBitMap*) 0x000002cfb02c79e0
 Bits: [0x000002cfc46d0000, 0x000002cfc86d0000)

Polling page: 0x000002cfade00000

Metaspace:

Usage:
  Non-class:    152.24 MB used.
      Class:     27.22 MB used.
       Both:    179.46 MB used.

Virtual space:
  Non-class space:      192.00 MB reserved,     153.56 MB ( 80%) committed,  3 nodes.
      Class space:      416.00 MB reserved,      28.50 MB (  7%) committed,  1 nodes.
             Both:      608.00 MB reserved,     182.06 MB ( 30%) committed. 

Chunk freelists:
   Non-Class:  6.20 MB
       Class:  3.40 MB
        Both:  9.60 MB

MaxMetaspaceSize: 512.00 MB
CompressedClassSpaceSize: 416.00 MB
Initial GC threshold: 21.00 MB
Current GC threshold: 303.06 MB
CDS: off
 - commit_granule_bytes: 65536.
 - commit_granule_words: 8192.
 - virtual_space_node_default_size: 8388608.
 - enlarge_chunks_in_place: 1.
 - use_allocation_guard: 0.


Internal statistics:

num_allocs_failed_limit: 12.
num_arena_births: 5276.
num_arena_deaths: 182.
num_vsnodes_births: 4.
num_vsnodes_deaths: 0.
num_space_committed: 2912.
num_space_uncommitted: 0.
num_chunks_returned_to_freelist: 279.
num_chunks_taken_from_freelist: 13345.
num_chunk_merges: 104.
num_chunk_splits: 8884.
num_chunks_enlarged: 5820.
num_inconsistent_stats: 0.

CodeHeap 'non-profiled nmethods': size=118848Kb used=17182Kb max_used=17182Kb free=101665Kb
 bounds [0x000002cfbafa0000, 0x000002cfbc070000, 0x000002cfc23b0000]
CodeHeap 'profiled nmethods': size=118848Kb used=49182Kb max_used=49182Kb free=69665Kb
 bounds [0x000002cfb33b0000, 0x000002cfb63c0000, 0x000002cfba7c0000]
CodeHeap 'non-nmethods': size=8064Kb used=4574Kb max_used=4679Kb free=3489Kb
 bounds [0x000002cfba7c0000, 0x000002cfbac60000, 0x000002cfbafa0000]
CodeCache: size=245760Kb, used=70938Kb, max_used=71043Kb, free=174819Kb
 total_blobs=24786, nmethods=23829, adapters=856, full_count=0
Compilation: enabled, stopped_count=0, restarted_count=0

Compilation events (20 events):
Event: 14.275 Thread 0x000002cfcc481c90 nmethod 27399 0x000002cfb63a9190 code [0x000002cfb63a9340, 0x000002cfb63a9510]
Event: 14.275 Thread 0x000002cfcc482a30 27400       2       org.gradle.internal.work.DefaultWorkerLeaseService::whileDisallowingProjectLockChanges (18 bytes)
Event: 14.275 Thread 0x000002cfcc480820 27401       3       com.google.common.io.CountingOutputStream::write (22 bytes)
Event: 14.275 Thread 0x000002cfcc482360 27402       2       com.google.common.collect.ImmutableSortedMap$Builder::put (9 bytes)
Event: 14.275 Thread 0x000002cfcc482a30 nmethod 27400 0x000002cfb63a9590 code [0x000002cfb63a9740, 0x000002cfb63a98f0]
Event: 14.275 Thread 0x000002cfcc480820 nmethod 27401 0x000002cfb63a9a10 code [0x000002cfb63a9bc0, 0x000002cfb63a9dc8]
Event: 14.276 Thread 0x000002cfcc482360 nmethod 27402 0x000002cfb63a9e90 code [0x000002cfb63aa040, 0x000002cfb63aa170]
Event: 14.276 Thread 0x000002cfcc481c90 27403   !   2       org.gradle.internal.execution.impl.DefaultInputFingerprinter$InputCollectingVisitor::visitInputProperty (115 bytes)
Event: 14.276 Thread 0x000002cfcc4815c0 27404       2       org.gradle.internal.operations.DefaultBuildOperationRunner::execute (22 bytes)
Event: 14.276 Thread 0x000002cfcc482a30 27405       2       org.gradle.internal.operations.DefaultBuildOperationRunner$2::<init> (20 bytes)
Event: 14.276 Thread 0x000002cfcc482a30 nmethod 27405 0x000002cfb63aa210 code [0x000002cfb63aa3c0, 0x000002cfb63aa5f0]
Event: 14.276 Thread 0x000002cfcc4815c0 nmethod 27404 0x000002cfb63aa690 code [0x000002cfb63aa860, 0x000002cfb63aab70]
Event: 14.276 Thread 0x000002cfcc481c90 nmethod 27403 0x000002cfb63aac90 code [0x000002cfb63aaf80, 0x000002cfb63abba8]
Event: 14.291 Thread 0x000002cfcc480820 27406       3       java.nio.file.FileTreeWalker::close (30 bytes)
Event: 14.291 Thread 0x000002cfcc480820 nmethod 27406 0x000002cfb63ac390 code [0x000002cfb63ac5a0, 0x000002cfb63acd10]
Event: 14.293 Thread 0x000002cfcc482a30 27407       3       org.gradle.api.internal.changedetection.state.SplitFileHasher::hash (44 bytes)
Event: 14.294 Thread 0x000002cfcc481c90 27408       2       org.gradle.internal.vfs.impl.VersionHierarchy::getVersion (27 bytes)
Event: 14.294 Thread 0x000002cfcc482360 27409       2       org.gradle.internal.vfs.impl.VersionHierarchy$1::<init> (15 bytes)
Event: 14.294 Thread 0x000002cfcc480820 27410       3       org.gradle.api.internal.changedetection.state.CachingFileHasher::hash (12 bytes)
Event: 14.301 Thread 0x000002cfcc4815c0 27412       2       com.google.common.collect.ImmutableListMultimap::fromMapBuilderEntries (133 bytes)

GC Heap History (20 events):
Event: 11.022 GC heap before
{Heap before GC invocations=36 (full 0):
 garbage-first heap   total 860160K, used 683046K [0x0000000700000000, 0x0000000800000000)
  region size 2048K, 252 young (516096K), 5 survivors (10240K)
 Metaspace       used 145545K, committed 147968K, reserved 557056K
  class space    used 20780K, committed 21952K, reserved 425984K
}
Event: 11.024 GC heap after
{Heap after GC invocations=37 (full 0):
 garbage-first heap   total 860160K, used 183060K [0x0000000700000000, 0x0000000800000000)
  region size 2048K, 7 young (14336K), 7 survivors (14336K)
 Metaspace       used 145545K, committed 147968K, reserved 557056K
  class space    used 20780K, committed 21952K, reserved 425984K
}
Event: 11.184 GC heap before
{Heap before GC invocations=37 (full 0):
 garbage-first heap   total 860160K, used 682772K [0x0000000700000000, 0x0000000800000000)
  region size 2048K, 252 young (516096K), 7 survivors (14336K)
 Metaspace       used 145603K, committed 148032K, reserved 557056K
  class space    used 20781K, committed 21952K, reserved 425984K
}
Event: 11.188 GC heap after
{Heap after GC invocations=38 (full 0):
 garbage-first heap   total 860160K, used 187683K [0x0000000700000000, 0x0000000800000000)
  region size 2048K, 9 young (18432K), 9 survivors (18432K)
 Metaspace       used 145603K, committed 148032K, reserved 557056K
  class space    used 20781K, committed 21952K, reserved 425984K
}
Event: 11.294 GC heap before
{Heap before GC invocations=38 (full 0):
 garbage-first heap   total 860160K, used 683299K [0x0000000700000000, 0x0000000800000000)
  region size 2048K, 252 young (516096K), 9 survivors (18432K)
 Metaspace       used 145704K, committed 148224K, reserved 557056K
  class space    used 20797K, committed 22016K, reserved 425984K
}
Event: 11.298 GC heap after
{Heap after GC invocations=39 (full 0):
 garbage-first heap   total 860160K, used 190477K [0x0000000700000000, 0x0000000800000000)
  region size 2048K, 10 young (20480K), 10 survivors (20480K)
 Metaspace       used 145704K, committed 148224K, reserved 557056K
  class space    used 20797K, committed 22016K, reserved 425984K
}
Event: 11.429 GC heap before
{Heap before GC invocations=39 (full 0):
 garbage-first heap   total 860160K, used 686093K [0x0000000700000000, 0x0000000800000000)
  region size 2048K, 252 young (516096K), 10 survivors (20480K)
 Metaspace       used 145795K, committed 148288K, reserved 557056K
  class space    used 20809K, committed 22016K, reserved 425984K
}
Event: 11.433 GC heap after
{Heap after GC invocations=40 (full 0):
 garbage-first heap   total 860160K, used 192822K [0x0000000700000000, 0x0000000800000000)
  region size 2048K, 11 young (22528K), 11 survivors (22528K)
 Metaspace       used 145795K, committed 148288K, reserved 557056K
  class space    used 20809K, committed 22016K, reserved 425984K
}
Event: 11.541 GC heap before
{Heap before GC invocations=40 (full 0):
 garbage-first heap   total 860160K, used 684342K [0x0000000700000000, 0x0000000800000000)
  region size 2048K, 252 young (516096K), 11 survivors (22528K)
 Metaspace       used 145849K, committed 148352K, reserved 557056K
  class space    used 20812K, committed 22016K, reserved 425984K
}
Event: 11.544 GC heap after
{Heap after GC invocations=41 (full 0):
 garbage-first heap   total 860160K, used 195567K [0x0000000700000000, 0x0000000800000000)
  region size 2048K, 13 young (26624K), 13 survivors (26624K)
 Metaspace       used 145849K, committed 148352K, reserved 557056K
  class space    used 20812K, committed 22016K, reserved 425984K
}
Event: 12.549 GC heap before
{Heap before GC invocations=41 (full 0):
 garbage-first heap   total 860160K, used 685039K [0x0000000700000000, 0x0000000800000000)
  region size 2048K, 252 young (516096K), 13 survivors (26624K)
 Metaspace       used 157827K, committed 160384K, reserved 622592K
  class space    used 22985K, committed 24256K, reserved 425984K
}
Event: 12.558 GC heap after
{Heap after GC invocations=42 (full 0):
 garbage-first heap   total 860160K, used 238775K [0x0000000700000000, 0x0000000800000000)
  region size 2048K, 32 young (65536K), 32 survivors (65536K)
 Metaspace       used 157827K, committed 160384K, reserved 622592K
  class space    used 22985K, committed 24256K, reserved 425984K
}
Event: 13.111 GC heap before
{Heap before GC invocations=42 (full 0):
 garbage-first heap   total 860160K, used 687287K [0x0000000700000000, 0x0000000800000000)
  region size 2048K, 252 young (516096K), 32 survivors (65536K)
 Metaspace       used 178022K, committed 180672K, reserved 622592K
  class space    used 27068K, committed 28352K, reserved 425984K
}
Event: 13.127 GC heap after
{Heap after GC invocations=43 (full 0):
 garbage-first heap   total 860160K, used 292078K [0x0000000700000000, 0x0000000800000000)
  region size 2048K, 27 young (55296K), 27 survivors (55296K)
 Metaspace       used 178022K, committed 180672K, reserved 622592K
  class space    used 27068K, committed 28352K, reserved 425984K
}
Event: 13.365 GC heap before
{Heap before GC invocations=43 (full 0):
 garbage-first heap   total 860160K, used 750830K [0x0000000700000000, 0x0000000800000000)
  region size 2048K, 252 young (516096K), 27 survivors (55296K)
 Metaspace       used 181222K, committed 183872K, reserved 622592K
  class space    used 27595K, committed 28864K, reserved 425984K
}
Event: 13.376 GC heap after
{Heap after GC invocations=44 (full 0):
 garbage-first heap   total 860160K, used 311656K [0x0000000700000000, 0x0000000800000000)
  region size 2048K, 13 young (26624K), 13 survivors (26624K)
 Metaspace       used 181222K, committed 183872K, reserved 622592K
  class space    used 27595K, committed 28864K, reserved 425984K
}
Event: 13.620 GC heap before
{Heap before GC invocations=44 (full 0):
 garbage-first heap   total 860160K, used 772456K [0x0000000700000000, 0x0000000800000000)
  region size 2048K, 239 young (489472K), 13 survivors (26624K)
 Metaspace       used 183429K, committed 186112K, reserved 622592K
  class space    used 27875K, committed 29184K, reserved 425984K
}
Event: 13.627 GC heap after
{Heap after GC invocations=45 (full 0):
 garbage-first heap   total 999424K, used 319048K [0x0000000700000000, 0x0000000800000000)
  region size 2048K, 16 young (32768K), 16 survivors (32768K)
 Metaspace       used 183429K, committed 186112K, reserved 622592K
  class space    used 27875K, committed 29184K, reserved 425984K
}
Event: 14.277 GC heap before
{Heap before GC invocations=46 (full 0):
 garbage-first heap   total 999424K, used 882248K [0x0000000700000000, 0x0000000800000000)
  region size 2048K, 292 young (598016K), 16 survivors (32768K)
 Metaspace       used 183767K, committed 186432K, reserved 622592K
  class space    used 27876K, committed 29184K, reserved 425984K
}
Event: 14.284 GC heap after
{Heap after GC invocations=47 (full 0):
 garbage-first heap   total 999424K, used 321982K [0x0000000700000000, 0x0000000800000000)
  region size 2048K, 19 young (38912K), 19 survivors (38912K)
 Metaspace       used 183767K, committed 186432K, reserved 622592K
  class space    used 27876K, committed 29184K, reserved 425984K
}

Dll operation events (3 events):
Event: 0.007 Loaded shared library D:\Users\xvsu\AppData\Local\Programs\Android Studio 3\jbr\bin\java.dll
Event: 0.011 Loaded shared library D:\Users\xvsu\AppData\Local\Programs\Android Studio 3\jbr\bin\zip.dll
Event: 0.358 Loaded shared library D:\Users\xvsu\AppData\Local\Programs\Android Studio 3\jbr\bin\verify.dll

Deoptimization events (20 events):
Event: 14.268 Thread 0x000002cfdfb06780 DEOPT PACKING pc=0x000002cfb639f159 sp=0x000000ee102fe250
Event: 14.268 Thread 0x000002cfdfb06780 DEOPT UNPACKING pc=0x000002cfba8186e2 sp=0x000000ee102fd6f0 mode 0
Event: 14.268 Thread 0x000002cfdfb06780 DEOPT PACKING pc=0x000002cfb639f159 sp=0x000000ee102fe2c0
Event: 14.268 Thread 0x000002cfdfb06780 DEOPT UNPACKING pc=0x000002cfba8186e2 sp=0x000000ee102fd760 mode 0
Event: 14.268 Thread 0x000002cfd1a859e0 Uncommon trap: trap_request=0xffffffde fr.pc=0x000002cfbbe0b700 relative=0x0000000000000140
Event: 14.268 Thread 0x000002cfd1a859e0 Uncommon trap: reason=class_check action=maybe_recompile pc=0x000002cfbbe0b700 method=java.util.Collections$SetFromMap.contains(Ljava/lang/Object;)Z @ 5 c2
Event: 14.268 Thread 0x000002cfd1a859e0 DEOPT PACKING pc=0x000002cfbbe0b700 sp=0x000000ee009fd940
Event: 14.268 Thread 0x000002cfd1a859e0 DEOPT UNPACKING pc=0x000002cfba817ba2 sp=0x000000ee009fd8e8 mode 2
Event: 14.268 Thread 0x000002cfdfb06780 Uncommon trap: trap_request=0xffffff45 fr.pc=0x000002cfbb9158c8 relative=0x00000000000004c8
Event: 14.268 Thread 0x000002cfdfb06780 Uncommon trap: reason=unstable_if action=reinterpret pc=0x000002cfbb9158c8 method=com.esotericsoftware.kryo.io.Output.writeVarLong(JZ)I @ 55 c2
Event: 14.268 Thread 0x000002cfdfb06780 DEOPT PACKING pc=0x000002cfbb9158c8 sp=0x000000ee102fdf70
Event: 14.268 Thread 0x000002cfdfb06780 DEOPT UNPACKING pc=0x000002cfba817ba2 sp=0x000000ee102fdf40 mode 2
Event: 14.269 Thread 0x000002cfdfb06780 DEOPT PACKING pc=0x000002cfb639f159 sp=0x000000ee102fd930
Event: 14.269 Thread 0x000002cfdfb06780 DEOPT UNPACKING pc=0x000002cfba8186e2 sp=0x000000ee102fcdd0 mode 0
Event: 14.269 Thread 0x000002cfdfb06780 Uncommon trap: trap_request=0xffffff45 fr.pc=0x000002cfbb4a842c relative=0x000000000000074c
Event: 14.269 Thread 0x000002cfdfb06780 Uncommon trap: reason=unstable_if action=reinterpret pc=0x000002cfbb4a842c method=java.io.BufferedOutputStream.implWrite([BII)V @ 5 c2
Event: 14.269 Thread 0x000002cfdfb06780 DEOPT PACKING pc=0x000002cfbb4a842c sp=0x000000ee102fe330
Event: 14.269 Thread 0x000002cfdfb06780 DEOPT UNPACKING pc=0x000002cfba817ba2 sp=0x000000ee102fe1e8 mode 2
Event: 14.270 Thread 0x000002cfdfb06780 DEOPT PACKING pc=0x000002cfb639f159 sp=0x000000ee102fea70
Event: 14.270 Thread 0x000002cfdfb06780 DEOPT UNPACKING pc=0x000002cfba8186e2 sp=0x000000ee102fdf10 mode 0

Classes loaded (20 events):
Event: 13.173 Loading class java/nio/ByteBufferAsShortBufferL
Event: 13.173 Loading class java/nio/ByteBufferAsShortBufferL done
Event: 13.181 Loading class java/util/zip/Adler32
Event: 13.181 Loading class java/util/zip/Adler32 done
Event: 13.194 Loading class sun/nio/ch/ChannelOutputStream
Event: 13.194 Loading class sun/nio/ch/ChannelOutputStream done
Event: 13.194 Loading class java/util/zip/Deflater
Event: 13.194 Loading class java/util/zip/Deflater done
Event: 13.196 Loading class java/util/zip/Deflater$DeflaterZStreamRef
Event: 13.196 Loading class java/util/zip/Deflater$DeflaterZStreamRef done
Event: 13.199 Loading class java/util/zip/ZipOutputStream$XEntry
Event: 13.199 Loading class java/util/zip/ZipOutputStream$XEntry done
Event: 13.204 Loading class java/util/Vector$Itr
Event: 13.204 Loading class java/util/Vector$Itr done
Event: 13.209 Loading class java/util/concurrent/ConcurrentHashMap$TreeNode
Event: 13.209 Loading class java/util/concurrent/ConcurrentHashMap$TreeNode done
Event: 13.210 Loading class java/util/concurrent/ConcurrentHashMap$TreeBin
Event: 13.211 Loading class java/util/concurrent/ConcurrentHashMap$TreeBin done
Event: 14.154 Loading class java/time/Instant$1
Event: 14.154 Loading class java/time/Instant$1 done

Classes unloaded (20 events):
Event: 13.684 Thread 0x000002cfcc367c70 Unloading class 0x00000008016f5400 'java/lang/invoke/LambdaForm$DMH+0x00000008016f5400'
Event: 13.684 Thread 0x000002cfcc367c70 Unloading class 0x00000008016f4800 'java/lang/invoke/LambdaForm$DMH+0x00000008016f4800'
Event: 13.684 Thread 0x000002cfcc367c70 Unloading class 0x00000008016f4c00 'java/lang/invoke/LambdaForm$DMH+0x00000008016f4c00'
Event: 13.684 Thread 0x000002cfcc367c70 Unloading class 0x00000008016f4400 'java/lang/invoke/LambdaForm$DMH+0x00000008016f4400'
Event: 13.684 Thread 0x000002cfcc367c70 Unloading class 0x000000080152a000 'jdk/internal/reflect/GeneratedSerializationConstructorAccessor123'
Event: 13.684 Thread 0x000002cfcc367c70 Unloading class 0x0000000801528c00 'jdk/internal/reflect/GeneratedSerializationConstructorAccessor118'
Event: 13.684 Thread 0x000002cfcc367c70 Unloading class 0x0000000801528400 'jdk/internal/reflect/GeneratedSerializationConstructorAccessor116'
Event: 13.684 Thread 0x000002cfcc367c70 Unloading class 0x0000000801525800 'jdk/internal/reflect/GeneratedSerializationConstructorAccessor113'
Event: 13.684 Thread 0x000002cfcc367c70 Unloading class 0x0000000801525400 'jdk/internal/reflect/GeneratedSerializationConstructorAccessor112'
Event: 13.684 Thread 0x000002cfcc367c70 Unloading class 0x0000000801509800 'java/lang/invoke/LambdaForm$MH+0x0000000801509800'
Event: 13.684 Thread 0x000002cfcc367c70 Unloading class 0x0000000801508c00 'java/lang/invoke/LambdaForm$MH+0x0000000801508c00'
Event: 13.684 Thread 0x000002cfcc367c70 Unloading class 0x0000000801508800 'java/lang/invoke/LambdaForm$MH+0x0000000801508800'
Event: 13.684 Thread 0x000002cfcc367c70 Unloading class 0x0000000801507c00 'java/lang/invoke/LambdaForm$MH+0x0000000801507c00'
Event: 13.684 Thread 0x000002cfcc367c70 Unloading class 0x0000000801507400 'java/lang/invoke/LambdaForm$MH+0x0000000801507400'
Event: 13.684 Thread 0x000002cfcc367c70 Unloading class 0x0000000801506c00 'java/lang/invoke/LambdaForm$MH+0x0000000801506c00'
Event: 13.684 Thread 0x000002cfcc367c70 Unloading class 0x0000000801506400 'java/lang/invoke/LambdaForm$MH+0x0000000801506400'
Event: 13.684 Thread 0x000002cfcc367c70 Unloading class 0x0000000801505800 'java/lang/invoke/LambdaForm$MH+0x0000000801505800'
Event: 13.684 Thread 0x000002cfcc367c70 Unloading class 0x00000008014f5000 'java/lang/invoke/LambdaForm$MH+0x00000008014f5000'
Event: 13.684 Thread 0x000002cfcc367c70 Unloading class 0x00000008014f4800 'java/lang/invoke/LambdaForm$MH+0x00000008014f4800'
Event: 13.684 Thread 0x000002cfcc367c70 Unloading class 0x00000008014f4000 'java/lang/invoke/LambdaForm$MH+0x00000008014f4000'

Classes redefined (0 events):
No events

Internal exceptions (20 events):
Event: 14.336 Thread 0x000002cfd8c25270 Exception <a 'sun/nio/fs/WindowsException'{0x000000071d868e48}> (0x000000071d868e48) 
thrown [s\src\hotspot\share\prims\jni.cpp, line 537]
Event: 14.336 Thread 0x000002cfd3c1b930 Exception <a 'sun/nio/fs/WindowsException'{0x000000071dbbbed0}> (0x000000071dbbbed0) 
thrown [s\src\hotspot\share\prims\jni.cpp, line 537]
Event: 14.336 Thread 0x000002cfd3c19ef0 Exception <a 'sun/nio/fs/WindowsException'{0x000000071d400238}> (0x000000071d400238) 
thrown [s\src\hotspot\share\prims\jni.cpp, line 537]
Event: 14.336 Thread 0x000002cfd3c163e0 Exception <a 'sun/nio/fs/WindowsException'{0x000000071d593ca0}> (0x000000071d593ca0) 
thrown [s\src\hotspot\share\prims\jni.cpp, line 537]
Event: 14.337 Thread 0x000002cfd3c19860 Exception <a 'sun/nio/fs/WindowsException'{0x000000071d1e0130}> (0x000000071d1e0130) 
thrown [s\src\hotspot\share\prims\jni.cpp, line 537]
Event: 14.337 Thread 0x000002cfd3c17100 Exception <a 'sun/nio/fs/WindowsException'{0x000000071c940268}> (0x000000071c940268) 
thrown [s\src\hotspot\share\prims\jni.cpp, line 537]
Event: 14.338 Thread 0x000002cfd3c20e80 Exception <a 'sun/nio/fs/WindowsException'{0x000000071c7d57e0}> (0x000000071c7d57e0) 
thrown [s\src\hotspot\share\prims\jni.cpp, line 537]
Event: 14.338 Thread 0x000002cfd3c1cce0 Exception <a 'sun/nio/fs/WindowsException'{0x000000071c579800}> (0x000000071c579800) 
thrown [s\src\hotspot\share\prims\jni.cpp, line 537]
Event: 14.338 Thread 0x000002cfd3c18b40 Exception <a 'sun/nio/fs/WindowsException'{0x000000071c567260}> (0x000000071c567260) 
thrown [s\src\hotspot\share\prims\jni.cpp, line 537]
Event: 14.338 Thread 0x000002cfd3c1e720 Exception <a 'sun/nio/fs/WindowsException'{0x000000071c197840}> (0x000000071c197840) 
thrown [s\src\hotspot\share\prims\jni.cpp, line 537]
Event: 14.339 Thread 0x000002cfd3c20160 Exception <a 'sun/nio/fs/WindowsException'{0x000000071bca06e8}> (0x000000071bca06e8) 
thrown [s\src\hotspot\share\prims\jni.cpp, line 537]
Event: 14.340 Thread 0x000002cfd3c21ba0 Exception <a 'sun/nio/fs/WindowsException'{0x000000071b610c68}> (0x000000071b610c68) 
thrown [s\src\hotspot\share\prims\jni.cpp, line 537]
Event: 14.340 Thread 0x000002cfd3c191d0 Exception <a 'sun/nio/fs/WindowsException'{0x000000071b7769a0}> (0x000000071b7769a0) 
thrown [s\src\hotspot\share\prims\jni.cpp, line 537]
Event: 14.340 Thread 0x000002cfd3c228c0 Exception <a 'sun/nio/fs/WindowsException'{0x000000071b462c08}> (0x000000071b462c08) 
thrown [s\src\hotspot\share\prims\jni.cpp, line 537]
Event: 14.340 Thread 0x000002cfd50895f0 Exception <a 'sun/nio/fs/WindowsException'{0x000000071b4c0520}> (0x000000071b4c0520) 
thrown [s\src\hotspot\share\prims\jni.cpp, line 537]
Event: 14.341 Thread 0x000002cfd3c1a580 Exception <a 'sun/nio/fs/WindowsException'{0x000000071b079918}> (0x000000071b079918) 
thrown [s\src\hotspot\share\prims\jni.cpp, line 537]
Event: 14.341 Thread 0x000002cfd8c25900 Exception <a 'sun/nio/fs/WindowsException'{0x000000071ab8e348}> (0x000000071ab8e348) 
thrown [s\src\hotspot\share\prims\jni.cpp, line 537]
Event: 14.342 Thread 0x000002cfd3c1b930 Exception <a 'sun/nio/fs/WindowsException'{0x000000071a0000f8}> (0x000000071a0000f8) 
thrown [s\src\hotspot\share\prims\jni.cpp, line 537]
Event: 14.342 Thread 0x000002cfd8c25270 Exception <a 'sun/nio/fs/WindowsException'{0x000000071a309dc8}> (0x000000071a309dc8) 
thrown [s\src\hotspot\share\prims\jni.cpp, line 537]
Event: 14.342 Thread 0x000002cfd3c163e0 Exception <a 'sun/nio/fs/WindowsException'{0x000000071a1aaf48}> (0x000000071a1aaf48) 
thrown [s\src\hotspot\share\prims\jni.cpp, line 537]

ZGC Phase Switch (0 events):
No events

VM Operations (20 events):
Event: 13.736 Executing VM operation: G1PauseCleanup done
Event: 13.785 Executing VM operation: ICBufferFull
Event: 13.785 Executing VM operation: ICBufferFull done
Event: 13.796 Executing VM operation: HandshakeAllThreads (Deoptimize)
Event: 13.797 Executing VM operation: HandshakeAllThreads (Deoptimize) done
Event: 13.801 Executing VM operation: HandshakeAllThreads (Deoptimize)
Event: 13.802 Executing VM operation: HandshakeAllThreads (Deoptimize) done
Event: 13.828 Executing VM operation: ICBufferFull
Event: 13.829 Executing VM operation: ICBufferFull done
Event: 13.910 Executing VM operation: ICBufferFull
Event: 13.911 Executing VM operation: ICBufferFull done
Event: 13.972 Executing VM operation: ICBufferFull
Event: 13.973 Executing VM operation: ICBufferFull done
Event: 14.024 Executing VM operation: ICBufferFull
Event: 14.024 Executing VM operation: ICBufferFull done
Event: 14.158 Executing VM operation: HandshakeAllThreads (Deoptimize)
Event: 14.158 Executing VM operation: HandshakeAllThreads (Deoptimize) done
Event: 14.277 Executing VM operation: G1CollectForAllocation (G1 Evacuation Pause)
Event: 14.284 Executing VM operation: G1CollectForAllocation (G1 Evacuation Pause) done
Event: 14.342 Executing VM operation: G1CollectForAllocation (G1 Evacuation Pause)

Memory protections (0 events):
No events

Nmethod flushes (20 events):
Event: 13.698 Thread 0x000002cfcc367c70 flushing  nmethod 0x000002cfb3d45910
Event: 13.698 Thread 0x000002cfcc367c70 flushing  nmethod 0x000002cfb3e9a490
Event: 13.698 Thread 0x000002cfcc367c70 flushing  nmethod 0x000002cfb3e9c990
Event: 13.698 Thread 0x000002cfcc367c70 flushing  nmethod 0x000002cfb3e9d710
Event: 13.698 Thread 0x000002cfcc367c70 flushing  nmethod 0x000002cfb3e9db10
Event: 13.698 Thread 0x000002cfcc367c70 flushing  nmethod 0x000002cfb3e9ec10
Event: 13.698 Thread 0x000002cfcc367c70 flushing  nmethod 0x000002cfb3ea0890
Event: 13.698 Thread 0x000002cfcc367c70 flushing  nmethod 0x000002cfb4072e10
Event: 13.698 Thread 0x000002cfcc367c70 flushing  nmethod 0x000002cfb414cb10
Event: 13.698 Thread 0x000002cfcc367c70 flushing  nmethod 0x000002cfb414e190
Event: 13.698 Thread 0x000002cfcc367c70 flushing  nmethod 0x000002cfb41a7010
Event: 13.698 Thread 0x000002cfcc367c70 flushing  nmethod 0x000002cfb41a8610
Event: 13.698 Thread 0x000002cfcc367c70 flushing  nmethod 0x000002cfb4252e90
Event: 13.698 Thread 0x000002cfcc367c70 flushing  nmethod 0x000002cfb43ed210
Event: 13.698 Thread 0x000002cfcc367c70 flushing  nmethod 0x000002cfb44f1710
Event: 13.698 Thread 0x000002cfcc367c70 flushing  nmethod 0x000002cfb44f4090
Event: 13.698 Thread 0x000002cfcc367c70 flushing  nmethod 0x000002cfb45d6590
Event: 13.698 Thread 0x000002cfcc367c70 flushing  nmethod 0x000002cfb4dbdc90
Event: 13.698 Thread 0x000002cfcc367c70 flushing  nmethod 0x000002cfb4fbdf10
Event: 13.698 Thread 0x000002cfcc367c70 flushing  nmethod 0x000002cfb4fc5110

Events (20 events):
Event: 11.871 Thread 0x000002cfd8363e50 Thread added: 0x000002cfdeb6dbf0
Event: 11.872 Thread 0x000002cfd8363e50 Thread added: 0x000002cfdeb71d90
Event: 11.872 Thread 0x000002cfd8363e50 Thread added: 0x000002cfdeb73140
Event: 11.873 Thread 0x000002cfd8363e50 Thread added: 0x000002cfdeb71700
Event: 11.873 Thread 0x000002cfd8363e50 Thread added: 0x000002cfdeb758a0
Event: 11.874 Thread 0x000002cfd8363e50 Thread added: 0x000002cfdeb72420
Event: 11.874 Thread 0x000002cfd8363e50 Thread added: 0x000002cfdeb75f30
Event: 11.875 Thread 0x000002cfd8363e50 Thread added: 0x000002cfdeb737d0
Event: 11.875 Thread 0x000002cfd8363e50 Thread added: 0x000002cfdeb75210
Event: 11.876 Thread 0x000002cfd8363e50 Thread added: 0x000002cfdeb73e60
Event: 11.876 Thread 0x000002cfd8363e50 Thread added: 0x000002cfdeb744f0
Event: 11.877 Thread 0x000002cfd8363e50 Thread added: 0x000002cfdeb72ab0
Event: 11.877 Thread 0x000002cfd8363e50 Thread added: 0x000002cfdeb765c0
Event: 11.878 Thread 0x000002cfd8363e50 Thread added: 0x000002cfdeb772e0
Event: 11.879 Thread 0x000002cfd8363e50 Thread added: 0x000002cfdeb74b80
Event: 12.013 Thread 0x000002cfcc482360 Thread added: 0x000002cfdf884db0
Event: 12.431 Thread 0x000002cfcc482a30 Thread added: 0x000002cfdf881730
Event: 12.432 Thread 0x000002cfcc480820 Thread added: 0x000002cfdf885480
Event: 13.500 Thread 0x000002cfd81905a0 Thread exited: 0x000002cfd81905a0
Event: 13.891 Thread 0x000002cfdeb74b80 Thread exited: 0x000002cfdeb74b80


Dynamic libraries:
0x00007ff6c3170000 - 0x00007ff6c317a000 	D:\Users\xvsu\AppData\Local\Programs\Android Studio 3\jbr\bin\java.exe
0x00007ff94df80000 - 0x00007ff94e1e8000 	C:\Windows\SYSTEM32\ntdll.dll
0x00007ff94d6c0000 - 0x00007ff94d789000 	C:\Windows\System32\KERNEL32.DLL
0x00007ff94b280000 - 0x00007ff94b672000 	C:\Windows\System32\KERNELBASE.dll
0x00007ff94b800000 - 0x00007ff94b94b000 	C:\Windows\System32\ucrtbase.dll
0x00007ff92ab50000 - 0x00007ff92ab6b000 	D:\Users\xvsu\AppData\Local\Programs\Android Studio 3\jbr\bin\VCRUNTIME140.dll
0x00007ff9179e0000 - 0x00007ff9179f8000 	D:\Users\xvsu\AppData\Local\Programs\Android Studio 3\jbr\bin\jli.dll
0x00007ff94d850000 - 0x00007ff94da15000 	C:\Windows\System32\USER32.dll
0x00007ff94b950000 - 0x00007ff94b977000 	C:\Windows\System32\win32u.dll
0x00007ff920cd0000 - 0x00007ff920f63000 	C:\Windows\WinSxS\amd64_microsoft.windows.common-controls_6595b64144ccf1df_6.0.26100.6899_none_3e0efeeae32e88c1\COMCTL32.dll
0x00007ff94d690000 - 0x00007ff94d6bb000 	C:\Windows\System32\GDI32.dll
0x00007ff94bb60000 - 0x00007ff94bc8d000 	C:\Windows\System32\gdi32full.dll
0x00007ff94d030000 - 0x00007ff94d0d9000 	C:\Windows\System32\msvcrt.dll
0x00007ff94ba10000 - 0x00007ff94bab3000 	C:\Windows\System32\msvcp_win.dll
0x00007ff94d650000 - 0x00007ff94d67f000 	C:\Windows\System32\IMM32.DLL
0x00007ff927c80000 - 0x00007ff927d72000 	D:\Program Files\Windhawk\Engine\1.7.3\64\windhawk.dll
0x00007ff94d170000 - 0x00007ff94d224000 	C:\Windows\System32\ADVAPI32.dll
0x00007ff94d7a0000 - 0x00007ff94d846000 	C:\Windows\System32\sechost.dll
0x00007ff94da70000 - 0x00007ff94db88000 	C:\Windows\System32\RPCRT4.dll
0x00007ff948120000 - 0x00007ff94812c000 	D:\Users\xvsu\AppData\Local\Programs\Android Studio 3\jbr\bin\vcruntime140_1.dll
0x00007ff8f7fc0000 - 0x00007ff8f804d000 	D:\Users\xvsu\AppData\Local\Programs\Android Studio 3\jbr\bin\msvcp140.dll
0x00007ff8a62e0000 - 0x00007ff8a6f76000 	D:\Users\xvsu\AppData\Local\Programs\Android Studio 3\jbr\bin\server\jvm.dll
0x00007ff94d320000 - 0x00007ff94d394000 	C:\Windows\System32\WS2_32.dll
0x00007ff93d230000 - 0x00007ff93d23b000 	C:\Windows\SYSTEM32\VERSION.dll
0x00007ff94af70000 - 0x00007ff94afce000 	C:\Windows\SYSTEM32\POWRPROF.dll
0x00007ff93d620000 - 0x00007ff93d655000 	C:\Windows\SYSTEM32\WINMM.dll
0x00007ff94af50000 - 0x00007ff94af64000 	C:\Windows\SYSTEM32\UMPDC.dll
0x00007ff949ee0000 - 0x00007ff949efb000 	C:\Windows\SYSTEM32\kernel.appcore.dll
0x00007ff935100000 - 0x00007ff93510a000 	D:\Users\xvsu\AppData\Local\Programs\Android Studio 3\jbr\bin\jimage.dll
0x00007ff936380000 - 0x00007ff9365c2000 	C:\Windows\SYSTEM32\DBGHELP.DLL
0x00007ff94bd50000 - 0x00007ff94c0cb000 	C:\Windows\System32\combase.dll
0x00007ff94d230000 - 0x00007ff94d307000 	C:\Windows\System32\OLEAUT32.dll
0x00007ff92a8e0000 - 0x00007ff92a91c000 	C:\Windows\SYSTEM32\dbgcore.DLL
0x00007ff94bac0000 - 0x00007ff94bb58000 	C:\Windows\System32\bcryptPrimitives.dll
0x00007ff9431e0000 - 0x00007ff9431ee000 	D:\Users\xvsu\AppData\Local\Programs\Android Studio 3\jbr\bin\instrument.dll
0x00007ff927d80000 - 0x00007ff927da0000 	D:\Users\xvsu\AppData\Local\Programs\Android Studio 3\jbr\bin\java.dll
0x00007ff925f50000 - 0x00007ff925f68000 	D:\Users\xvsu\AppData\Local\Programs\Android Studio 3\jbr\bin\zip.dll
0x00007ff94c6c0000 - 0x00007ff94ce0d000 	C:\Windows\System32\SHELL32.dll
0x00007ff94b110000 - 0x00007ff94b27b000 	C:\Windows\System32\wintypes.dll
0x00007ff948d40000 - 0x00007ff94959d000 	C:\Windows\SYSTEM32\windows.storage.dll
0x00007ff94dd70000 - 0x00007ff94de62000 	C:\Windows\System32\SHCORE.dll
0x00007ff94d3a0000 - 0x00007ff94d402000 	C:\Windows\System32\shlwapi.dll
0x00007ff94b030000 - 0x00007ff94b059000 	C:\Windows\SYSTEM32\profapi.dll
0x00007ff9316c0000 - 0x00007ff9316d0000 	D:\Users\xvsu\AppData\Local\Programs\Android Studio 3\jbr\bin\net.dll
0x00007ff943a80000 - 0x00007ff943b9f000 	C:\Windows\SYSTEM32\WINHTTP.dll
0x00007ff94a450000 - 0x00007ff94a4bb000 	C:\Windows\system32\mswsock.dll
0x00007ff925f30000 - 0x00007ff925f46000 	D:\Users\xvsu\AppData\Local\Programs\Android Studio 3\jbr\bin\nio.dll
0x00007ff92fab0000 - 0x00007ff92fac0000 	D:\Users\xvsu\AppData\Local\Programs\Android Studio 3\jbr\bin\verify.dll
0x00007ff904530000 - 0x00007ff904557000 	C:\Users\xvsu\.gradle\native\660c5614fbf4a5f2a75b1949f50a0caf5cd603558e7d8a26e50b933a0cfb79d1\windows-amd64\native-platform.dll
0x00007ff8fc2a0000 - 0x00007ff8fc317000 	C:\Users\xvsu\.gradle\native\0.2.8\x86_64-windows-gnu\gradle-fileevents.dll
0x00007ff92ac90000 - 0x00007ff92ac99000 	D:\Users\xvsu\AppData\Local\Programs\Android Studio 3\jbr\bin\management.dll
0x00007ff92ac60000 - 0x00007ff92ac6b000 	D:\Users\xvsu\AppData\Local\Programs\Android Studio 3\jbr\bin\management_ext.dll
0x00007ff94d310000 - 0x00007ff94d318000 	C:\Windows\System32\PSAPI.DLL
0x00007ff949a30000 - 0x00007ff949a64000 	C:\Windows\SYSTEM32\IPHLPAPI.DLL
0x00007ff94d460000 - 0x00007ff94d46a000 	C:\Windows\System32\NSI.dll
0x00007ff92c960000 - 0x00007ff92c969000 	D:\Users\xvsu\AppData\Local\Programs\Android Studio 3\jbr\bin\extnet.dll
0x00007ff94a710000 - 0x00007ff94a72b000 	C:\Windows\SYSTEM32\CRYPTSP.dll
0x00007ff949e40000 - 0x00007ff949e7b000 	C:\Windows\system32\rsaenh.dll
0x00007ff94a4f0000 - 0x00007ff94a51b000 	C:\Windows\SYSTEM32\USERENV.dll
0x00007ff94b000000 - 0x00007ff94b026000 	C:\Windows\SYSTEM32\bcrypt.dll
0x00007ff94a700000 - 0x00007ff94a70c000 	C:\Windows\SYSTEM32\CRYPTBASE.dll
0x00007ff926a20000 - 0x00007ff926a28000 	C:\Windows\system32\wshunix.dll

JVMTI agents:
C:\Users\xvsu\.gradle\wrapper\dists\gradle-9.3.0-bin\79n14ral3mx1ozqr3csh2u872\gradle-9.3.0\lib\agents\gradle-instrumentation-agent-9.3.0.jar path:D:\Users\xvsu\AppData\Local\Programs\Android Studio 3\jbr\bin\instrument.dll, loaded, initialized, instrumentlib options:none

dbghelp: loaded successfully - version: 4.0.5 - missing functions: none
symbol engine: initialized successfully - sym options: 0x614 - pdb path: .;D:\Users\xvsu\AppData\Local\Programs\Android Studio 3\jbr\bin;C:\Windows\SYSTEM32;C:\Windows\WinSxS\amd64_microsoft.windows.common-controls_6595b64144ccf1df_6.0.26100.6899_none_3e0efeeae32e88c1;D:\Program Files\Windhawk\Engine\1.7.3\64;D:\Users\xvsu\AppData\Local\Programs\Android Studio 3\jbr\bin\server;C:\Users\xvsu\.gradle\native\660c5614fbf4a5f2a75b1949f50a0caf5cd603558e7d8a26e50b933a0cfb79d1\windows-amd64;C:\Users\xvsu\.gradle\native\0.2.8\x86_64-windows-gnu

VM Arguments:
jvm_args: --add-opens=java.base/java.lang=ALL-UNNAMED --add-opens=java.base/java.lang.invoke=ALL-UNNAMED --add-opens=java.base/java.util=ALL-UNNAMED --add-opens=java.prefs/java.util.prefs=ALL-UNNAMED --add-exports=jdk.compiler/com.sun.tools.javac.api=ALL-UNNAMED --add-exports=jdk.compiler/com.sun.tools.javac.util=ALL-UNNAMED --add-opens=java.base/java.util=ALL-UNNAMED --add-opens=java.prefs/java.util.prefs=ALL-UNNAMED --add-opens=java.base/java.nio.charset=ALL-UNNAMED --add-opens=java.base/java.net=ALL-UNNAMED --add-opens=java.base/java.util.concurrent=ALL-UNNAMED --add-opens=java.base/java.util.concurrent.atomic=ALL-UNNAMED --add-opens=java.xml/javax.xml.namespace=ALL-UNNAMED --add-opens=java.base/java.time=ALL-UNNAMED -XX:MaxMetaspaceSize=512m -Xmx4g -Dfile.encoding=UTF-8 -Duser.country=CN -Duser.language=zh -Duser.variant -javaagent:C:\Users\xvsu\.gradle\wrapper\dists\gradle-9.3.0-bin\79n14ral3mx1ozqr3csh2u872\gradle-9.3.0\lib\agents\gradle-instrumentation-agent-9.3.0.jar 
java_command: org.gradle.launcher.daemon.bootstrap.GradleDaemon 9.3.0
java_class_path (initial): C:\Users\xvsu\.gradle\wrapper\dists\gradle-9.3.0-bin\79n14ral3mx1ozqr3csh2u872\gradle-9.3.0\lib\gradle-daemon-main-9.3.0.jar
Launcher Type: SUN_STANDARD

[Global flags]
     intx CICompilerCount                          = 15                                        {product} {ergonomic}
   size_t CompressedClassSpaceSize                 = 436207616                                 {product} {ergonomic}
     uint ConcGCThreads                            = 6                                         {product} {ergonomic}
     uint G1ConcRefinementThreads                  = 23                                        {product} {ergonomic}
   size_t G1HeapRegionSize                         = 2097152                                   {product} {ergonomic}
    uintx GCDrainStackTargetSize                   = 64                                        {product} {ergonomic}
   size_t InitialHeapSize                          = 524288000                                 {product} {ergonomic}
   size_t MarkStackSize                            = 4194304                                   {product} {ergonomic}
   size_t MaxHeapSize                              = 4294967296                                {product} {command line}
   size_t MaxMetaspaceSize                         = 536870912                                 {product} {command line}
   size_t MaxNewSize                               = 2575302656                                {product} {ergonomic}
   size_t MinHeapDeltaBytes                        = 2097152                                   {product} {ergonomic}
   size_t MinHeapSize                              = 8388608                                   {product} {ergonomic}
    uintx NonNMethodCodeHeapSize                   = 8192380                                {pd product} {ergonomic}
    uintx NonProfiledCodeHeapSize                  = 121732930                              {pd product} {ergonomic}
    uintx ProfiledCodeHeapSize                     = 121732930                              {pd product} {ergonomic}
    uintx ReservedCodeCacheSize                    = 251658240                              {pd product} {ergonomic}
     bool SegmentedCodeCache                       = true                                      {product} {ergonomic}
   size_t SoftMaxHeapSize                          = 4294967296                             {manageable} {ergonomic}
     bool UseCompressedOops                        = true                           {product lp64_product} {ergonomic}
     bool UseG1GC                                  = true                                      {product} {ergonomic}
     bool UseLargePagesIndividualAllocation        = false                                  {pd product} {ergonomic}

Logging:
Log output configuration:
 #0: stdout all=warning uptime,level,tags foldmultilines=false
 #1: stderr all=off uptime,level,tags foldmultilines=false

Release file:
JAVA_VERSION="21.0.9" 
MODULES="java.base java.compiler java.datatransfer java.xml java.prefs java.desktop java.instrument java.logging java.management java.security.sasl java.naming java.rmi java.management.rmi java.net.http java.scripting java.security.jgss java.transaction.xa java.sql java.sql.rowset java.xml.crypto java.se java.smartcardio jdk.accessibility jdk.internal.jvmstat jdk.attach jdk.charsets jdk.internal.opt jdk.zipfs jdk.compiler jdk.crypto.ec jdk.crypto.cryptoki jdk.dynalink jdk.hotspot.agent jdk.httpserver jdk.internal.ed jdk.internal.le jdk.internal.vm.ci jdk.jartool jdk.javadoc jdk.jcmd jdk.jdeps jdk.jdwp.agent jdk.jdi jdk.jfr jdk.jlink jdk.jsobject jdk.localedata jdk.management jdk.management.agent jdk.management.jfr jdk.naming.dns jdk.naming.rmi jdk.net jdk.sctp jdk.security.auth jdk.security.jgss jdk.unsupported jdk.unsupported.desktop jdk.xml.dom" 
IMPLEMENTOR="JetBrains s.r.o." 
JAVA_RUNTIME_VERSION="21.0.9+-14649483-b1163.86" 
LIBC="default" 
OS_ARCH="x86_64" 
OS_NAME="Windows" 
SOURCE=".:git:554d0c326095" 

Environment Variables:
PATH=D:\py3.14amd64\Scripts\;D:\py3.14amd64\;C:\Windows\system32;C:\Windows;C:\Windows\System32\Wbem;C:\Windows\System32\WindowsPowerShell\v1.0\;C:\Windows\System32\OpenSSH\;C:\Program Files (x86)\NVIDIA Corporation\PhysX\Common;C:\Program Files\NVIDIA Corporation\NVIDIA App\NvDLISR;D:\x86_64-15.2.0-release-posix-seh-ucrt-rt_v13-rev0\mingw64\bin;D:\NodeJS\;D:\Git\Git\cmd;C:\Users\xvsu\AppData\Roaming\.minecraft\runtime\java-runtime-delta\bin;D:\Flash\flash工具箱\platform-tools-latest-windows\platform-tools;D:\Program Files\flutter_windows_3.38.6-stable\flutter\bin;D:\x86_64-15.2.0-release-posix-seh-ucrt-rt_v13-rev0\Kotlin\win_kotlin\kotlin-native-prebuilt-windows-x86_64-2.3.20\bin;D:\x86_64-15.2.0-release-posix-seh-ucrt-rt_v13-rev0\Kotlinc-unnative\kotlin-compiler-2.3.20\kotlinc\bin;D:\Program Files\Sunshine;D:\Program Files\Sunshine\tools;D:\Users\xvsu\scoop\shims;D:\Users\xvsu\.bun\bin;D:\Users\xvsu\scoop\apps\opencode-desktop\1.3.17;C:\Program Files\Tailscale\;D:\GNUMATLAB\matlab\runtime\win64;D:\GNUMATLAB\matlab\bin;D:\py3.14amd64\Scripts\;D:\py3.14amd64\;C:\Windows\system32;C:\Windows;C:\Windows\System32\Wbem;C:\Windows\System32\WindowsPowerShell\v1.0\;C:\Windows\System32\OpenSSH\;C:\Program Files (x86)\NVIDIA Corporation\PhysX\Common;C:\Program Files\NVIDIA Corporation\NVIDIA App\NvDLISR;D:\x86_64-15.2.0-release-posix-seh-ucrt-rt_v13-rev0\mingw64\bin;D:\NodeJS\;D:\Git\Git\cmd;C:\Users\xvsu\AppData\Roaming\.minecraft\runtime\java-runtime-delta\bin;D:\Flash\flash工具箱\platform-tools-latest-windows\platform-tools;D:\Program Files\flutter_windows_3.38.6-stable\flutter\bin;D:\x86_64-15.2.0-release-posix-seh-ucrt-rt_v13-rev0\Kotlin\win_kotlin\kotlin-native-prebuilt-windows-x86_64-2.3.20\bin;D:\x86_64-15.2.0-release-posix-seh-ucrt-rt_v13-rev0\Kotlinc-unnative\kotlin-compiler-2.3.20\kotlinc\bin;;D:\Program Files\Sunshine;D:\Program Files\Sunshine\tools;C:\Users\xvsu\scoop\shims;C:\Users\xvsu\AppData\Local\Microsoft\WindowsApps;D:\Microsoft VS Code\bin;C:\Users\xvsu\AppData\Roaming\npm;D:\Program Files (x86)\Nmap;C:\Users\xvsu\AppData\Local\JetBrains\Toolbox\scripts;D:\Users\xvsu\scoop\shims;C:\Users\xvsu\.bun\bin;c:\users\xvsu\.local\bin
USERNAME=xvsu
OS=Windows_NT
PROCESSOR_IDENTIFIER=AMD64 Family 26 Model 68 Stepping 0, AuthenticAMD
TMP=C:\Users\xvsu\AppData\Local\Temp
TEMP=C:\Users\xvsu\AppData\Local\Temp




Periodic native trim disabled

JNI global refs:
JNI global refs: 45, weak refs: 265

JNI global refs memory usage: 835, weak refs: 5257

Process memory usage:
Resident Set Size: 1633392K (4% of 32701200K total physical memory with 1090672K free physical memory)

OOME stack traces (most recent first):
Classloader memory used:
Loader org.gradle.internal.classloader.VisitableURLClassLoader$InstrumentingVisitableURLClassLoader: 90511K
Loader org.gradle.internal.classloader.VisitableURLClassLoader                         : 46760K
Loader bootstrap                                                                       : 30169K
Loader org.gradle.initialization.MixInLegacyTypesClassLoader                           : 14759K
Loader jdk.internal.reflect.DelegatingClassLoader                                      : 531K
Loader org.gradle.groovy.scripts.internal.DefaultScriptCompilationHandler$ScriptClassLoader: 528K
Loader jdk.internal.loader.ClassLoaders$AppClassLoader                                 : 229K
Loader jdk.internal.loader.ClassLoaders$PlatformClassLoader                            : 188K
Loader org.gradle.internal.classloader.VisitableURLClassLoader                         : 92536B

Classes loaded by more than one classloader:
Class com.google.common.collect.Iterables                                             : loaded 3 times (x 71B)
Class com.google.common.collect.Iterators$MergingIterator                             : loaded 3 times (x 81B)
Class com.google.common.cache.AbstractCache$StatsCounter                              : loaded 3 times (x 70B)
Class com.google.common.collect.ImmutableList$SubList                                 : loaded 3 times (x 209B)
Class com.google.common.collect.ForwardingObject                                      : loaded 3 times (x 72B)
Class com.google.common.cache.CacheLoader$1                                           : loaded 3 times (x 75B)
Class com.google.common.collect.ImmutableSet$SetBuilderImpl                           : loaded 3 times (x 76B)
Class com.google.common.cache.LocalCache$EntryFactory$8                               : loaded 3 times (x 83B)
Class com.google.common.collect.ImmutableList                                         : loaded 3 times (x 206B)
Class com.google.common.collect.ImmutableSet$EmptySetBuilderImpl                      : loaded 3 times (x 76B)
Class com.google.common.cache.LocalCache$EntryFactory$7                               : loaded 3 times (x 83B)
Class com.google.common.collect.Maps$KeySet                                           : loaded 3 times (x 137B)
Class com.google.common.cache.LocalCache$EntryFactory$6                               : loaded 3 times (x 83B)
Class com.google.common.cache.LocalCache$EntryFactory$5                               : loaded 3 times (x 83B)
Class com.google.common.collect.ImmutableSet$Builder                                  : loaded 3 times (x 85B)
Class com.google.common.base.CharMatcher$InRange                                      : loaded 3 times (x 111B)
Class com.google.common.cache.LocalCache$EntryFactory$4                               : loaded 3 times (x 83B)
Class com.google.common.collect.ImmutableMapEntrySet$RegularEntrySet                  : loaded 3 times (x 152B)
Class com.google.common.collect.Maps$BiMapConverter                                   : loaded 3 times (x 90B)
Class com.google.common.base.Ticker$1                                                 : loaded 3 times (x 72B)
Class com.google.common.cache.LocalCache$EntryFactory$3                               : loaded 3 times (x 83B)
Class org.objectweb.asm.ModuleWriter                                                  : loaded 3 times (x 82B)
Class com.google.common.cache.LocalCache$EntryFactory$2                               : loaded 3 times (x 83B)
Class com.google.common.base.CharMatcher$1                                            : loaded 3 times (x 113B)
Class com.google.common.base.CharMatcher$NamedFastMatcher                             : loaded 3 times (x 112B)
Class [Lcom.google.common.cache.RemovalListener;                                      : loaded 3 times (x 69B)
Class com.google.common.cache.LocalCache$EntryFactory$1                               : loaded 3 times (x 83B)
Class org.objectweb.asm.MethodVisitor                                                 : loaded 3 times (x 105B)
Class org.objectweb.asm.Frame                                                         : loaded 3 times (x 73B)
Class com.google.common.base.Joiner$2                                                 : loaded 3 times (x 79B)
Class com.google.common.collect.PeekingIterator                                       : loaded 3 times (x 70B)
Class com.google.common.base.CharMatcher                                              : loaded 3 times (x 111B)
Class org.objectweb.asm.ClassTooLargeException                                        : loaded 3 times (x 83B)
Class org.objectweb.asm.CurrentFrame                                                  : loaded 3 times (x 73B)
Class org.objectweb.asm.Label                                                         : loaded 3 times (x 73B)
Class com.google.common.base.Joiner$1                                                 : loaded 3 times (x 80B)
Class com.google.common.base.Preconditions                                            : loaded 3 times (x 71B)
Class com.google.common.collect.Hashing                                               : loaded 3 times (x 71B)
Class com.google.common.base.PairwiseEquivalence                                      : loaded 3 times (x 83B)
Class com.google.common.base.Equivalence$Identity                                     : loaded 3 times (x 82B)
Class com.google.common.base.Equivalence$Equals                                       : loaded 3 times (x 82B)
Class com.google.common.util.concurrent.AbstractFuture$Failure                        : loaded 3 times (x 72B)
Class com.google.common.base.PatternCompiler                                          : loaded 3 times (x 70B)
Class com.google.common.collect.RegularImmutableMap$KeySet                            : loaded 3 times (x 152B)
Class com.google.common.base.CharMatcher$Is                                           : loaded 3 times (x 111B)
Class com.google.common.base.CharMatcher$Negated                                      : loaded 3 times (x 113B)
Class com.google.common.cache.LocalCache$ValueReference                               : loaded 3 times (x 70B)
Class com.google.common.collect.RegularImmutableBiMap                                 : loaded 3 times (x 149B)
Class com.google.common.collect.RegularImmutableMap$BucketOverflowException           : loaded 3 times (x 82B)
Class [Lcom.google.common.cache.Weigher;                                              : loaded 3 times (x 69B)
Class org.objectweb.asm.MethodWriter                                                  : loaded 3 times (x 106B)
Class com.google.common.cache.LoadingCache                                            : loaded 3 times (x 70B)
Class com.google.common.util.concurrent.AbstractFuture$TrustedFuture                  : loaded 3 times (x 114B)
Class com.google.common.cache.LocalCache$StrongEntry                                  : loaded 3 times (x 108B)
Class com.google.common.collect.ImmutableSet$RegularSetBuilderImpl                    : loaded 3 times (x 77B)
Class com.google.common.cache.CacheLoader$InvalidCacheLoadException                   : loaded 3 times (x 82B)
Class org.objectweb.asm.SymbolTable                                                   : loaded 3 times (x 72B)
Class com.google.common.cache.LocalCache$AbstractReferenceEntry                       : loaded 3 times (x 107B)
Class com.google.common.cache.LocalCache$EntryFactory                                 : loaded 3 times (x 83B)
Class com.google.common.collect.SortedMapDifference                                   : loaded 3 times (x 70B)
Class com.google.common.collect.CollectPreconditions                                  : loaded 3 times (x 71B)
Class com.google.common.collect.ImmutableEntry                                        : loaded 3 times (x 82B)
Class [Lcom.google.common.collect.AbstractMapEntry;                                   : loaded 3 times (x 69B)
Class com.google.common.cache.CacheBuilder$3                                          : loaded 3 times (x 72B)
Class com.google.common.collect.ArrayListMultimap                                     : loaded 3 times (x 172B)
Class com.google.common.base.CharMatcher$NegatedFastMatcher                           : loaded 3 times (x 113B)
Class com.google.common.cache.CacheBuilder$2                                          : loaded 3 times (x 79B)
Class com.google.common.cache.LocalCache                                              : loaded 3 times (x 187B)
Class com.google.common.collect.ImmutableMap                                          : loaded 3 times (x 120B)
Class com.google.common.base.Predicate                                                : loaded 3 times (x 70B)
Class com.google.common.cache.CacheBuilder$1                                          : loaded 3 times (x 85B)
Class [Lcom.google.common.cache.LocalCache$Strength;                                  : loaded 3 times (x 69B)
Class [Lcom.google.common.cache.LocalCache$Segment;                                   : loaded 3 times (x 69B)
Class com.google.common.base.CharMatcher$FastMatcher                                  : loaded 3 times (x 111B)
Class com.google.common.base.Ticker                                                   : loaded 3 times (x 72B)
Class org.objectweb.asm.Handler                                                       : loaded 3 times (x 72B)
Class com.google.common.collect.Sets                                                  : loaded 3 times (x 71B)
Class com.google.common.base.Strings                                                  : loaded 3 times (x 71B)
Class com.google.common.base.Supplier                                                 : loaded 3 times (x 70B)
Class org.objectweb.asm.Attribute                                                     : loaded 3 times (x 77B)
Class com.google.common.base.CharMatcher$Or                                           : loaded 3 times (x 112B)
Class com.google.common.base.CharMatcher$IsEither                                     : loaded 3 times (x 111B)
Class com.google.common.util.concurrent.AbstractFuture$Listener                       : loaded 3 times (x 72B)
Class org.objectweb.asm.RecordComponentWriter                                         : loaded 3 times (x 78B)
Class com.google.common.cache.CacheStats                                              : loaded 3 times (x 71B)
Class org.objectweb.asm.AnnotationWriter                                              : loaded 3 times (x 79B)
Class com.google.common.collect.ImmutableSet                                          : loaded 3 times (x 145B)
Class com.google.common.collect.RegularImmutableMap$Values                            : loaded 3 times (x 207B)
Class com.google.common.base.CharMatcher$BitSetMatcher                                : loaded 3 times (x 112B)
Class org.objectweb.asm.Symbol                                                        : loaded 3 times (x 73B)
Class com.google.common.math.IntMath$1                                                : loaded 3 times (x 71B)
Class [Lcom.google.common.cache.CacheBuilder$NullListener;                            : loaded 3 times (x 69B)
Class org.objectweb.asm.ByteVector                                                    : loaded 3 times (x 79B)
Class org.objectweb.asm.Type                                                          : loaded 3 times (x 72B)
Class com.google.common.cache.LocalCache$StrongValueReference                         : loaded 3 times (x 90B)
Class com.google.common.collect.Sets$SetView                                          : loaded 3 times (x 138B)
Class com.google.common.collect.Maps$8                                                : loaded 3 times (x 82B)
Class [Lorg.objectweb.asm.AnnotationWriter;                                           : loaded 3 times (x 69B)
Class com.google.common.base.Platform                                                 : loaded 3 times (x 71B)
Class com.google.common.cache.LocalCache$LoadingValueReference                        : loaded 3 times (x 96B)
Class [Lcom.google.common.collect.ImmutableEntry;                                     : loaded 3 times (x 69B)
Class com.google.common.collect.Maps                                                  : loaded 3 times (x 71B)
Class com.google.common.util.concurrent.LazyLogger                                    : loaded 3 times (x 72B)
Class com.google.common.util.concurrent.Uninterruptibles                              : loaded 3 times (x 71B)
Class com.google.common.collect.RegularImmutableList                                  : loaded 3 times (x 213B)
Class com.google.common.cache.CacheBuilder$OneWeigher                                 : loaded 3 times (x 82B)
Class com.google.common.collect.ImmutableMapEntry$NonTerminalImmutableMapEntry        : loaded 3 times (x 85B)
Class com.google.common.base.Function                                                 : loaded 3 times (x 70B)
Class com.google.common.base.Equivalence                                              : loaded 3 times (x 82B)
Class com.google.common.collect.ImmutableMapEntry                                     : loaded 3 times (x 85B)
Class com.google.common.math.IntMath                                                  : loaded 3 times (x 71B)
Class com.google.common.collect.AbstractMapBasedMultimap$KeySet                       : loaded 3 times (x 137B)
Class com.google.common.base.CharMatcher$IsNot                                        : loaded 3 times (x 111B)
Class com.google.common.collect.ImmutableEnumSet                                      : loaded 3 times (x 146B)
Class com.google.common.cache.LocalCache$LocalManualCache                             : loaded 3 times (x 99B)
Class com.google.common.base.CommonPattern                                            : loaded 3 times (x 74B)
Class [Lcom.google.common.cache.LocalCache$EntryFactory;                              : loaded 3 times (x 69B)
Class com.google.common.collect.Maps$EntryTransformer                                 : loaded 3 times (x 70B)
Class com.google.common.cache.CacheLoader$SupplierToCacheLoader                       : loaded 3 times (x 75B)
Class com.google.common.util.concurrent.ExecutionError                                : loaded 3 times (x 82B)
Class org.objectweb.asm.RecordComponentVisitor                                        : loaded 3 times (x 77B)
Class com.google.common.collect.RegularImmutableSet                                   : loaded 3 times (x 149B)
Class com.google.common.collect.ImmutableAsList                                       : loaded 3 times (x 209B)
Class com.google.common.collect.Iterators$9                                           : loaded 3 times (x 81B)
Class com.google.common.collect.ImmutableList$1                                       : loaded 3 times (x 97B)
Class com.google.common.base.FunctionalEquivalence                                    : loaded 3 times (x 83B)
Class com.google.common.util.concurrent.AbstractFuture                                : loaded 3 times (x 106B)
Class com.google.common.collect.AbstractMapBasedMultimap                              : loaded 3 times (x 139B)
Class com.google.common.collect.ImmutableSet$CachingAsList                            : loaded 3 times (x 148B)
Class com.google.common.base.Converter                                                : loaded 3 times (x 90B)
Class com.google.common.cache.ReferenceEntry                                          : loaded 3 times (x 70B)
Class com.google.common.util.concurrent.ListenableFuture                              : loaded 3 times (x 70B)
Class com.google.common.collect.Lists                                                 : loaded 3 times (x 71B)
Class com.google.common.collect.ImmutableCollection                                   : loaded 3 times (x 125B)
Class com.google.common.base.CharMatcher$AnyOf                                        : loaded 3 times (x 112B)
Class com.google.common.base.CharMatcher$ForPredicate                                 : loaded 3 times (x 112B)
Class com.google.common.cache.LocalCache$LocalManualCache$1                           : loaded 3 times (x 75B)
Class com.google.common.collect.ImmutableSet$JdkBackedSetBuilderImpl                  : loaded 3 times (x 76B)
Class com.google.common.collect.Iterators$5                                           : loaded 3 times (x 82B)
Class com.google.common.util.concurrent.internal.InternalFutureFailureAccess          : loaded 3 times (x 72B)
Class com.google.common.collect.ImmutableBiMap                                        : loaded 3 times (x 143B)
Class com.google.common.collect.Iterators$4                                           : loaded 3 times (x 82B)
Class com.google.common.cache.CacheLoader                                             : loaded 3 times (x 74B)
Class [Lorg.objectweb.asm.SymbolTable$Entry;                                          : loaded 3 times (x 69B)
Class com.google.common.collect.AbstractListMultimap                                  : loaded 3 times (x 172B)
Class com.google.common.cache.LocalCache$Segment                                      : loaded 3 times (x 154B)
Class com.google.common.collect.ImmutableMap$IteratorBasedImmutableMap                : loaded 3 times (x 126B)
Class com.google.common.collect.SingletonImmutableSet                                 : loaded 3 times (x 146B)
Class com.google.common.cache.LocalCache$ComputingValueReference                      : loaded 3 times (x 96B)
Class com.google.common.collect.Iterators$1                                           : loaded 3 times (x 81B)
Class com.google.common.base.Suppliers$SupplierOfInstance                             : loaded 3 times (x 79B)
Class org.objectweb.asm.Edge                                                          : loaded 3 times (x 72B)
Class org.objectweb.asm.SymbolTable$Entry                                             : loaded 3 times (x 74B)
Class com.google.common.collect.ImmutableList$ReverseImmutableList                    : loaded 3 times (x 209B)
Class com.google.common.base.JdkPattern                                               : loaded 3 times (x 75B)
Class com.google.common.collect.RegularImmutableMap                                   : loaded 3 times (x 121B)
Class com.google.common.collect.ImmutableMap$MapViewOfValuesAsSingletonSets           : loaded 3 times (x 126B)
Class com.google.common.collect.SingletonImmutableList                                : loaded 3 times (x 207B)
Class com.google.common.cache.CacheBuilder                                            : loaded 3 times (x 72B)
Class com.google.common.collect.Multimap                                              : loaded 3 times (x 70B)
Class com.google.common.primitives.IntsMethodsForWeb                                  : loaded 3 times (x 71B)
Class com.google.common.cache.RemovalListener                                         : loaded 3 times (x 70B)
Class com.google.common.collect.ImmutableMap$Builder                                  : loaded 3 times (x 82B)
Class com.google.common.util.concurrent.AbstractFuture$Cancellation                   : loaded 3 times (x 72B)
Class com.google.common.cache.Cache                                                   : loaded 3 times (x 70B)
Class com.google.common.cache.LocalCache$Strength                                     : loaded 3 times (x 81B)
Class com.google.common.base.Stopwatch                                                : loaded 3 times (x 72B)
Class com.google.common.cache.Weigher                                                 : loaded 3 times (x 70B)
Class com.google.common.collect.ImmutableMapEntrySet                                  : loaded 3 times (x 152B)
Class com.google.common.math.MathPreconditions                                        : loaded 3 times (x 71B)
Class com.google.common.collect.AbstractIndexedListIterator                           : loaded 3 times (x 96B)
Class com.google.common.collect.ArrayListMultimapGwtSerializationDependencies         : loaded 3 times (x 172B)
Class com.google.common.collect.Multiset                                              : loaded 3 times (x 70B)
Class com.google.common.collect.ObjectArrays                                          : loaded 3 times (x 71B)
Class com.google.common.collect.AbstractIterator                                      : loaded 3 times (x 82B)
Class com.google.common.primitives.Ints                                               : loaded 3 times (x 71B)
Class com.google.common.collect.BiMap                                                 : loaded 3 times (x 70B)
Class com.google.common.collect.ImmutableMap$1                                        : loaded 3 times (x 81B)
Class com.google.common.collect.IndexedImmutableSet                                   : loaded 3 times (x 152B)
Class org.objectweb.asm.FieldVisitor                                                  : loaded 3 times (x 77B)
Class com.google.common.base.CharMatcher$And                                          : loaded 3 times (x 112B)
Class com.google.common.cache.CacheLoader$UnsupportedLoadingOperationException        : loaded 3 times (x 82B)
Class org.objectweb.asm.ClassWriter                                                   : loaded 3 times (x 106B)
Class com.google.common.collect.AbstractMapBasedMultimap$KeySet$1                     : loaded 3 times (x 82B)
Class com.google.common.util.concurrent.UncheckedExecutionException                   : loaded 3 times (x 82B)
Class com.google.common.collect.Lists$StringAsImmutableList                           : loaded 3 times (x 207B)
Class [Lorg.objectweb.asm.Symbol;                                                     : loaded 3 times (x 69B)
Class org.objectweb.asm.ClassVisitor                                                  : loaded 3 times (x 88B)
Class com.google.common.collect.Iterators                                             : loaded 3 times (x 71B)
Class com.google.common.util.concurrent.AbstractFuture$Trusted                        : loaded 3 times (x 70B)
Class com.google.common.collect.RegularImmutableAsList                                : loaded 3 times (x 217B)
Class com.google.common.cache.LocalCache$2                                            : loaded 3 times (x 142B)
Class com.google.common.collect.AbstractMultimap                                      : loaded 3 times (x 123B)
Class com.google.common.collect.ImmutableList$Builder                                 : loaded 3 times (x 77B)
Class com.google.common.collect.Sets$ImprovedAbstractSet                              : loaded 3 times (x 135B)
Class com.google.common.collect.AbstractMapEntry                                      : loaded 3 times (x 81B)
Class com.google.common.collect.Iterators$SingletonIterator                           : loaded 3 times (x 81B)
Class com.google.common.cache.LocalCache$1                                            : loaded 3 times (x 89B)
Class com.google.common.collect.SingletonImmutableBiMap                               : loaded 3 times (x 143B)
Class com.google.common.base.Ascii                                                    : loaded 3 times (x 71B)
Class com.google.common.collect.UnmodifiableListIterator                              : loaded 3 times (x 95B)
Class com.google.common.collect.UnmodifiableIterator                                  : loaded 3 times (x 80B)
Class [Lorg.objectweb.asm.Type;                                                       : loaded 3 times (x 69B)
Class com.google.common.collect.Platform                                              : loaded 3 times (x 71B)
Class com.google.common.base.MoreObjects                                              : loaded 3 times (x 71B)
Class com.google.common.base.Joiner                                                   : loaded 3 times (x 79B)
Class com.google.common.collect.ImmutableCollection$Builder                           : loaded 3 times (x 76B)
Class com.google.common.collect.Iterators$ArrayItr                                    : loaded 3 times (x 97B)
Class com.google.common.cache.CacheLoader$FunctionToCacheLoader                       : loaded 3 times (x 75B)
Class com.google.common.cache.CacheBuilder$NullListener                               : loaded 3 times (x 82B)
Class org.objectweb.asm.FieldWriter                                                   : loaded 3 times (x 78B)
Class com.google.common.collect.MapDifference                                         : loaded 3 times (x 70B)
Class com.google.common.cache.LocalCache$Strength$3                                   : loaded 3 times (x 81B)
Class com.google.common.cache.LocalCache$Strength$2                                   : loaded 3 times (x 81B)
Class com.google.common.base.Platform$JdkPatternCompiler                              : loaded 3 times (x 75B)
Class com.google.common.util.concurrent.SettableFuture                                : loaded 3 times (x 114B)
Class com.google.common.cache.LocalCache$Strength$1                                   : loaded 3 times (x 81B)
Class org.objectweb.asm.ModuleVisitor                                                 : loaded 3 times (x 81B)
Class com.google.common.collect.Sets$4                                                : loaded 3 times (x 139B)
Class com.google.common.cache.LocalCache$LocalLoadingCache                            : loaded 3 times (x 134B)
Class com.google.common.collect.Sets$3                                                : loaded 3 times (x 139B)
Class [Lorg.objectweb.asm.AnnotationVisitor;                                          : loaded 3 times (x 69B)
Class com.google.common.collect.Sets$2                                                : loaded 3 times (x 139B)
Class org.objectweb.asm.MethodTooLargeException                                       : loaded 3 times (x 83B)
Class org.objectweb.asm.AnnotationVisitor                                             : loaded 3 times (x 78B)
Class com.google.common.collect.Sets$1                                                : loaded 3 times (x 139B)
Class com.google.common.collect.ImmutableEnumMap                                      : loaded 3 times (x 126B)
Class com.google.common.collect.ListMultimap                                          : loaded 3 times (x 70B)
Class [Lcom.google.common.cache.CacheBuilder$OneWeigher;                              : loaded 3 times (x 69B)
Class com.google.common.base.Suppliers                                                : loaded 3 times (x 71B)
Class [Lcom.google.common.collect.ImmutableMapEntry;                                  : loaded 3 times (x 69B)
Class com.google.protobuf.Internal$IntList                                            : loaded 2 times (x 70B)
Class com.google.gson.internal.bind.JsonAdapterAnnotationTypeAdapterFactory$DummyTypeAdapterFactory: loaded 2 times (x 75B)
Class com.google.gson.internal.bind.TypeAdapters$31                                   : loaded 2 times (x 76B)
Class com.google.gson.JsonSyntaxException                                             : loaded 2 times (x 82B)
Class com.android.build.gradle.options.Option$Status$STABLE                           : loaded 2 times (x 71B)
Class com.android.build.api.variant.HasDeviceTestsBuilder                             : loaded 2 times (x 70B)
Class org.gradle.internal.classloader.DefaultClassLoaderFactory                       : loaded 2 times (x 82B)
Class com.android.build.gradle.internal.utils.ResolutionResultUtils$getModuleComponents$1: loaded 2 times (x 78B)
Class com.sun.xml.bind.v2.runtime.property.Utils$1                                    : loaded 2 times (x 77B)
Class com.android.sdklib.repository.generated.sysimg.v4.SysImgDetailsType             : loaded 2 times (x 138B)
Class com.sun.xml.bind.v2.model.impl.TypeInfoImpl                                     : loaded 2 times (x 85B)
Class com.sun.xml.bind.v2.runtime.JAXBContextImpl$1                                   : loaded 2 times (x 78B)
Class com.android.sdklib.repository.legacy.remote.internal.DownloadCache$Strategy     : loaded 2 times (x 79B)
Class com.android.build.gradle.internal.services.VariantServicesImpl$fileTreeFactory$1: loaded 2 times (x 79B)
Class com.android.build.FilterData                                                    : loaded 2 times (x 70B)
Class com.android.build.gradle.tasks.ExternalNativeBuildTask                          : loaded 2 times (x 327B)
Class com.android.build.gradle.internal.DependencyConfigurator$configureGeneralTransforms$3: loaded 2 times (x 75B)
Class com.android.build.gradle.internal.tasks.DependencyReportTask                    : loaded 2 times (x 315B)
Class com.android.build.api.variant.impl.DirectoryEntry                               : loaded 2 times (x 70B)
Class [Lcom.android.build.api.variant.impl.SourceType;                                : loaded 2 times (x 69B)
Class com.android.build.api.artifact.impl.ArtifactTransformationRequestImpl           : loaded 2 times (x 76B)
Class com.android.build.api.artifact.Artifact$Multiple                                : loaded 2 times (x 74B)
Class com.android.build.gradle.internal.scope.InternalArtifactType$EXTERNAL_LIBS_DEX_ARCHIVE: loaded 2 times (x 74B)
Class com.android.build.gradle.internal.tasks.DexArchiveBuilderTask$CreationAction    : loaded 2 times (x 93B)
Class com.android.build.api.artifact.Artifact$Appendable                              : loaded 2 times (x 70B)
Class com.android.tools.build.jetifier.core.pom.DependencyVersionsMap                 : loaded 2 times (x 72B)
Class com.android.build.gradle.internal.core.dsl.impl.VariantDslInfoImpl$namespace$1  : loaded 2 times (x 75B)
Class com.android.build.gradle.internal.TaskManager$Companion$createTasksBeforeEvaluate$2: loaded 2 times (x 74B)
Class com.android.build.gradle.internal.cxx.model.CxxAbiModel                         : loaded 2 times (x 72B)
Class com.android.build.gradle.internal.dsl.ShaderOptions                             : loaded 2 times (x 87B)
Class com.android.build.gradle.internal.dsl.SigningConfigFactory                      : loaded 2 times (x 77B)
Class com.android.build.gradle.internal.dsl.BaseFlavor                                : loaded 2 times (x 435B)
Class com.android.utils.EnvironmentProvider$DirectEnvironmentProvider                 : loaded 2 times (x 80B)
Class com.google.wireless.android.sdk.stats.GarbageCollectionStatsOrBuilder           : loaded 2 times (x 70B)
Class com.android.build.gradle.internal.profile.AnalyticsService                      : loaded 2 times (x 110B)
Class com.google.gson.internal.bind.TypeAdapters$32                                   : loaded 2 times (x 76B)
Class [Lcom.android.build.gradle.options.IntegerOption;                               : loaded 2 times (x 69B)
Class com.android.build.gradle.options.BooleanOption                                  : loaded 2 times (x 89B)
Class com.android.build.gradle.options.ProjectOptionService$Params$Inject_            : loaded 2 times (x 106B)
Class com.android.build.gradle.internal.plugins.AbstractAppPlugin                     : loaded 2 times (x 93B)
Class org.gradle.internal.classloader.ClassLoaderVisitor                              : loaded 2 times (x 76B)
Class com.android.build.api.component.impl.features.ShadersCreationConfigImpl         : loaded 2 times (x 76B)
Class com.android.build.gradle.tasks.ShaderCompile_Decorated                          : loaded 2 times (x 390B)
Class javax.xml.bind.DatatypeConverterInterface                                       : loaded 2 times (x 70B)
Class [Lcom.sun.xml.bind.v2.runtime.property.Property;                                : loaded 2 times (x 69B)
Class com.sun.xml.bind.v2.runtime.reflect.Utils                                       : loaded 2 times (x 71B)
Class javax.xml.bind.annotation.XmlEnum                                               : loaded 2 times (x 70B)
Class com.sun.xml.bind.v2.runtime.JAXBContextImpl$2                                   : loaded 2 times (x 78B)
Class com.android.repository.impl.meta.RemotePackageImpl$ChannelRef                   : loaded 2 times (x 73B)
Class com.android.sdklib.repository.meta.DetailsTypes$ApiDetailsType                  : loaded 2 times (x 70B)
Class com.android.sdklib.SdkVersionInfo                                               : loaded 2 times (x 71B)
Class com.android.build.gradle.internal.tasks.factory.BootClasspathConfigImpl$fullBootClasspathProvider$2$1: loaded 2 times (x 127B)
Class com.android.build.gradle.internal.dependency.DexingOutputSplitTransform         : loaded 2 times (x 78B)
Class com.android.build.gradle.internal.DependencyConfigurator$configureGeneralTransforms$4: loaded 2 times (x 75B)
Class com.android.build.gradle.internal.cxx.configure.ExperimentalPropertyExtensionsKt: loaded 2 times (x 71B)
Class com.android.build.gradle.internal.SdkComponentsBuildService$Parameters$Inject_  : loaded 2 times (x 120B)
Class com.android.build.gradle.tasks.AnalyzeDependenciesTask                          : loaded 2 times (x 334B)
Class com.android.build.gradle.internal.lint.AndroidLintTask$VariantCreationAction$Companion$registerLintIntermediateArtifacts$1: loaded 2 times (x 127B)
Class com.android.build.gradle.internal.scope.InternalMultipleArtifactType$LINT_REPORT_LINT_MODEL: loaded 2 times (x 74B)
Class com.android.build.gradle.tasks.factory.AndroidUnitTest$CreationAction           : loaded 2 times (x 91B)
Class com.android.build.gradle.internal.core.dsl.features.NativeBuildDslInfo          : loaded 2 times (x 70B)
Class com.android.build.gradle.internal.scope.InternalArtifactType$DEX_NUMBER_OF_BUCKETS_FILE: loaded 2 times (x 74B)
Class com.android.build.gradle.internal.tasks.MergeFileTask                           : loaded 2 times (x 327B)
Class com.android.build.api.component.impl.OldVariantApiLegacySupportImpl$outputs$2   : loaded 2 times (x 79B)
Class com.android.build.gradle.internal.instrumentation.AsmClassVisitorsFactoryRegistry: loaded 2 times (x 72B)
Class com.android.build.api.variant.UnitTest                                          : loaded 2 times (x 70B)
Class com.android.build.gradle.internal.variant.VariantPathHelper$deploymentApkLocation$2: loaded 2 times (x 79B)
Class com.android.build.gradle.internal.tasks.factory.GlobalTaskCreationAction        : loaded 2 times (x 89B)
Class com.android.build.gradle.internal.TaskManager$Companion$createTasksBeforeEvaluate$3: loaded 2 times (x 74B)
Class com.android.build.gradle.LintLifecycleExtensionImpl_Decorated                   : loaded 2 times (x 124B)
Class com.android.builder.model.LintOptions                                           : loaded 2 times (x 70B)
Class com.android.build.gradle.internal.api.DefaultAndroidSourceSet_Decorated         : loaded 2 times (x 278B)
Class com.android.build.gradle.internal.dsl.ConfigurableFilesImpl                     : loaded 2 times (x 80B)
Class com.android.build.gradle.internal.dsl.LibraryPublishingImpl                     : loaded 2 times (x 86B)
Class com.android.build.gradle.internal.dsl.SplitOptions                              : loaded 2 times (x 88B)
Class com.android.build.gradle.internal.dsl.decorator.SupportedPropertyType$Collection$Map: loaded 2 times (x 74B)
Class com.android.build.gradle.internal.variant.AbstractVariantInputManager$Companion : loaded 2 times (x 71B)
Class com.google.wireless.android.sdk.stats.GradleBuildProfile$Builder                : loaded 2 times (x 348B)
Class com.google.protobuf.UnknownFieldSet                                             : loaded 2 times (x 87B)
Class com.google.common.base.Enums$StringConverter                                    : loaded 2 times (x 90B)
Class com.google.gson.internal.bind.ObjectTypeAdapter                                 : loaded 2 times (x 74B)
Class com.google.gson.internal.bind.TypeAdapters$33                                   : loaded 2 times (x 76B)
Class com.android.build.gradle.options.SyncOptions$EvaluationMode                     : loaded 2 times (x 79B)
Class com.google.protobuf.GeneratedMessageV3$BuilderParent                            : loaded 2 times (x 70B)
Class [Lcom.android.ide.common.repository.AgpVersion$PreviewKind;                     : loaded 2 times (x 69B)
Class org.gradle.api.internal.classpath.EffectiveClassPath                            : loaded 2 times (x 90B)
Class build_5x3w8cwhfxgb30qcnnqwxe8hk                                                 : loaded 2 times (x 172B)
Class com.sun.xml.bind.v2.runtime.unmarshaller.TagName                                : loaded 2 times (x 75B)
Class javax.xml.bind.PropertyException                                                : loaded 2 times (x 85B)
Class com.sun.xml.bind.v2.runtime.reflect.ListTransducedAccessorImpl                  : loaded 2 times (x 80B)
Class com.sun.xml.bind.v2.model.impl.RuntimeBuiltinLeafInfoImpl$StringImplImpl        : loaded 2 times (x 136B)
Class com.sun.xml.bind.v2.runtime.Transducer                                          : loaded 2 times (x 70B)
Class com.sun.xml.bind.v2.model.impl.RuntimeClassInfoImpl                             : loaded 2 times (x 162B)
Class com.sun.istack.Pool$Impl                                                        : loaded 2 times (x 77B)
Class com.sun.xml.bind.v2.runtime.JAXBContextImpl$3                                   : loaded 2 times (x 74B)
Class com.android.repository.impl.generated.v2.LocalPackage                           : loaded 2 times (x 140B)
Class com.android.repository.impl.meta.PackageDisplayNameQualifier                    : loaded 2 times (x 70B)
Class com.android.build.gradle.internal.scope.ArtifactPublishingUtil$publishArtifactToConfiguration$1: loaded 2 times (x 75B)
Class com.android.build.gradle.internal.tasks.factory.BootClasspathConfigImpl$fullBootClasspathProvider$2$2: loaded 2 times (x 127B)
Class com.android.build.gradle.internal.DependencyConfigurator$configureGeneralTransforms$5: loaded 2 times (x 75B)
Class com.android.build.gradle.internal.SdkComponentsBuildService$sdkDirectoryProvider$1: loaded 2 times (x 75B)
Class com.android.build.gradle.internal.lint.AndroidLintTask$VariantCreationAction$Companion$registerLintIntermediateArtifacts$2: loaded 2 times (x 127B)
Class com.android.build.api.variant.impl.SigningConfigImpl$enableV3Signing$1          : loaded 2 times (x 75B)
Class com.android.build.api.variant.impl.ApkPackagingImpl                             : loaded 2 times (x 89B)
Class com.android.build.gradle.internal.tasks.CheckManifest$CreationAction            : loaded 2 times (x 90B)
Class com.android.tools.build.jetifier.core.PackageMap$PackageRule                    : loaded 2 times (x 72B)
Class com.android.tools.build.jetifier.core.rule.RewriteRule$JsonData                 : loaded 2 times (x 72B)
Class com.android.build.gradle.internal.services.BuiltInKotlinSupportMode$NotSupported$BuiltInKotlinPluginNotApplied: loaded 2 times (x 71B)
Class com.android.build.gradle.internal.scope.UnitTestBuildFeatureValuesImpl          : loaded 2 times (x 87B)
Class com.android.build.api.component.impl.DeviceTestImpl$androidResourcesCreationConfig$2: loaded 2 times (x 79B)
Class com.android.build.api.variant.impl.VariantImpl$optimizationCreationConfig$2     : loaded 2 times (x 79B)
Class com.android.build.gradle.internal.services.BuiltInKotlinSupportMode             : loaded 2 times (x 71B)
Class com.android.build.gradle.internal.TaskManager$Companion$createTasksBeforeEvaluate$4: loaded 2 times (x 75B)
Class com.android.build.gradle.internal.services.TaskCreationServicesImpl             : loaded 2 times (x 102B)
Class com.android.build.gradle.options.SigningOptions                                 : loaded 2 times (x 72B)
Class com.android.build.gradle.internal.dsl.BuildTypeFactory                          : loaded 2 times (x 77B)
Class com.android.build.api.dsl.ExternalNativeBuildFlags                              : loaded 2 times (x 70B)
Class com.android.build.gradle.internal.dsl.decorator.DslDecorator$Companion$classLoaderDefineClass$2: loaded 2 times (x 78B)
Class com.google.protobuf.Internal                                                    : loaded 2 times (x 71B)
Class com.google.gson.internal.bind.TypeAdapters$34                                   : loaded 2 times (x 76B)
Class com.android.build.api.dsl.AssetPackBundleExtension                              : loaded 2 times (x 70B)
Class com.android.build.gradle.options.FutureStage                                    : loaded 2 times (x 72B)
Class com.android.build.gradle.internal.plugins.AppPlugin                             : loaded 2 times (x 97B)
Class com.android.build.gradle.internal.plugins.BasePlugin$managedDeviceRegistry$2    : loaded 2 times (x 79B)
Class com.android.build.api.dsl.LibraryAndroidResources                               : loaded 2 times (x 70B)
Class com.google.common.collect.ImmutableRangeSet                                     : loaded 2 times (x 115B)
Class com.android.build.gradle.internal.scope.BootClasspathBuilder$CacheKey           : loaded 2 times (x 72B)
Class com.android.build.gradle.internal.dependency.JdkImageTransform$Parameters_Decorated: loaded 2 times (x 138B)
Class com.sun.xml.bind.v2.model.impl.RuntimeMapPropertyInfoImpl                       : loaded 2 times (x 137B)
Class com.sun.xml.bind.v2.model.impl.MapPropertyInfoImpl                              : loaded 2 times (x 119B)
Class com.sun.xml.bind.v2.model.impl.AttributePropertyInfoImpl                        : loaded 2 times (x 124B)
Class com.sun.xml.bind.v2.model.impl.DummyPropertyInfo                                : loaded 2 times (x 70B)
Class com.sun.xml.bind.v2.model.core.Element                                          : loaded 2 times (x 70B)
Class com.android.sdklib.repository.legacy.FileOp                                     : loaded 2 times (x 77B)
Class com.android.build.gradle.internal.publishing.PublishingSpecsKt                  : loaded 2 times (x 71B)
Class com.android.build.gradle.internal.tasks.factory.BootClasspathConfigImpl$fullBootClasspathProvider$2$3: loaded 2 times (x 127B)
Class com.android.build.gradle.internal.tasks.factory.BootClasspathConfigImpl$sam$org_gradle_api_Transformer$0: loaded 2 times (x 75B)
Class com.android.build.gradle.internal.DependencyConfigurator$configureGeneralTransforms$6: loaded 2 times (x 75B)
Class com.android.build.gradle.internal.cxx.logging.ThreadLoggingEnvironment$Companion$BottomLoggingEnvironment: loaded 2 times (x 80B)
Class com.android.build.api.component.impl.DefaultSourcesProviderImpl$getKotlin$1     : loaded 2 times (x 127B)
Class com.android.build.gradle.internal.lint.LintModelWriterTask                      : loaded 2 times (x 329B)
Class com.android.build.api.artifact.InAndOutDirectoryOperationRequest                : loaded 2 times (x 70B)
Class com.android.build.gradle.internal.tasks.SigningConfigWriterTask                 : loaded 2 times (x 329B)
Class com.android.build.gradle.internal.scope.InternalMultipleArtifactType            : loaded 2 times (x 74B)
Class com.android.ide.common.gradle.Numeric                                           : loaded 2 times (x 77B)
Class com.android.build.api.variant.JniLibsApkPackaging                               : loaded 2 times (x 70B)
Class com.android.build.api.variant.impl.JniLibsPackagingImpl$excludes$1              : loaded 2 times (x 75B)
Class com.android.build.api.variant.impl.BundleConfigImpl                             : loaded 2 times (x 76B)
Class com.android.build.gradle.internal.component.TestComponentCreationConfig         : loaded 2 times (x 70B)
Class com.android.build.gradle.internal.publishing.AndroidArtifacts$PublishedConfigType: loaded 2 times (x 79B)
Class com.android.build.gradle.internal.core.dsl.impl.features.RenderscriptDslInfoImpl: loaded 2 times (x 79B)
Class com.android.build.gradle.internal.TaskManager$Companion$createTasksBeforeEvaluate$5: loaded 2 times (x 74B)
Class [Lcom.android.buildanalyzer.common.TaskCategoryIssue;                           : loaded 2 times (x 69B)
Class com.android.build.gradle.internal.tasks.factory.GlobalTaskCreationConfigImpl$versionedNdkHandler$2: loaded 2 times (x 79B)
Class com.android.build.api.artifact.impl.InternalScopedArtifacts$InternalScope       : loaded 2 times (x 79B)
Class com.android.build.api.variant.LintLifecycleExtension                            : loaded 2 times (x 70B)
Class com.android.build.gradle.internal.dsl.OptimizationImpl$AgpDecorated_Decorated   : loaded 2 times (x 138B)
Class com.android.build.gradle.internal.dsl.DensitySplitOptions                       : loaded 2 times (x 100B)
Class com.android.build.api.dsl.JniLibsPackaging                                      : loaded 2 times (x 70B)
Class com.google.gson.internal.bind.TypeAdapters                                      : loaded 2 times (x 71B)
Class com.google.gson.FormattingStyle                                                 : loaded 2 times (x 78B)
Class com.google.gson.FieldNamingPolicy                                               : loaded 2 times (x 83B)
Class com.android.build.gradle.internal.services.BaseServicesImpl                     : loaded 2 times (x 83B)
Class com.android.build.gradle.internal.dsl.CommonExtensionImpl                       : loaded 2 times (x 318B)
Class org.gradle.api.internal.DefaultClassPathProvider                                : loaded 2 times (x 76B)
Class com.android.build.gradle.internal.EmulatorComponents$Companion$build$fileExists$1: loaded 2 times (x 75B)
Class com.sun.xml.bind.v2.runtime.property.PropertyFactory$1                          : loaded 2 times (x 71B)
Class com.sun.xml.bind.v2.runtime.property.ArrayProperty                              : loaded 2 times (x 102B)
Class com.android.sdklib.repository.generated.addon.v3.MavenType                      : loaded 2 times (x 80B)
Class com.sun.xml.bind.v2.model.core.ID                                               : loaded 2 times (x 79B)
Class com.sun.xml.bind.v2.model.impl.ClassInfoImpl$PropertyGroup                      : loaded 2 times (x 79B)
Class com.sun.xml.bind.v2.model.runtime.RuntimeValuePropertyInfo                      : loaded 2 times (x 70B)
Class com.sun.xml.bind.v2.runtime.JAXBContextImpl$5                                   : loaded 2 times (x 74B)
Class com.android.repository.impl.generated.v2.DependencyType                         : loaded 2 times (x 81B)
Class com.android.build.gradle.internal.scope.InternalArtifactType$BUILT_IN_KAPT_GENERATED_JAVA_SOURCES: loaded 2 times (x 74B)
Class com.android.build.gradle.internal.scope.InternalArtifactType$FEATURE_PUBLISHED_DEX: loaded 2 times (x 74B)
Class com.android.build.gradle.internal.tasks.factory.BootClasspathConfigImpl$fullBootClasspathProvider$2$4: loaded 2 times (x 127B)
Class com.android.build.gradle.internal.tasks.factory.BootClasspathConfigImpl$filteredBootClasspath$2$1: loaded 2 times (x 127B)
Class com.android.build.gradle.internal.DependencyConfigurator$configureGeneralTransforms$7: loaded 2 times (x 79B)
Class com.android.build.gradle.internal.dependency.ExtractAarTransform                : loaded 2 times (x 78B)
Class com.android.build.gradle.internal.cxx.logging.ThreadLoggingEnvironment$Companion$LoggerStack: loaded 2 times (x 72B)
Class com.android.build.gradle.internal.lint.LintTaskManager$createLintTasks$variantLintTask$1$1: loaded 2 times (x 75B)
Class com.android.build.api.variant.impl.SourceType                                   : loaded 2 times (x 79B)
Class com.android.build.gradle.internal.tasks.DexMergingTask$CreationAction$handleProvider$1: loaded 2 times (x 127B)
Class com.android.build.gradle.internal.scope.InternalArtifactType$SUB_PROJECT_DEX_ARCHIVE: loaded 2 times (x 74B)
Class com.android.build.gradle.internal.scope.InternalArtifactType$PACKAGED_MANIFESTS : loaded 2 times (x 74B)
Class com.android.build.api.artifact.OutOperationRequest                              : loaded 2 times (x 70B)
Class com.android.build.gradle.internal.dependency.ProvidedClasspathSubtractor$fileToIds$1: loaded 2 times (x 79B)
Class com.android.build.gradle.internal.component.ApplicationCreationConfig           : loaded 2 times (x 70B)
Class com.android.tools.build.jetifier.core.pom.DependencyVersions$Companion          : loaded 2 times (x 71B)
Class com.android.build.api.variant.impl.VariantImpl$manifestPlaceholdersCreationConfig$2: loaded 2 times (x 79B)
Class com.android.build.api.variant.AndroidVersion                                    : loaded 2 times (x 70B)
Class com.android.build.gradle.internal.manifest.LazyManifestParser$issueReporter$1   : loaded 2 times (x 74B)
Class com.android.build.gradle.internal.TaskManager$Companion$createTasksBeforeEvaluate$6: loaded 2 times (x 74B)
Class com.android.build.gradle.internal.tasks.factory.TaskFactoryUtils                : loaded 2 times (x 71B)
Class com.android.build.gradle.internal.api.artifact.SourceArtifactType$ASSETS        : loaded 2 times (x 74B)
Class com.android.build.gradle.internal.api.artifact.SourceArtifactType$JAVA_SOURCES  : loaded 2 times (x 74B)
Class com.android.build.gradle.internal.dsl.KeepRulesImpl$AgpDecorated_Decorated      : loaded 2 times (x 136B)
Class com.android.build.gradle.internal.TaskManager$Companion$createTasksBeforeEvaluate$1: loaded 2 times (x 74B)
Class com.android.tools.analytics.HostDataKt                                          : loaded 2 times (x 71B)
Class com.google.protobuf.AbstractMessage                                             : loaded 2 times (x 164B)
Class com.google.common.base.CaseFormat$1                                             : loaded 2 times (x 83B)
Class com.android.build.gradle.internal.lint.AndroidLintInputs                        : loaded 2 times (x 71B)
Class com.google.gson.JsonArray                                                       : loaded 2 times (x 100B)
Class com.google.gson.FieldNamingStrategy                                             : loaded 2 times (x 70B)
Class com.android.build.gradle.internal.errors.SyncIssueReporterImpl                  : loaded 2 times (x 77B)
Class com.android.build.api.variant.DslLifecycle                                      : loaded 2 times (x 70B)
Class [Lorg.gradle.api.internal.ClassPathProvider;                                    : loaded 2 times (x 69B)
Class org.gradle.api.internal.ClassPathProvider                                       : loaded 2 times (x 70B)
Class com.sun.xml.bind.v2.runtime.property.SingleMapNodeProperty                      : loaded 2 times (x 102B)
Class com.sun.xml.bind.v2.model.runtime.RuntimeTypeRef                                : loaded 2 times (x 70B)
Class com.sun.xml.bind.v2.runtime.JAXBContextImpl$6                                   : loaded 2 times (x 91B)
Class com.android.sdklib.repository.generated.repository.v2.LayoutlibType             : loaded 2 times (x 74B)
Class com.android.repository.api.ConsoleProgressIndicator                             : loaded 2 times (x 108B)
Class com.android.build.gradle.internal.SupportToolsComponents$Companion$build$fileExists$1: loaded 2 times (x 75B)
Class com.android.build.gradle.internal.SdkComponentsBuildService$VersionedSdkLoader$targetAndroidVersionProvider$1: loaded 2 times (x 75B)
Class com.android.build.gradle.tasks.MergeSourceSetFolders_Decorated                  : loaded 2 times (x 389B)
Class com.android.build.api.variant.impl.VariantOutputList$Companion                  : loaded 2 times (x 71B)
Class com.android.build.gradle.internal.dependency.RecalculateStackFramesTransform$Companion$registerRecalculateStackFramesTransform$1: loaded 2 times (x 75B)
Class com.android.build.gradle.internal.tasks.factory.BootClasspathConfigImpl$fullBootClasspathProvider$2$5: loaded 2 times (x 127B)
Class com.android.build.gradle.internal.utils.DesugarLibConfigExtractor               : loaded 2 times (x 78B)
Class com.android.build.gradle.internal.tasks.factory.BootClasspathConfigImpl$filteredBootClasspath$2$2: loaded 2 times (x 127B)
Class com.android.build.gradle.internal.DependencyConfigurator$configureGeneralTransforms$8: loaded 2 times (x 75B)
Class com.android.build.gradle.internal.cxx.configure.GradleLocalPropertiesKt         : loaded 2 times (x 71B)
Class com.android.build.gradle.internal.scope.InternalArtifactType$AAR_METADATA       : loaded 2 times (x 74B)
Class com.android.build.gradle.tasks.MergeSourceSetFolders$MergeJniLibFoldersCreationAction: loaded 2 times (x 91B)
Class com.google.gson.internal.LinkedTreeMap$Node                                     : loaded 2 times (x 79B)
Class com.android.build.api.variant.impl.VariantBuilderImpl                           : loaded 2 times (x 134B)
Class com.android.build.gradle.tasks.JavaCompileUtils                                 : loaded 2 times (x 71B)
Class com.android.build.api.variant.DslExtension                                      : loaded 2 times (x 72B)
Class com.android.build.api.artifact.impl.ArtifactContainer                           : loaded 2 times (x 75B)
Class com.android.build.api.dsl.ManagedDevices                                        : loaded 2 times (x 70B)
Class [Lcom.android.repository.Revision$Precision;                                    : loaded 2 times (x 69B)
Class com.android.build.api.artifact.impl.SingleArtifactContainer                     : loaded 2 times (x 75B)
Class com.google.common.util.concurrent.AbstractFuture$SafeAtomicHelper               : loaded 2 times (x 79B)
Class com.android.build.api.dsl.ConsumerKeepRules                                     : loaded 2 times (x 70B)
Class com.android.build.gradle.internal.dsl.decorator.LockableSet                     : loaded 2 times (x 145B)
Class com.android.builder.model.SigningConfig                                         : loaded 2 times (x 70B)
Class com.android.build.gradle.api.AndroidSourceSet                                   : loaded 2 times (x 70B)
Class [Lcom.android.builder.core.ComponentTypeImpl;                                   : loaded 2 times (x 69B)
Class com.google.wireless.android.sdk.stats.GarbageCollectionStats$1                  : loaded 2 times (x 151B)
Class com.android.build.gradle.internal.variant.VariantPathHelper$baseName$2          : loaded 2 times (x 79B)
Class com.google.common.base.CaseFormat$2                                             : loaded 2 times (x 83B)
Class [Lcom.android.build.gradle.options.StringOption;                                : loaded 2 times (x 69B)
Class com.android.build.gradle.options.ApiStage                                       : loaded 2 times (x 72B)
Class com.android.build.gradle.internal.plugins.AndroidPluginBaseServices$projectServices$2$1: loaded 2 times (x 79B)
Class com.android.build.api.variant.HasUnitTest                                       : loaded 2 times (x 70B)
Class com.android.build.gradle.internal.component.ConsumableCreationConfig            : loaded 2 times (x 70B)
Class org.gradle.internal.service.UnknownServiceException                             : loaded 2 times (x 83B)
Class com.sun.xml.bind.v2.runtime.FilterTransducer                                    : loaded 2 times (x 88B)
Class com.android.sdklib.repository.generated.addon.v2.ExtraDetailsType               : loaded 2 times (x 85B)
Class com.sun.xml.bind.annotation.XmlLocation                                         : loaded 2 times (x 70B)
Class com.sun.xml.bind.v2.model.annotation.XmlSchemaQuick                             : loaded 2 times (x 95B)
Class com.sun.xml.bind.v2.runtime.JAXBContextImpl$JAXBContextBuilder                  : loaded 2 times (x 86B)
Class com.android.repository.impl.meta.RevisionType                                   : loaded 2 times (x 80B)
Class com.android.sdklib.repository.generated.repository.v1.ObjectFactory             : loaded 2 times (x 79B)
Class com.android.build.gradle.internal.FileExistsValueSource$Params_Decorated        : loaded 2 times (x 130B)
Class com.android.build.api.variant.impl.ArtifactMetadataProcessor                    : loaded 2 times (x 71B)
Class com.android.build.gradle.internal.api.ApkVariantOutputImpl_Decorated            : loaded 2 times (x 177B)
Class com.android.build.gradle.internal.dependency.ModelArtifactCompatibilityRule$Companion$setUp$1: loaded 2 times (x 74B)
Class com.android.build.gradle.internal.tasks.factory.BootClasspathConfigImpl$filteredBootClasspath$2$3: loaded 2 times (x 127B)
Class com.android.build.gradle.internal.DependencyConfigurator$configureGeneralTransforms$9: loaded 2 times (x 75B)
Class com.android.build.gradle.internal.lint.AndroidLintTask$VariantCreationAction$Companion: loaded 2 times (x 71B)
Class com.android.build.gradle.internal.scope.InternalArtifactType$DEVICE_PROVIDER_ANDROID_TEST_ADDITIONAL_OUTPUT: loaded 2 times (x 74B)
Class com.android.build.gradle.internal.AndroidTestTaskManager$createTasks$1          : loaded 2 times (x 75B)
Class com.android.build.gradle.internal.tasks.DexArchiveBuilderTask$CreationAction$handleProvider$1: loaded 2 times (x 78B)
Class com.android.tools.build.jetifier.processor.transform.resource.XmlResourcesTransformer$Companion: loaded 2 times (x 71B)
Class android.databinding.tool.writer.JavaFileWriter                                  : loaded 2 times (x 74B)
Class com.android.build.gradle.internal.core.dsl.impl.HostTestComponentDslInfoImpl    : loaded 2 times (x 128B)
Class com.android.build.gradle.internal.tasks.NdkTask                                 : loaded 2 times (x 332B)
Class com.android.build.gradle.internal.tasks.VariantTask                             : loaded 2 times (x 70B)
Class com.android.build.gradle.internal.TaskManager$Companion$createTasksBeforeEvaluate$8: loaded 2 times (x 74B)
Class com.android.build.gradle.internal.dsl.decorator.LockableSet$LockableIterator    : loaded 2 times (x 81B)
Class com.android.builder.model.TestOptions$Execution                                 : loaded 2 times (x 79B)
Class com.android.build.api.dsl.AdbOptions                                            : loaded 2 times (x 70B)
Class com.android.build.gradle.internal.api.DefaultAndroidSourceDirectorySet          : loaded 2 times (x 107B)
Class com.android.build.api.variant.ResValue$Key                                      : loaded 2 times (x 70B)
Class com.android.build.gradle.internal.dsl.ExternalNativeNdkBuildOptions_Decorated   : loaded 2 times (x 153B)
Class org.objectweb.asm.commons.GeneratorAdapter                                      : loaded 2 times (x 187B)
Class com.android.build.api.variant.LifecycleTasks                                    : loaded 2 times (x 70B)
Class com.android.build.api.dsl.LibraryKeepRules                                      : loaded 2 times (x 70B)
Class com.android.build.gradle.internal.AvdComponentsBuildService$Parameters          : loaded 2 times (x 70B)
Class com.android.build.api.component.impl.ComponentImpl$instrumentationCreationConfig$2: loaded 2 times (x 79B)
Class com.android.build.gradle.internal.profile.AnalyticsResourceManager              : loaded 2 times (x 72B)
Class com.google.wireless.android.sdk.stats.GradleBuildProjectOrBuilder               : loaded 2 times (x 70B)
Class com.google.common.base.CaseFormat$3                                             : loaded 2 times (x 83B)
Class com.android.tools.analytics.AnalyticsSettingsData                               : loaded 2 times (x 72B)
Class com.android.build.gradle.internal.errors.DeprecationReporterImpl$Companion      : loaded 2 times (x 71B)
Class com.android.ide.common.blame.MessageReceiver                                    : loaded 2 times (x 70B)
Class [Lcom.android.build.gradle.options.Option;                                      : loaded 2 times (x 69B)
Class com.google.common.annotations.VisibleForTesting                                 : loaded 2 times (x 70B)
Class com.android.build.api.dsl.Lint                                                  : loaded 2 times (x 70B)
Class com.android.build.gradle.internal.variant.LegacyVariantInputManager             : loaded 2 times (x 97B)
Class com.google.common.io.ByteArrayDataInput                                         : loaded 2 times (x 70B)
Class com.sun.xml.bind.v2.runtime.unmarshaller.DefaultIDResolver                      : loaded 2 times (x 76B)
Class com.android.repository.impl.generated.v2.PatchType                              : loaded 2 times (x 88B)
Class javax.xml.bind.annotation.XmlID                                                 : loaded 2 times (x 70B)
Class com.android.repository.impl.meta.TypeDetails                                    : loaded 2 times (x 75B)
Class com.sun.xml.bind.v2.model.impl.RuntimeArrayInfoImpl                             : loaded 2 times (x 107B)
Class com.android.sdklib.repository.generated.common.v1.IdDisplayType                 : loaded 2 times (x 83B)
Class com.android.build.gradle.internal.tasks.ProcessNavigationXmlTask$CreationAction$configure$2$resourceMap$1: loaded 2 times (x 78B)
Class com.android.build.gradle.api.ApkVariantOutput                                   : loaded 2 times (x 70B)
Class com.android.build.gradle.internal.tasks.factory.BootClasspathConfigImpl$filteredBootClasspath$2$4: loaded 2 times (x 127B)
Class com.android.build.gradle.internal.dependency.ExtractNavigationXmlTransform      : loaded 2 times (x 78B)
Class com.android.build.gradle.internal.dependency.IdentityTransform$Parameters       : loaded 2 times (x 70B)
Class com.android.build.gradle.internal.attribution.CheckJetifierBuildService$RegistrationAction: loaded 2 times (x 74B)
Class com.android.build.gradle.internal.lint.AndroidLintTask$UpdateBaselineCreationAction: loaded 2 times (x 95B)
Class com.android.ide.common.workers.ExecutorServiceAdapter                           : loaded 2 times (x 87B)
Class com.android.build.gradle.tasks.PackageApplication$Companion                     : loaded 2 times (x 71B)
Class com.android.build.api.variant.impl.SigningConfigImpl$enableV2Signing$1          : loaded 2 times (x 75B)
Class com.android.build.gradle.internal.tasks.DexArchiveBuilderTask$CreationAction$handleProvider$2: loaded 2 times (x 78B)
Class com.android.build.gradle.internal.core.dsl.features.DexingDslInfo               : loaded 2 times (x 70B)
Class com.android.build.gradle.tasks.ExtractDeepLinksTask$CreationAction              : loaded 2 times (x 93B)
Class com.android.build.gradle.internal.scope.InternalArtifactType$GENERATED_RES      : loaded 2 times (x 74B)
Class com.android.build.gradle.internal.dependency.VariantDependencies$Companion$getComponentFilter$3: loaded 2 times (x 74B)
Class com.android.tools.build.jetifier.processor.transform.proguard.ProGuardClassSpecParser$bodyReplacers$1: loaded 2 times (x 79B)
Class com.android.tools.build.jetifier.core.proguard.ProGuardTypesMap$Companion       : loaded 2 times (x 71B)
Class com.android.tools.build.jetifier.core.proguard.ProGuardTypesMap$JsonData        : loaded 2 times (x 72B)
Class com.android.build.gradle.internal.component.features.ShadersCreationConfig      : loaded 2 times (x 70B)
Class com.android.build.gradle.internal.tasks.AndroidVariantTask                      : loaded 2 times (x 324B)
Class com.android.build.gradle.internal.TaskManager$Companion$createTasksBeforeEvaluate$9: loaded 2 times (x 74B)
Class com.android.build.api.extension.impl.VariantSelectorImpl                        : loaded 2 times (x 92B)
Class com.android.build.api.dsl.TestFixtures                                          : loaded 2 times (x 70B)
Class com.android.build.gradle.internal.VariantDimensionData                          : loaded 2 times (x 72B)
Class com.android.build.api.dsl.Shaders                                               : loaded 2 times (x 70B)
Class com.android.build.gradle.tasks.MapSourceSetPathsTask$CreateAction               : loaded 2 times (x 93B)
Class com.android.build.gradle.internal.scope.InternalArtifactType$LIBRARY_AND_LOCAL_JARS_JNI: loaded 2 times (x 74B)
Class com.google.protobuf.ExtensionRegistry                                           : loaded 2 times (x 87B)
Class com.google.common.base.CaseFormat$4                                             : loaded 2 times (x 83B)
Class com.android.build.gradle.internal.profile.AnalyticsConfiguratorService          : loaded 2 times (x 82B)
Class com.android.build.gradle.internal.services.RunOnceBuildServiceImpl              : loaded 2 times (x 82B)
Class com.android.build.gradle.internal.dependency.GenericTransformParameters$Inject_ : loaded 2 times (x 106B)
Class javax.xml.bind.annotation.XmlAnyElement                                         : loaded 2 times (x 70B)
Class com.android.repository.impl.generated.v2.RevisionType                           : loaded 2 times (x 82B)
Class com.android.repository.impl.generated.v2.ObjectFactory                          : loaded 2 times (x 108B)
Class com.android.sdklib.repository.meta.DetailsTypes$AddonDetailsType$Libraries      : loaded 2 times (x 72B)
Class com.android.build.gradle.internal.SdkComponentsBuildService$VersionedSdkLoader$coreLambdaStubsProvider$1: loaded 2 times (x 75B)
Class [Lcom.android.ide.common.resources.FileValidity$FileStatus;                     : loaded 2 times (x 69B)
Class com.android.build.gradle.tasks.GenerateResValues_Decorated                      : loaded 2 times (x 375B)
Class com.android.build.gradle.internal.tasks.factory.BootClasspathConfigImpl$filteredBootClasspath$2$5: loaded 2 times (x 127B)
Class com.android.build.gradle.internal.dependency.AarToClassTransform$Params_Decorated: loaded 2 times (x 133B)
Class com.android.build.api.variant.impl.LayeredSourceDirectoriesImpl$static$1        : loaded 2 times (x 74B)
Class com.android.build.gradle.internal.tasks.DexArchiveBuilderTask$CreationAction$handleProvider$3: loaded 2 times (x 78B)
Class com.android.build.gradle.internal.tasks.MergeJavaResourceTask$CreationAction    : loaded 2 times (x 90B)
Class com.android.build.gradle.tasks.ShaderCompile$CreationAction                     : loaded 2 times (x 91B)
Class com.android.build.gradle.internal.dependency.VariantDependencies$Companion$getComponentFilter$4: loaded 2 times (x 74B)
Class com.android.tools.build.jetifier.processor.transform.proguard.ProGuardClassSpecParser$bodyReplacers$2: loaded 2 times (x 79B)
Class com.android.build.api.variant.impl.VariantImpl$minSdk$2                         : loaded 2 times (x 79B)
Class com.android.build.api.component.impl.ComponentImpl$privacySandboxCreationConfig$2: loaded 2 times (x 79B)
Class com.android.build.gradle.internal.component.features.ManifestPlaceholdersCreationConfig: loaded 2 times (x 70B)
Class com.android.build.gradle.internal.tasks.factory.TaskConfigurationActions        : loaded 2 times (x 75B)
Class com.android.build.gradle.internal.VariantManager$Companion                      : loaded 2 times (x 71B)
Class com.android.build.gradle.internal.tasks.factory.BootClasspathConfigImpl$mockableJarArtifact$2: loaded 2 times (x 79B)
Class com.android.build.gradle.internal.packaging.PackagingOptionsUtilsKt             : loaded 2 times (x 71B)
Class com.android.builder.model.ClassField                                            : loaded 2 times (x 70B)
Class com.android.build.api.dsl.DataBinding                                           : loaded 2 times (x 70B)
Class com.android.build.gradle.internal.plugins.BasePlugin$sdkComponentsBuildService$2$1: loaded 2 times (x 79B)
Class com.google.protobuf.InvalidProtocolBufferException$InvalidWireTypeException     : loaded 2 times (x 88B)
Class com.android.build.gradle.internal.dependency.ShrinkerVersion$Companion          : loaded 2 times (x 71B)
Class com.google.protobuf.Internal$FloatList                                          : loaded 2 times (x 70B)
Class com.google.protobuf.Internal$BooleanList                                        : loaded 2 times (x 70B)
Class com.google.protobuf.MessageLiteOrBuilder                                        : loaded 2 times (x 70B)
Class com.google.common.base.CaseFormat$5                                             : loaded 2 times (x 83B)
Class com.android.build.gradle.tasks.PackageApplication                               : loaded 2 times (x 364B)
Class com.google.common.io.ByteStreams                                                : loaded 2 times (x 71B)
Class com.android.build.gradle.internal.dependency.IdentityTransform$Parameters$Inject_: loaded 2 times (x 110B)
Class com.sun.xml.bind.v2.runtime.reflect.PrimitiveArrayListerInteger                 : loaded 2 times (x 76B)
Class com.android.sdklib.repository.generated.repository.v2.SourceDetailsType         : loaded 2 times (x 114B)
Class com.sun.xml.bind.v2.runtime.IllegalAnnotationsException$Builder                 : loaded 2 times (x 77B)
Class com.sun.xml.bind.v2.model.annotation.RuntimeAnnotationReader                    : loaded 2 times (x 70B)
Class javax.xml.bind.annotation.XmlNs                                                 : loaded 2 times (x 70B)
Class com.android.build.gradle.internal.SdkLocator$SdkLocationSource$INJECTED_SDK_HOME: loaded 2 times (x 80B)
Class com.android.build.gradle.internal.tasks.ValidateResourcesTask$CreateAction$configure$1: loaded 2 times (x 79B)
Class com.android.build.gradle.internal.tasks.ProcessNavigationXmlTask_Decorated      : loaded 2 times (x 383B)
Class com.android.build.gradle.internal.tasks.MergeJavaResourceTask$Companion         : loaded 2 times (x 71B)
Class com.android.build.api.variant.impl.VariantApiExtensionsKt                       : loaded 2 times (x 71B)
Class com.android.build.gradle.internal.testing.utp.UtpDependencyUtilsKt              : loaded 2 times (x 71B)
Class com.android.build.gradle.internal.TaskManager$createPackagingTask$configureResourcesAndAssetsDependencies$1: loaded 2 times (x 75B)
Class com.android.build.gradle.internal.tasks.DexArchiveBuilderTask$CreationAction$handleProvider$4: loaded 2 times (x 78B)
Class com.android.build.api.component.impl.MutableMapBackedUpWithMapProperty          : loaded 2 times (x 124B)
Class com.android.build.api.artifact.impl.TaskBasedOperationImpl                      : loaded 2 times (x 84B)
Class com.android.build.gradle.internal.tasks.factory.TaskFactoryUtils$dependsOn$7    : loaded 2 times (x 75B)
Class com.android.tools.build.jetifier.processor.transform.proguard.ProGuardClassSpecParser$bodyReplacers$3: loaded 2 times (x 79B)
Class com.android.tools.build.jetifier.processor.Processor                            : loaded 2 times (x 76B)
Class com.android.build.gradle.internal.services.BuiltInKotlinSupportMode$NotSupported: loaded 2 times (x 71B)
Class com.android.build.gradle.internal.component.VariantCreationConfig$Companion     : loaded 2 times (x 71B)
Class com.android.build.gradle.internal.variant.VariantPathHelper$dirName$2           : loaded 2 times (x 79B)
Class com.android.build.gradle.internal.core.dsl.impl.TestedVariantDslInfoImpl        : loaded 2 times (x 151B)
Class com.android.build.gradle.internal.manifest.ManifestDataProvider                 : loaded 2 times (x 70B)
Class com.android.build.gradle.internal.dsl.LanguageSplitOptions_Decorated            : loaded 2 times (x 124B)
Class com.android.build.gradle.internal.dsl.ComposeOptionsImpl                        : loaded 2 times (x 86B)
Class com.android.build.api.dsl.TestCoverage                                          : loaded 2 times (x 70B)
Class [Lcom.android.build.gradle.internal.testing.utp.UtpDependency;                  : loaded 2 times (x 69B)
Class com.android.build.gradle.internal.dsl.AaptOptions                               : loaded 2 times (x 120B)
Class com.android.build.api.dsl.BaselineProfile                                       : loaded 2 times (x 70B)
Class org.bouncycastle.jcajce.provider.config.ConfigurableProvider                    : loaded 2 times (x 70B)
Class com.android.build.api.dsl.DynamicFeatureBaseFlavor                              : loaded 2 times (x 70B)
Class com.android.builder.core.ComponentTypeImpl                                      : loaded 2 times (x 105B)
Class com.android.build.gradle.internal.plugins.BasePlugin$versionedSdkLoaderService$2$1$1: loaded 2 times (x 79B)
Class com.android.build.gradle.internal.services.Aapt2DaemonBuildService$Parameters_Decorated: loaded 2 times (x 127B)
Class com.android.build.gradle.internal.dependency.ExtractAarTransform$Inject_1       : loaded 2 times (x 109B)
Class com.android.build.gradle.internal.res.Aapt2FromMaven$Companion$Aapt2Extractor   : loaded 2 times (x 78B)
Class com.google.gson.LongSerializationPolicy                                         : loaded 2 times (x 80B)
Class com.android.build.gradle.internal.plugins.AndroidPluginBaseServices$syncIssueReporter$2$1: loaded 2 times (x 79B)
Class com.android.build.gradle.internal.plugins.BasePlugin$extensionData$2            : loaded 2 times (x 79B)
Class com.android.build.api.variant.HasAndroidTestBuilder                             : loaded 2 times (x 70B)
Class org.gradle.internal.classpath.TransformedClassPath                              : loaded 2 times (x 96B)
Class org.gradle.internal.classloader.InstrumentingClassLoader                        : loaded 2 times (x 70B)
Class com.android.build.gradle.internal.scope.BootClasspathBuilder$computeClasspath$1$1: loaded 2 times (x 79B)
Class com.sun.xml.bind.v2.runtime.unmarshaller.ProxyLoader                            : loaded 2 times (x 78B)
Class com.sun.xml.bind.v2.model.core.ArrayInfo                                        : loaded 2 times (x 70B)
Class com.android.repository.impl.generated.generic.v1.package-info                   : loaded 2 times (x 70B)
Class com.android.repository.impl.generated.v2.ChannelType                            : loaded 2 times (x 83B)
Class com.android.sdklib.repository.generated.common.v2.package-info                  : loaded 2 times (x 70B)
Class com.android.build.gradle.internal.SdkLocator$SdkLocationSource$LOCAL_SDK_DIR    : loaded 2 times (x 80B)
Class com.android.build.gradle.internal.utils.ConsoleProgressIndicatorFactory         : loaded 2 times (x 72B)
Class com.android.build.gradle.internal.scope.InternalArtifactType$NATIVE_DEBUG_METADATA: loaded 2 times (x 74B)
Class com.android.build.gradle.internal.publishing.VariantSpecBuilderImpl             : loaded 2 times (x 90B)
Class com.android.build.gradle.internal.utils.D8BackportedMethodsGenerator$Inject_1   : loaded 2 times (x 109B)
Class com.android.build.gradle.internal.dependency.RecalculateStackFramesTransform$Companion: loaded 2 times (x 71B)
Class com.android.build.gradle.internal.dependency.CollectResourceSymbolsTransform    : loaded 2 times (x 78B)
Class com.android.build.gradle.internal.tasks.UninstallTask$CreationAction            : loaded 2 times (x 91B)
Class com.android.build.gradle.internal.tasks.InstallVariantTask$CreationAction       : loaded 2 times (x 91B)
Class com.android.build.gradle.internal.tasks.DexArchiveBuilderTask$CreationAction$handleProvider$5: loaded 2 times (x 78B)
Class com.android.build.api.artifact.Artifact$Transformable                           : loaded 2 times (x 70B)
Class com.android.build.gradle.internal.TaskManager$createCompileAnchorTask$1         : loaded 2 times (x 74B)
Class com.android.build.gradle.internal.TaskManager$AbstractPreBuildCreationAction    : loaded 2 times (x 91B)
Class com.android.tools.build.jetifier.processor.transform.proguard.ProGuardClassSpecParser$bodyReplacers$4: loaded 2 times (x 79B)
Class com.android.build.gradle.internal.component.DeviceTestCreationConfig            : loaded 2 times (x 70B)
Class com.android.build.gradle.internal.testsuites.impl.TestSuiteBuilderImpl$Companion: loaded 2 times (x 71B)
Class com.android.build.gradle.internal.dsl.CompileSdkSpecImpl$AgpDecorated           : loaded 2 times (x 90B)
Class com.android.build.gradle.internal.tasks.UsesAnalytics                           : loaded 2 times (x 70B)
Class com.android.build.gradle.internal.tasks.SigningConfigUtils                      : loaded 2 times (x 71B)
Class com.android.build.gradle.internal.dsl.EmulatorControl$AgpDecorated_Decorated    : loaded 2 times (x 134B)
Class com.android.build.gradle.internal.dsl.CommonExtensionImpl$compileSdkDelegate$1  : loaded 2 times (x 79B)
Class com.android.build.gradle.internal.dsl.BaselineProfileImpl$AgpDecorated          : loaded 2 times (x 84B)
Class com.android.build.gradle.internal.dsl.decorator.DslDecorator$CollectingInfoVisitor: loaded 2 times (x 75B)
Class com.android.build.gradle.internal.dsl.decorator.DslDecorator$Companion          : loaded 2 times (x 71B)
Class com.android.build.api.dsl.AnnotationProcessorOptions                            : loaded 2 times (x 70B)
Class com.android.builder.model.BuildType                                             : loaded 2 times (x 70B)
Class com.android.build.gradle.internal.plugins.BasePlugin$versionedSdkLoaderService$2$1$2: loaded 2 times (x 79B)
Class com.android.build.gradle.internal.AvdComponentsBuildService$Parameters_Decorated: loaded 2 times (x 157B)
Class com.android.build.gradle.internal.plugins.BasePlugin$configureProject$1         : loaded 2 times (x 75B)
Class com.android.build.gradle.internal.services.StringCachingBuildService$RegistrationAction: loaded 2 times (x 74B)
Class com.android.build.gradle.internal.utils.DesugarLibUtils$getDesugarLibConfigFromTransform$1: loaded 2 times (x 74B)
Class com.google.protobuf.AbstractParser                                              : loaded 2 times (x 150B)
Class com.android.buildanalyzer.common.TaskCategory                                   : loaded 2 times (x 80B)
Class com.google.common.collect.AbstractBiMap$Inverse                                 : loaded 2 times (x 162B)
Class com.android.build.gradle.options.IntegerOption                                  : loaded 2 times (x 85B)
Class com.android.build.gradle.internal.VariantTaskManager$addBindingDependenciesIfNecessary$dataBindingEnabled$1: loaded 2 times (x 80B)
Class com.android.build.gradle.internal.scope.ArtifactPublishingUtil$publishArtifactToConfiguration$1$1: loaded 2 times (x 75B)
Class com.android.build.gradle.internal.core.dsl.ComponentDslInfo                     : loaded 2 times (x 70B)
Class com.android.build.api.variant.AndroidComponents                                 : loaded 2 times (x 70B)
Class com.android.build.gradle.internal.plugins.BasePlugin                            : loaded 2 times (x 93B)
Class com.google.common.collect.ImmutableRangeSet$AsSet                               : loaded 2 times (x 300B)
Class com.android.build.gradle.internal.BuildToolsExecutableInput                     : loaded 2 times (x 79B)
Class com.android.build.gradle.tasks.JdkImageInput$generatedModuleFile$1              : loaded 2 times (x 74B)
Class com.sun.xml.bind.v2.runtime.reflect.PrimitiveArrayListerShort                   : loaded 2 times (x 76B)
Class com.sun.xml.bind.v2.runtime.reflect.NullSafeAccessor                            : loaded 2 times (x 85B)
Class com.sun.xml.bind.v2.runtime.property.AttributeProperty                          : loaded 2 times (x 105B)
Class com.sun.xml.bind.v2.model.annotation.LocatableAnnotation                        : loaded 2 times (x 85B)
Class com.android.repository.api.License                                              : loaded 2 times (x 85B)
Class com.android.sdklib.repository.generated.addon.v2.package-info                   : loaded 2 times (x 70B)
Class com.android.build.gradle.internal.tasks.BaseTask$CreationAction                 : loaded 2 times (x 90B)
Class com.android.build.api.artifact.impl.MultipleArtifactContainer                   : loaded 2 times (x 75B)
Class com.android.build.gradle.internal.tasks.DexArchiveBuilderTask$CreationAction$handleProvider$6: loaded 2 times (x 127B)
Class com.android.build.api.variant.impl.JniLibsPackagingImpl$keepDebugSymbols$1      : loaded 2 times (x 75B)
Class com.android.build.gradle.internal.dependency.ProvidedClasspathSubtractor$getFileCollection$1: loaded 2 times (x 75B)
Class com.android.tools.build.jetifier.processor.transform.proguard.ProGuardClassSpecParser$bodyReplacers$5: loaded 2 times (x 79B)
Class com.android.tools.build.jetifier.processor.transform.proguard.ProGuardTypesMapper: loaded 2 times (x 72B)
Class com.android.tools.build.jetifier.core.utils.LogConsumer                         : loaded 2 times (x 70B)
Class com.android.build.api.component.impl.DeviceTestImpl$instrumentationRunnerArguments$2: loaded 2 times (x 79B)
Class com.android.build.api.component.impl.ComponentImpl$androidResourcesCreationConfig$2: loaded 2 times (x 79B)
Class com.android.build.gradle.internal.variant.VariantPathHelper$Companion           : loaded 2 times (x 71B)
Class com.android.build.gradle.internal.attributes.VariantAttr$Companion              : loaded 2 times (x 71B)
Class com.android.build.gradle.internal.services.VariantServices                      : loaded 2 times (x 70B)
Class com.android.build.gradle.internal.scope.InternalArtifactType$EXTRACTED_APKS     : loaded 2 times (x 74B)
Class com.android.build.gradle.internal.CompileOptions$Companion                      : loaded 2 times (x 71B)
Class com.android.build.gradle.internal.dsl.CommonExtensionImpl$compileSdkDelegate$2  : loaded 2 times (x 79B)
Class com.android.builder.core.DefaultVectorDrawablesOptions                          : loaded 2 times (x 80B)
Class com.android.build.gradle.internal.dsl.BaselineProfileImpl                       : loaded 2 times (x 79B)
Class com.android.build.gradle.internal.dsl.ExternalNativeBuild                       : loaded 2 times (x 91B)
Class com.android.build.gradle.internal.dsl.decorator.LockableMap                     : loaded 2 times (x 128B)
Class com.android.build.gradle.internal.dsl.BuildType                                 : loaded 2 times (x 374B)
Class com.android.build.gradle.internal.plugins.BasePlugin$configureProject$2         : loaded 2 times (x 75B)
Class com.google.wireless.android.sdk.stats.JavaProcessStats$1                        : loaded 2 times (x 151B)
Class com.android.build.gradle.internal.SdkComponentsBuildService$VersionedSdkLoader$buildToolsRevisionProvider$1: loaded 2 times (x 75B)
Class com.google.protobuf.GeneratedMessage$GeneratedExtension                         : loaded 2 times (x 87B)
Class com.android.build.gradle.internal.profile.AnalyticsConfiguratorService$Params_Decorated: loaded 2 times (x 130B)
Class com.google.gson.internal.bind.DefaultDateTypeAdapter                            : loaded 2 times (x 74B)
Class com.google.gson.JsonSerializer                                                  : loaded 2 times (x 70B)
Class [Lcom.android.ide.common.blame.Message$Kind;                                    : loaded 2 times (x 69B)
Class com.google.gson.GsonBuilder                                                     : loaded 2 times (x 72B)
Class com.android.build.gradle.internal.errors.MessageReceiverImpl                    : loaded 2 times (x 75B)
Class com.android.build.gradle.internal.variant.VariantInputModel                     : loaded 2 times (x 70B)
Class com.android.build.gradle.tasks.MergeSourceSetFolders$MergeShaderSourceFoldersCreationAction$configure$1: loaded 2 times (x 79B)
Class com.android.build.gradle.tasks.JavaPreCompileTask_Decorated                     : loaded 2 times (x 375B)
Class com.sun.xml.bind.v2.runtime.property.ArrayElementLeafProperty                   : loaded 2 times (x 105B)
Class javax.xml.bind.annotation.adapters.XmlJavaTypeAdapter$DEFAULT                   : loaded 2 times (x 71B)
Class com.sun.xml.bind.v2.model.impl.ElementPropertyInfoImpl$1                        : loaded 2 times (x 200B)
Class com.sun.xml.bind.v2.model.impl.ERPropertyInfoImpl                               : loaded 2 times (x 108B)
Class com.android.sdklib.repository.generated.common.v1.ApiDetailsType                : loaded 2 times (x 107B)
Class com.sun.xml.bind.v2.model.impl.RuntimeBuiltinLeafInfoImpl$1                     : loaded 2 times (x 76B)
Class com.android.build.gradle.internal.utils.ConsoleProgressIndicatorFactory$isTerminalSmart$2$1: loaded 2 times (x 74B)
Class com.android.build.gradle.internal.publishing.VariantPublishingSpecImpl          : loaded 2 times (x 77B)
Class com.android.build.gradle.internal.scope.InternalArtifactType$RUNTIME_APP_CLASSES_JAR: loaded 2 times (x 74B)
Class com.android.build.gradle.internal.dependency.ExtractProGuardRulesTransform$Inject_1: loaded 2 times (x 109B)
Class com.android.build.api.variant.SourceDirectories$Flat                            : loaded 2 times (x 70B)
Class com.android.build.gradle.tasks.PackageAndroidArtifact$Companion                 : loaded 2 times (x 71B)
Class com.android.build.api.variant.impl.SigningConfigImpl$enableV1Signing$1          : loaded 2 times (x 75B)
Class com.android.build.gradle.internal.tasks.DexArchiveBuilderTask$CreationAction$handleProvider$7: loaded 2 times (x 127B)
Class com.android.build.api.artifact.impl.InternalScopedArtifact$FINAL_TRANSFORMED_CLASSES: loaded 2 times (x 74B)
Class com.android.build.api.variant.impl.ResourcesPackagingImpl$pickFirsts$1          : loaded 2 times (x 75B)
Class com.android.build.gradle.tasks.ProcessAndroidResources                          : loaded 2 times (x 327B)
Class com.android.build.gradle.internal.variant.BaseVariantData$DiscoverableFilterType$ABI: loaded 2 times (x 80B)
Class com.android.build.gradle.tasks.MergeSourceSetFolders$CreationAction             : loaded 2 times (x 91B)
Class com.android.tools.build.jetifier.processor.transform.proguard.ProGuardClassSpecParser$bodyReplacers$6: loaded 2 times (x 79B)
Class com.android.tools.build.jetifier.core.pom.DependencyVersionsMap$Companion       : loaded 2 times (x 71B)
Class com.android.tools.build.jetifier.core.PackageMap$Companion                      : loaded 2 times (x 71B)
Class com.google.gson.internal.Primitives                                             : loaded 2 times (x 71B)
Class com.android.build.gradle.internal.component.ApkCreationConfig                   : loaded 2 times (x 70B)
Class com.android.build.gradle.internal.core.PostProcessingOptions                    : loaded 2 times (x 70B)
Class com.android.build.gradle.internal.core.MergedJavaCompileOptions                 : loaded 2 times (x 83B)
Class com.android.build.gradle.internal.dependency.JdkImageTransform$Parameters       : loaded 2 times (x 70B)
Class com.android.build.gradle.internal.dsl.MinSdkProperties                          : loaded 2 times (x 70B)
Class com.android.build.gradle.internal.dsl.decorator.DslDecorator$Companion$lookupDefineClassMethod$2: loaded 2 times (x 78B)
Class com.android.build.gradle.internal.tasks.factory.TaskManagerConfig               : loaded 2 times (x 70B)
Class com.android.build.gradle.internal.plugins.BasePlugin$configureProject$3         : loaded 2 times (x 77B)
Class com.android.build.gradle.internal.ide.dependencies.MavenCoordinatesCacheBuildService: loaded 2 times (x 80B)
Class com.android.builder.profile.AnalyticsProfileWriter                              : loaded 2 times (x 72B)
Class com.android.build.gradle.internal.utils.AnalyticsEnabledValueSource             : loaded 2 times (x 78B)
Class com.google.gson.stream.JsonWriter                                               : loaded 2 times (x 98B)
Class com.android.build.gradle.options.Option                                         : loaded 2 times (x 70B)
Class com.android.build.gradle.internal.plugins.BasePlugin$buildOutputs$2             : loaded 2 times (x 79B)
Class com.android.build.gradle.internal.plugins.AndroidPluginBaseServices$androidProblemReporterProviderService$2: loaded 2 times (x 79B)
Class com.android.build.gradle.internal.services.RunOnceBuildServiceImpl$RegistrationAction: loaded 2 times (x 73B)
Class ijJvmDebugger1_59op3sgyhezk4v63wqqbo1ypf$_run_closure1$_closure2                : loaded 2 times (x 140B)
Class org.gradle.internal.service.ServiceLocator                                      : loaded 2 times (x 70B)
Class com.android.build.api.variant.impl.FileBasedDirectoryEntryImpl$asFileTree$1$1   : loaded 2 times (x 75B)
Class com.android.build.gradle.internal.SdkDirectLoadingStrategy$DirectLoadComponents : loaded 2 times (x 72B)
Class com.sun.xml.bind.v2.runtime.CompositeStructureBeanInfo                          : loaded 2 times (x 98B)
Class com.sun.xml.bind.v2.runtime.property.ArrayERProperty                            : loaded 2 times (x 104B)
Class com.android.sdklib.repository.generated.sysimg.v1.SysImgDetailsType             : loaded 2 times (x 139B)
Class javax.xml.bind.annotation.XmlElementDecl$GLOBAL                                 : loaded 2 times (x 71B)
Class com.sun.xml.bind.v2.model.impl.RuntimeBuiltinLeafInfoImpl$2                     : loaded 2 times (x 136B)
Class com.sun.xml.bind.v2.util.QNameMap$Entry                                         : loaded 2 times (x 72B)
Class com.android.build.gradle.internal.SdkComponentsBuildService$VersionedSdkLoader$buildToolInfoProvider$1: loaded 2 times (x 75B)
Class com.android.build.gradle.internal.dsl.VariantOutputFactory                      : loaded 2 times (x 73B)
Class com.android.build.gradle.internal.test.AbstractTestDataImpl$testDirectories$1$1 : loaded 2 times (x 79B)
Class com.android.build.api.variant.impl.SourcesImpl$aidl$2                           : loaded 2 times (x 79B)
Class com.android.build.api.variant.impl.FileBasedFileEntry$asFile$1                  : loaded 2 times (x 75B)
Class com.android.build.gradle.internal.tasks.DexArchiveBuilderTask$CreationAction$handleProvider$8: loaded 2 times (x 127B)
Class com.android.build.gradle.internal.scope.InternalArtifactType$RENDERSCRIPT_HEADERS: loaded 2 times (x 74B)
Class com.android.build.gradle.internal.tasks.StripDebugSymbolsTask                   : loaded 2 times (x 331B)
Class com.android.build.gradle.tasks.JavaPreCompileTask$CreationAction$handleProvider$1: loaded 2 times (x 78B)
Class com.android.build.gradle.tasks.ShaderCompile                                    : loaded 2 times (x 337B)
Class com.android.build.gradle.internal.scope.InternalArtifactType$DATA_BINDING_LAYOUT_INFO_TYPE_MERGE: loaded 2 times (x 74B)
Class com.android.build.api.component.impl.features.InstrumentationCreationConfigImpl$instrumentation$2: loaded 2 times (x 79B)
Class com.android.tools.build.jetifier.processor.transform.proguard.ProGuardClassSpecParser$bodyReplacers$7: loaded 2 times (x 79B)
Class com.android.build.gradle.internal.variant.BaseVariantData$Companion             : loaded 2 times (x 71B)
Class com.android.build.gradle.internal.dependency.ResolutionResultProvider           : loaded 2 times (x 70B)
Class com.android.build.gradle.tasks.RenderscriptCompile                              : loaded 2 times (x 343B)
Class com.android.build.api.artifact.impl.ArtifactNamingContext                       : loaded 2 times (x 72B)
Class com.android.build.gradle.options.SyncOptions                                    : loaded 2 times (x 71B)
Class com.android.build.api.dsl.ExternalNativeBuild                                   : loaded 2 times (x 70B)
Class com.android.build.gradle.internal.dsl.BundleOptionsDensity                      : loaded 2 times (x 77B)
Class com.android.build.api.dsl.Bundle                                                : loaded 2 times (x 70B)
Class com.android.build.gradle.internal.dsl.decorator.SupportedPropertyType$Collection$List: loaded 2 times (x 74B)
Class com.android.build.gradle.internal.plugins.BasePlugin$configureProject$4         : loaded 2 times (x 74B)
Class com.google.gson.TypeAdapterFactory                                              : loaded 2 times (x 70B)
Class com.android.repository.Revision                                                 : loaded 2 times (x 87B)
Class com.google.gson.internal.bind.JsonTreeReader                                    : loaded 2 times (x 98B)
Class com.android.build.gradle.internal.res.Aapt2FromMaven$Companion$create$aapt2Directory$1: loaded 2 times (x 74B)
Class com.google.gson.internal.bind.TypeAdapterRuntimeTypeWrapper                     : loaded 2 times (x 74B)
Class com.android.ide.common.blame.Message$Kind$Companion                             : loaded 2 times (x 71B)
Class com.google.gson.internal.bind.TypeAdapters$30                                   : loaded 2 times (x 76B)
Class com.android.utils.ILogger                                                       : loaded 2 times (x 70B)
Class com.android.build.gradle.internal.core.dsl.ConsumableComponentDslInfo           : loaded 2 times (x 70B)
Class com.android.build.api.dsl.LibraryProductFlavor                                  : loaded 2 times (x 70B)
Class com.android.build.gradle.internal.variant.AbstractVariantInputManager           : loaded 2 times (x 97B)
Class com.android.build.gradle.internal.tasks.factory.GlobalTaskCreationConfigImpl    : loaded 2 times (x 137B)
Class com.android.build.gradle.internal.LibraryTaskManager                            : loaded 2 times (x 84B)
Class com.android.build.gradle.BasePlugin                                             : loaded 2 times (x 76B)
Class com.android.build.gradle.internal.dependency.AarToClassTransform$Params$Inject_ : loaded 2 times (x 108B)
Class com.sun.xml.bind.v2.runtime.Name                                                : loaded 2 times (x 75B)
Class com.sun.xml.bind.v2.model.impl.RuntimeBuiltinLeafInfoImpl$3                     : loaded 2 times (x 136B)
Class com.sun.xml.bind.v2.model.core.BuiltinLeafInfo                                  : loaded 2 times (x 70B)
Class com.android.repository.impl.generated.v2.DependenciesType                       : loaded 2 times (x 75B)
Class com.android.sdklib.OptionalLibrary                                              : loaded 2 times (x 70B)
Class com.android.build.gradle.internal.DependencyResourcesComputer$initFromVariantScope$2: loaded 2 times (x 79B)
Class com.android.build.api.variant.impl.ArtifactMetadataProcessor$Companion          : loaded 2 times (x 71B)
Class com.android.build.gradle.internal.dependency.DexingOutputSplitTransform$Inject_1: loaded 2 times (x 109B)
Class com.android.build.gradle.internal.dependency.DexingNoClasspathTransform         : loaded 2 times (x 81B)
Class com.android.build.gradle.internal.dependency.MockableJarTransform$Parameters_Decorated: loaded 2 times (x 135B)
Class [Lcom.android.build.gradle.internal.attribution.BuildAnalyzerConfiguratorService$State;: loaded 2 times (x 69B)
Class com.android.build.gradle.internal.testing.utp.UtpDependency$10                  : loaded 2 times (x 127B)
Class com.android.build.gradle.internal.core.MergedExternalNativeCmakeOptions         : loaded 2 times (x 86B)
Class com.android.build.api.component.impl.features.NativeBuildCreationConfigImpl     : loaded 2 times (x 80B)
Class com.android.build.gradle.internal.test.AbstractTestDataImpl$testDirectories$1$2 : loaded 2 times (x 79B)
Class com.android.build.api.component.impl.DefaultSourcesProviderImpl$defaultAssetsSources$1: loaded 2 times (x 78B)
Class com.android.build.api.variant.impl.SigningConfigImpl$keyAlias$1                 : loaded 2 times (x 75B)
Class com.android.build.api.component.impl.OldVariantApiLegacySupportImpl$JavaCompileOptionsForOldVariantAPI$_annotationProcessorOptions$1: loaded 2 times (x 77B)
Class com.android.build.gradle.internal.scope.InternalArtifactType$MERGED_RES         : loaded 2 times (x 74B)
Class com.android.build.api.artifact.SingleArtifact$MERGED_MANIFEST                   : loaded 2 times (x 74B)
Class com.android.build.gradle.tasks.ExtractDeepLinksTask                             : loaded 2 times (x 331B)
Class com.android.tools.build.jetifier.processor.transform.proguard.ProGuardClassSpecParser$bodyReplacers$8: loaded 2 times (x 79B)
Class com.android.tools.build.jetifier.processor.transform.proguard.ProGuardTransformer: loaded 2 times (x 77B)
Class com.android.tools.build.jetifier.core.TypeRewriter$Companion                    : loaded 2 times (x 71B)
Class com.android.build.gradle.internal.core.dsl.impl.AndroidTestComponentDslInfoImpl$namespace$2: loaded 2 times (x 79B)
Class com.android.build.api.variant.JavaCompilation                                   : loaded 2 times (x 70B)
Class com.android.build.api.variant.impl.VariantImpl                                  : loaded 2 times (x 359B)
Class com.android.build.api.variant.impl.InternalVariantBuilder                       : loaded 2 times (x 70B)
Class com.android.utils.NullLogger                                                    : loaded 2 times (x 85B)
Class com.android.build.gradle.internal.tasks.NonIncrementalTask                      : loaded 2 times (x 325B)
Class [Lcom.android.build.gradle.ProguardFiles$ProguardFile;                          : loaded 2 times (x 69B)
Class com.android.build.gradle.internal.ide.v2.NativeModelBuilder$scopes$2            : loaded 2 times (x 79B)
Class com.android.build.api.dsl.SingleVariant                                         : loaded 2 times (x 70B)
Class com.android.build.gradle.internal.dsl.InternalBuildType                         : loaded 2 times (x 70B)
Class com.android.build.gradle.internal.plugins.BasePlugin$configureProject$5         : loaded 2 times (x 74B)
Class com.android.build.gradle.internal.lint.LintFixBuildService                      : loaded 2 times (x 75B)
Class com.android.build.gradle.internal.dsl.SigningConfig                             : loaded 2 times (x 147B)
Class com.google.wireless.android.sdk.stats.GradleBuildProject                        : loaded 2 times (x 260B)
Class com.google.wireless.android.sdk.stats.GradleBuildProfileSpan$ExecutionType      : loaded 2 times (x 87B)
Class com.android.build.gradle.internal.errors.SyncIssueReporterImpl$GlobalSyncIssueService: loaded 2 times (x 82B)
Class com.android.build.gradle.internal.errors.DeprecationReporterImpl                : loaded 2 times (x 83B)
Class com.android.build.gradle.internal.errors.AndroidProblemReporterProvider$RegistrationAction: loaded 2 times (x 74B)
Class com.android.build.gradle.options.ProjectOptions                                 : loaded 2 times (x 72B)
Class com.android.build.gradle.options.ProjectOptionService$Params                    : loaded 2 times (x 70B)
Class com.android.build.gradle.tasks.JdkImageInput                                    : loaded 2 times (x 75B)
Class com.sun.xml.bind.v2.model.runtime.RuntimeAttributePropertyInfo                  : loaded 2 times (x 70B)
Class com.sun.xml.bind.v2.model.impl.RuntimeBuiltinLeafInfoImpl$4                     : loaded 2 times (x 136B)
Class com.sun.xml.bind.v2.model.core.ErrorHandler                                     : loaded 2 times (x 70B)
Class javax.xml.bind.Marshaller                                                       : loaded 2 times (x 70B)
Class com.sun.xml.bind.v2.runtime.ClassBeanInfoImpl                                   : loaded 2 times (x 92B)
Class com.sun.xml.bind.v2.model.runtime.RuntimeNonElement                             : loaded 2 times (x 70B)
Class com.android.repository.impl.generated.v1.CompleteType                           : loaded 2 times (x 83B)
Class [Ljavax.xml.bind.annotation.XmlNsForm;                                          : loaded 2 times (x 69B)
Class com.android.build.gradle.internal.scope.InternalArtifactType$BUILT_IN_KAPT_CLASSES_DIR: loaded 2 times (x 74B)
Class com.android.build.gradle.internal.scope.InternalArtifactType$LINT_INTERMEDIATE_TEXT_REPORT: loaded 2 times (x 74B)
Class com.android.build.gradle.internal.AndroidTestTaskManager$createConnectedTestForVariant$1: loaded 2 times (x 75B)
Class com.android.build.gradle.internal.testing.utp.UtpDependency$11                  : loaded 2 times (x 127B)
Class com.android.build.api.variant.impl.FileBasedDirectoryEntryImpl$asFiles$1        : loaded 2 times (x 75B)
Class com.android.build.gradle.internal.tasks.SigningConfigVersionsWriterTask$CreationAction$handleProvider$1: loaded 2 times (x 127B)
Class com.android.build.gradle.internal.res.LinkApplicationAndroidResourcesTask$BaseCreationAction$handleProvider$1: loaded 2 times (x 127B)
Class com.android.build.gradle.internal.services.BuiltInKaptSupportMode$Supported     : loaded 2 times (x 71B)
Class com.android.builder.dexing.DexingType                                           : loaded 2 times (x 79B)
Class com.android.build.gradle.internal.dependency.VariantDependencies$computeLocalFileDependencies$1: loaded 2 times (x 80B)
Class com.android.build.gradle.internal.tasks.factory.VariantTaskCreationAction       : loaded 2 times (x 90B)
Class com.android.tools.build.jetifier.processor.transform.proguard.ProGuardClassSpecParser$bodyReplacers$9: loaded 2 times (x 79B)
Class com.android.build.api.component.impl.DeviceTestImpl$resValues$2                 : loaded 2 times (x 79B)
Class com.android.build.gradle.internal.tasks.factory.TaskProviderCallback            : loaded 2 times (x 70B)
Class com.android.build.gradle.internal.services.FakeDependencyJarBuildService$FakeDependencyJarCreator$Params_Decorated: loaded 2 times (x 132B)
Class com.android.build.gradle.internal.services.FakeDependencyJarBuildService$FakeDependencyJarCreator: loaded 2 times (x 80B)
Class com.android.build.gradle.internal.tasks.factory.BootClasspathConfigImpl$filteredBootClasspath$2: loaded 2 times (x 79B)
Class [Lcom.android.resources.Density;                                                : loaded 2 times (x 69B)
Class com.android.build.gradle.internal.dsl.ExternalNativeBuildOptions_Decorated      : loaded 2 times (x 139B)
Class com.google.common.util.concurrent.AbstractFuture$UnsafeAtomicHelper$1           : loaded 2 times (x 76B)
Class com.android.build.gradle.internal.dsl.DependencyVariantSelectionImpl            : loaded 2 times (x 78B)
Class com.android.build.gradle.internal.variant.BaseVariantFactory$Companion          : loaded 2 times (x 71B)
Class com.android.build.gradle.internal.ide.dependencies.LibraryDependencyCacheBuildService$RegistrationAction: loaded 2 times (x 74B)
Class com.android.utils.DateProvider$1                                                : loaded 2 times (x 75B)
Class com.google.gson.internal.bind.MapTypeAdapterFactory$Adapter                     : loaded 2 times (x 74B)
Class com.google.gson.internal.sql.SqlTimeTypeAdapter$1                               : loaded 2 times (x 75B)
Class com.android.ide.common.signing.KeytoolException                                 : loaded 2 times (x 84B)
Class com.android.build.gradle.internal.variant.BaseVariantFactory                    : loaded 2 times (x 106B)
Class com.google.common.collect.ImmutableRangeSet$1                                   : loaded 2 times (x 210B)
Class com.android.build.gradle.internal.attribution.BuildAnalyzerService$Companion    : loaded 2 times (x 71B)
Class com.sun.xml.bind.v2.runtime.unmarshaller.UnmarshallingContext$State             : loaded 2 times (x 72B)
Class com.sun.xml.bind.v2.runtime.unmarshaller.UnmarshallingContext$ExpectedTypeRootLoader: loaded 2 times (x 80B)
Class com.sun.xml.bind.v2.runtime.ElementBeanInfoImpl$1                               : loaded 2 times (x 106B)
Class com.sun.xml.bind.v2.runtime.property.ArrayERProperty$ItemsLoader                : loaded 2 times (x 78B)
Class com.sun.xml.bind.v2.model.impl.GetterSetterPropertySeed                         : loaded 2 times (x 90B)
Class com.sun.xml.bind.v2.model.impl.RuntimeBuiltinLeafInfoImpl$5                     : loaded 2 times (x 136B)
Class com.android.sdklib.repository.generated.common.v2.IdDisplayType                 : loaded 2 times (x 83B)
Class com.android.sdklib.repository.generated.sysimg.v3.package-info                  : loaded 2 times (x 70B)
Class com.android.ide.common.resources.SingleFileProcessor                            : loaded 2 times (x 70B)
Class [Lcom.android.build.api.artifact.Artifact;                                      : loaded 2 times (x 69B)
Class com.android.build.gradle.internal.scope.ArtifactPublishingUtil$publishArtifactToConfiguration$1$1$1: loaded 2 times (x 75B)
Class com.android.build.gradle.internal.scope.InternalArtifactType$DATA_BINDING_BASE_CLASS_LOG_ARTIFACT: loaded 2 times (x 74B)
Class com.android.build.gradle.internal.testing.utp.UtpDependency$12                  : loaded 2 times (x 127B)
Class com.android.build.gradle.internal.core.dsl.impl.features.NativeBuildDslInfoImpl$mergeOptions$1: loaded 2 times (x 78B)
Class com.android.build.gradle.internal.services.R8D8ThreadPoolBuildService$RegistrationAction: loaded 2 times (x 74B)
Class com.android.build.gradle.internal.scope.InternalArtifactType$MERGED_SHADERS     : loaded 2 times (x 74B)
Class com.android.build.gradle.tasks.GenerateResValues                                : loaded 2 times (x 327B)
Class com.android.build.gradle.internal.tasks.PrepareLintJarForPublish$CreationAction$handleProvider$1: loaded 2 times (x 127B)
Class com.android.tools.build.jetifier.processor.transform.proguard.ProGuardClassFilterParser$Companion: loaded 2 times (x 71B)
Class com.android.tools.build.jetifier.processor.TimestampsPolicy                     : loaded 2 times (x 72B)
Class com.android.build.api.attributes.BuildTypeAttr$Impl                             : loaded 2 times (x 88B)
Class [Lcom.android.build.gradle.internal.dsl.ModulePropertyKey$BooleanWithDefault;   : loaded 2 times (x 69B)
Class com.android.build.gradle.internal.profile.ProfilingMode$Companion               : loaded 2 times (x 71B)
Class com.android.build.gradle.internal.services.VariantBuilderServices               : loaded 2 times (x 70B)
Class com.android.build.api.extension.impl.OperationsRegistrar                        : loaded 2 times (x 72B)
Class com.android.tools.lint.model.LintModelSeverity                                  : loaded 2 times (x 79B)
Class com.android.builder.core.AbstractProductFlavor$DimensionRequest                 : loaded 2 times (x 72B)
Class com.android.build.api.dsl.TestDefaultConfig                                     : loaded 2 times (x 70B)
Class com.android.build.gradle.internal.dsl.LintImpl                                  : loaded 2 times (x 208B)
Class com.android.build.api.dsl.SigningConfig                                         : loaded 2 times (x 70B)
Class com.android.io.CancellableFileIo                                                : loaded 2 times (x 71B)
Class com.google.protobuf.Descriptors$FieldDescriptor                                 : loaded 2 times (x 88B)
Class com.android.build.gradle.internal.attribution.BuildAnalyzerService              : loaded 2 times (x 84B)
Class com.android.build.gradle.internal.errors.SyncIssueReporterImpl$GlobalSyncIssueService$Parameters: loaded 2 times (x 70B)
Class com.android.build.gradle.internal.dsl.decorator.SupportedPropertyType$Var$NullableInt: loaded 2 times (x 74B)
Class com.android.build.api.variant.ComponentIdentity                                 : loaded 2 times (x 70B)
Class com.android.build.gradle.internal.testing.ManagedDeviceRegistry                 : loaded 2 times (x 75B)
Class com.android.build.gradle.AndroidConfig                                          : loaded 2 times (x 70B)
Class com.google.common.collect.Range                                                 : loaded 2 times (x 87B)
Class com.sun.xml.bind.v2.runtime.property.SingleElementNodeProperty                  : loaded 2 times (x 102B)
Class com.android.repository.impl.generated.v2.TypeDetails                            : loaded 2 times (x 75B)
Class com.sun.xml.bind.api.impl.NameConverter$1                                       : loaded 2 times (x 93B)
Class com.sun.xml.bind.v2.model.impl.RuntimeBuiltinLeafInfoImpl$6                     : loaded 2 times (x 136B)
Class com.android.repository.impl.generated.v1.ChannelType                            : loaded 2 times (x 83B)
Class com.android.sdklib.repository.generated.repository.v2.package-info              : loaded 2 times (x 70B)
Class com.android.build.gradle.internal.core.dsl.impl.features.ManifestPlaceholdersDslInfoImpl: loaded 2 times (x 75B)
Class com.android.build.gradle.internal.scope.InternalArtifactType$LINT_HTML_REPORT   : loaded 2 times (x 74B)
Class com.android.build.gradle.internal.core.dsl.impl.features.NativeBuildDslInfoImpl$mergeOptions$2: loaded 2 times (x 78B)
Class com.android.build.api.variant.impl.TaskProviderBasedDirectoryEntryImpl$asFiles$1: loaded 2 times (x 74B)
Class [Lcom.android.builder.compiling.BuildConfigType;                                : loaded 2 times (x 69B)
Class com.android.build.gradle.internal.services.TaskCreationServicesImpl$sam$java_util_concurrent_Callable$0: loaded 2 times (x 75B)
Class com.android.build.api.artifact.impl.InAndOutDirectoryOperationRequestImpl$Companion: loaded 2 times (x 71B)
Class com.android.tools.r8.Version                                                    : loaded 2 times (x 71B)
Class com.android.build.gradle.internal.core.dsl.impl.features.DexingDslInfoImpl      : loaded 2 times (x 77B)
Class com.android.build.api.variant.impl.ResourcesPackagingImpl                       : loaded 2 times (x 80B)
Class com.android.build.gradle.internal.scope.InternalArtifactType$AP_GENERATED_SOURCES: loaded 2 times (x 74B)
Class com.android.build.gradle.internal.scope.InternalArtifactType$UPDATED_NAVIGATION_XML: loaded 2 times (x 74B)
Class com.android.build.gradle.internal.core.dsl.impl.InstrumentedTestDslInfoImpl$functionalTest$fromFlavor$1: loaded 2 times (x 78B)
Class com.android.build.gradle.internal.core.dsl.impl.AndroidTestComponentDslInfoImpl : loaded 2 times (x 153B)
Class com.android.build.api.variant.AndroidResources                                  : loaded 2 times (x 70B)
Class com.android.build.api.variant.HostTest                                          : loaded 2 times (x 70B)
Class [Lcom.android.build.gradle.internal.publishing.AndroidArtifacts$PublishedConfigType;: loaded 2 times (x 69B)
Class com.android.build.gradle.internal.attributes.VariantAttr$Impl                   : loaded 2 times (x 88B)
Class com.android.build.gradle.internal.lint.AndroidLintGlobalTask$GlobalCreationAction$Companion: loaded 2 times (x 71B)
Class com.android.build.gradle.internal.tasks.LintCompile$CreationAction              : loaded 2 times (x 91B)
Class com.android.build.gradle.internal.dsl.AndroidTestImpl$AgpDecorated              : loaded 2 times (x 80B)
Class com.android.build.gradle.internal.dsl.PostProcessingBlock                       : loaded 2 times (x 120B)
Class com.android.build.gradle.internal.tasks.factory.GlobalTaskCreationConfigImpl$testOptionExecutionEnum$2: loaded 2 times (x 79B)
Class com.android.build.gradle.internal.tasks.factory.BootClasspathConfigImpl$androidJar$2: loaded 2 times (x 79B)
Class com.android.build.gradle.internal.dsl.ManagedDevices$localDevices$1$1           : loaded 2 times (x 75B)
Class com.android.build.gradle.internal.dsl.AarMetadataImpl$AgpDecorated              : loaded 2 times (x 91B)
Class com.android.build.gradle.internal.dsl.AnnotationProcessorOptions$AgpDecorated_Decorated: loaded 2 times (x 149B)
Class com.android.resources.Density                                                   : loaded 2 times (x 92B)
Class com.android.build.gradle.internal.dsl.BaselineProfileImpl$AgpDecorated_Decorated: loaded 2 times (x 128B)
Class com.android.build.gradle.internal.dsl.decorator.SupportedPropertyType           : loaded 2 times (x 73B)
Class com.android.build.gradle.internal.dsl.InternalSigningConfig                     : loaded 2 times (x 70B)
Class com.android.build.gradle.internal.dependency.JacocoInstrumentationService       : loaded 2 times (x 81B)
Class com.android.build.gradle.internal.ide.v2.GlobalSyncService$Parameters_Decorated : loaded 2 times (x 130B)
Class com.android.tools.analytics.StubbableLazy                                       : loaded 2 times (x 76B)
Class com.android.build.gradle.internal.core.dsl.features.DeviceTestOptionsDslInfo    : loaded 2 times (x 70B)
Class com.android.build.gradle.internal.profile.TaskMetadata                          : loaded 2 times (x 72B)
Class com.android.build.gradle.internal.scope.ProjectInfo$Companion                   : loaded 2 times (x 71B)
Class com.google.gson.internal.bind.DefaultDateTypeAdapter$DateType                   : loaded 2 times (x 73B)
Class com.google.protobuf.Internal$EnumLite                                           : loaded 2 times (x 70B)
Class com.android.build.gradle.internal.plugins.VersionCheckPlugin                    : loaded 2 times (x 74B)
Class com.android.sdklib.repository.targets.PlatformTarget$Library                    : loaded 2 times (x 72B)
Class com.sun.xml.bind.v2.runtime.reflect.PrimitiveArrayListerDouble                  : loaded 2 times (x 76B)
Class com.sun.xml.bind.v2.runtime.unmarshaller.Loader                                 : loaded 2 times (x 77B)
Class com.sun.xml.bind.api.impl.NameConverter$2                                       : loaded 2 times (x 93B)
Class com.sun.xml.bind.v2.model.impl.RuntimeBuiltinLeafInfoImpl$7                     : loaded 2 times (x 136B)
Class com.sun.xml.bind.v2.model.runtime.RuntimeClassInfo                              : loaded 2 times (x 70B)
Class com.android.sdklib.repository.generated.repository.v3.LayoutlibType             : loaded 2 times (x 74B)
Class com.android.build.gradle.internal.scope.InternalArtifactType$APK_FROM_BUNDLE_IDE_REDIRECT_FILE: loaded 2 times (x 74B)
Class com.android.build.gradle.internal.publishing.PublishingSpecs$Companion          : loaded 2 times (x 71B)
Class com.android.build.gradle.internal.lint.AndroidLintTask$SingleVariantCreationAction$Companion$registerLintReportArtifacts$1: loaded 2 times (x 127B)
Class com.android.build.gradle.internal.core.dsl.impl.features.NativeBuildDslInfoImpl$mergeOptions$3: loaded 2 times (x 78B)
Class com.android.build.api.variant.impl.SourcesImpl$renderscript$2                   : loaded 2 times (x 79B)
Class com.android.build.gradle.internal.res.LinkApplicationAndroidResourcesTask$BaseCreationAction$handleProvider$4: loaded 2 times (x 127B)
Class com.android.build.api.component.impl.JavaCompilationImpl                        : loaded 2 times (x 76B)
Class com.android.build.gradle.internal.component.TestSuiteCreationConfig             : loaded 2 times (x 70B)
Class com.android.build.gradle.internal.testsuites.HasTestSuites                      : loaded 2 times (x 70B)
Class com.android.build.api.variant.impl.HostTestBuilderImpl$Companion                : loaded 2 times (x 71B)
Class com.android.build.gradle.internal.dsl.VcsInfoImpl$AgpDecorated_Decorated        : loaded 2 times (x 125B)
Class com.android.build.gradle.internal.dsl.BuildType$AgpDecorated                    : loaded 2 times (x 378B)
Class com.android.build.gradle.internal.dsl.DensitySplitOptions$AgpDecorated          : loaded 2 times (x 105B)
Class com.android.build.gradle.internal.dsl.ManagedDevices$localDevices$1$2           : loaded 2 times (x 75B)
Class com.android.build.gradle.internal.dsl.decorator.DslDecorator$ClassInfoVisitor   : loaded 2 times (x 70B)
Class com.android.build.api.dsl.DependencySelection                                   : loaded 2 times (x 70B)
Class com.android.build.gradle.api.JavaCompileOptions                                 : loaded 2 times (x 70B)
Class org.bouncycastle.jce.provider.BouncyCastleProvider                              : loaded 2 times (x 169B)
Class com.android.build.api.dsl.DynamicFeatureBuildType                               : loaded 2 times (x 70B)
Class com.google.wireless.android.sdk.stats.GradleBuildMemorySampleOrBuilder          : loaded 2 times (x 70B)
Class com.google.gson.internal.bind.ReflectiveTypeAdapterFactory$1                    : loaded 2 times (x 74B)
Class build_5x3w8cwhfxgb30qcnnqwxe8hk$_run_closure1                                   : loaded 2 times (x 139B)
Class com.android.build.gradle.internal.scope.BootClasspathBuilder$computeAdditionalAndRequestedOptionalLibraries$4$1: loaded 2 times (x 79B)
Class com.sun.xml.bind.v2.model.impl.RuntimeBuiltinLeafInfoImpl$8                     : loaded 2 times (x 136B)
Class com.sun.xml.bind.api.ErrorListener                                              : loaded 2 times (x 70B)
Class com.sun.istack.FinalArrayList                                                   : loaded 2 times (x 209B)
Class com.android.sdklib.repository.generated.repository.v2.ObjectFactory             : loaded 2 times (x 79B)
Class com.android.build.gradle.internal.SdkComponentsBuildService$VersionedSdkLoader$targetBootClasspathProvider$1: loaded 2 times (x 75B)
Class com.android.build.gradle.internal.dependency.AndroidAttributes$toAttributeMapString$$inlined$sortedBy$1: loaded 2 times (x 89B)
Class com.android.build.gradle.internal.cxx.configure.Ninja                           : loaded 2 times (x 72B)
Class com.android.build.gradle.internal.lint.AndroidLintTask$SingleVariantCreationAction$Companion$registerLintReportArtifacts$2: loaded 2 times (x 127B)
Class com.android.utils.FileUtils                                                     : loaded 2 times (x 71B)
Class com.android.build.gradle.internal.AndroidTestTaskManager$createConnectedTestForVariant$connectedCheckSerials$1: loaded 2 times (x 74B)
Class com.android.build.gradle.internal.core.dsl.impl.features.NativeBuildDslInfoImpl$mergeOptions$4: loaded 2 times (x 78B)
Class com.android.build.api.variant.impl.ManifestFilesImpl$all$1                      : loaded 2 times (x 74B)
Class com.android.build.api.variant.impl.SigningConfigImpl$keyPassword$1              : loaded 2 times (x 75B)
Class com.android.ide.common.gradle.Separator                                         : loaded 2 times (x 79B)
Class com.android.build.api.artifact.ScopedArtifact$JAVA_RES                          : loaded 2 times (x 74B)
Class com.android.tools.build.jetifier.processor.com.android.tools.build.jetifier.processor.transform.java.JavaTransformer: loaded 2 times (x 77B)
Class com.android.build.api.component.impl.DeviceTestImpl$instrumentationRunner$2     : loaded 2 times (x 79B)
Class com.android.build.api.component.impl.DeviceTestImpl_Decorated                   : loaded 2 times (x 750B)
Class com.android.build.api.variant.BundleConfig                                      : loaded 2 times (x 70B)
Class com.android.build.api.component.impl.DeviceTestImpl                             : loaded 2 times (x 694B)
Class [Lcom.android.build.gradle.internal.dsl.ModulePropertyKey;                      : loaded 2 times (x 69B)
Class com.android.build.gradle.internal.dsl.Splits$AgpDecorated                       : loaded 2 times (x 94B)
Class com.android.build.gradle.internal.dsl.decorator.DslDecorator$findAbstractProperties$1$2: loaded 2 times (x 78B)
Class com.android.build.gradle.internal.manifest.LazyManifestParser$manifestData$2    : loaded 2 times (x 75B)
Class com.android.build.api.dsl.BundleDensity                                         : loaded 2 times (x 70B)
Class com.android.builder.internal.BaseConfigImpl                                     : loaded 2 times (x 115B)
Class com.android.build.api.dsl.AndroidSourceSet                                      : loaded 2 times (x 70B)
Class com.android.build.gradle.internal.SdkComponentsBuildService                     : loaded 2 times (x 80B)
Class [Lcom.android.prefs.VariableValue;                                              : loaded 2 times (x 69B)
Class com.android.build.gradle.internal.utils.EnvironmentProviderImpl                 : loaded 2 times (x 78B)
Class com.android.build.gradle.internal.services.Aapt2ThreadPoolBuildService          : loaded 2 times (x 80B)
Class com.google.wireless.android.sdk.stats.GradleBuildProfileSpan$ExecutionType$1    : loaded 2 times (x 76B)
Class com.android.build.api.variant.HostTestBuilder                                   : loaded 2 times (x 70B)
Class com.google.protobuf.Extension$ExtensionType                                     : loaded 2 times (x 79B)
Class com.google.protobuf.AbstractMessageLite$Builder$LimitedInputStream              : loaded 2 times (x 92B)
Class com.android.buildanalyzer.common.TaskCategoryIssue                              : loaded 2 times (x 79B)
Class com.android.build.gradle.internal.variant.VariantPathHelper$coverageReportDir$2 : loaded 2 times (x 79B)
Class com.google.gson.internal.bind.ReflectiveTypeAdapterFactory$2                    : loaded 2 times (x 79B)
Class com.android.build.gradle.options.StringOption                                   : loaded 2 times (x 85B)
Class com.google.common.util.concurrent.ListeningExecutorService                      : loaded 2 times (x 70B)
Class com.android.build.api.dsl.LibraryBuildFeatures                                  : loaded 2 times (x 70B)
Class org.gradle.internal.classloader.ClasspathUtil$1                                 : loaded 2 times (x 76B)
Class javax.xml.bind.annotation.XmlSchemaType$DEFAULT                                 : loaded 2 times (x 71B)
Class com.sun.xml.bind.v2.model.annotation.XmlSchemaTypeQuick                         : loaded 2 times (x 93B)
Class com.sun.xml.bind.v2.model.impl.RuntimeBuiltinLeafInfoImpl$10                    : loaded 2 times (x 136B)
Class com.sun.xml.bind.v2.model.impl.RuntimeBuiltinLeafInfoImpl$9                     : loaded 2 times (x 136B)
Class com.sun.xml.bind.v2.runtime.BridgeImpl                                          : loaded 2 times (x 87B)
Class com.android.repository.api.ProgressIndicator                                    : loaded 2 times (x 70B)
Class com.android.build.gradle.internal.tasks.ProcessJavaResTaskKt$getProjectJavaRes$3$1: loaded 2 times (x 74B)
Class com.android.ide.common.resources.AssetSet                                       : loaded 2 times (x 115B)
Class com.android.build.gradle.internal.dependency.AndroidAttributes$toAttributeMapString$$inlined$sortedBy$2: loaded 2 times (x 89B)
Class com.android.build.gradle.internal.scope.InternalArtifactType$MODULE_BUNDLE      : loaded 2 times (x 74B)
Class com.android.build.gradle.internal.dependency.EnumerateClassesTransform$Inject_1 : loaded 2 times (x 109B)
Class com.android.build.gradle.internal.dependency.IdentityTransform$Inject_1         : loaded 2 times (x 109B)
Class com.android.build.gradle.internal.lint.AndroidLintTask$SingleVariantCreationAction$Companion$registerLintReportArtifacts$3: loaded 2 times (x 127B)
Class com.android.build.gradle.internal.variant.DefaultFlavorComparator               : loaded 2 times (x 89B)
Class com.android.build.gradle.internal.tasks.ProcessJavaResTask                      : loaded 2 times (x 566B)
Class com.android.build.gradle.internal.variant.BaseVariantData$DiscoverableFilterType: loaded 2 times (x 80B)
Class com.android.build.api.component.impl.features.InstrumentationCreationConfigImpl$projectClassesPostInstrumentation$2: loaded 2 times (x 79B)
Class com.android.build.gradle.internal.AndroidTestTaskManager$createMockableJarTask$1: loaded 2 times (x 75B)
Class com.android.build.gradle.internal.component.features.PrivacySandboxCreationConfig: loaded 2 times (x 70B)
Class com.android.build.api.variant.DeviceTestBuilder                                 : loaded 2 times (x 70B)
Class com.android.build.gradle.internal.core.dsl.impl.VariantDslInfoImpl              : loaded 2 times (x 145B)
Class com.android.build.gradle.internal.dsl.decorator.DslDecorator$findAbstractProperties$1$3: loaded 2 times (x 78B)
Class com.android.build.gradle.internal.component.features.OptimizationCreationConfig : loaded 2 times (x 70B)
Class com.android.build.gradle.internal.dsl.DependencySelectionImpl                   : loaded 2 times (x 78B)
Class com.android.build.api.dsl.BundleDeviceGroup                                     : loaded 2 times (x 70B)
Class com.android.build.gradle.api.AnnotationProcessorOptions                         : loaded 2 times (x 70B)
Class com.android.build.api.dsl.ApplicationBaseFlavor                                 : loaded 2 times (x 70B)
Class com.android.build.gradle.internal.dsl.CoreBuildType                             : loaded 2 times (x 70B)
Class com.android.build.gradle.internal.services.FakeDependencyJarBuildService$Params_Decorated: loaded 2 times (x 130B)
Class com.google.gson.ToNumberStrategy                                                : loaded 2 times (x 70B)
Class com.google.gson.TypeAdapter                                                     : loaded 2 times (x 73B)
Class com.android.tools.build.jetifier.processor.TimestampsPolicy$Companion$EPOCH$1   : loaded 2 times (x 78B)
Class com.android.tools.build.jetifier.processor.TimestampsPolicy$Companion$KEEP_PREVIOUS$1: loaded 2 times (x 78B)
Class com.android.build.gradle.internal.dependency.AdditionalArtifactType             : loaded 2 times (x 79B)
Class com.android.build.gradle.api.KotlinMultiplatformAndroidPlugin                   : loaded 2 times (x 76B)
Class com.android.build.api.variant.HasDeviceTests                                    : loaded 2 times (x 70B)
Class com.google.common.base.Objects                                                  : loaded 2 times (x 71B)
Class org.gradle.api.internal.classpath.DefaultModuleRegistry$DefaultModule           : loaded 2 times (x 86B)
Class com.android.repository.impl.meta.SchemaModuleUtil$NamespaceFallbackFilter       : loaded 2 times (x 153B)
Class [Lcom.sun.xml.bind.v2.runtime.unmarshaller.Scope;                               : loaded 2 times (x 69B)
Class com.android.repository.impl.generated.generic.v2.GenericDetailsType             : loaded 2 times (x 76B)
Class com.sun.xml.bind.v2.model.impl.RuntimeBuiltinLeafInfoImpl$11                    : loaded 2 times (x 136B)
Class com.sun.xml.bind.v2.model.runtime.RuntimeEnumLeafInfo                           : loaded 2 times (x 70B)
Class com.sun.xml.bind.v2.model.core.ElementInfo                                      : loaded 2 times (x 70B)
Class javax.xml.bind.GetPropertyAction                                                : loaded 2 times (x 75B)
Class com.android.repository.api.Checksum                                             : loaded 2 times (x 80B)
Class com.android.build.gradle.internal.PlatformComponents$Companion                  : loaded 2 times (x 71B)
Class com.android.build.gradle.internal.tasks.ProcessJavaResTaskKt$getProjectJavaRes$3$2: loaded 2 times (x 74B)
Class com.android.build.gradle.internal.scope.ArtifactPublishingUtil                  : loaded 2 times (x 71B)
Class com.android.build.api.variant.impl.VariantOutputList                            : loaded 2 times (x 173B)
Class com.android.build.gradle.internal.dependency.BaseDexingTransform                : loaded 2 times (x 80B)
Class com.android.build.gradle.internal.cxx.logging.ThreadLoggingEnvironment$Companion$loggerStack$1: loaded 2 times (x 74B)
Class com.android.build.gradle.internal.PropertiesValueSource                         : loaded 2 times (x 78B)
Class com.android.build.gradle.internal.lint.AndroidLintTask$SingleVariantCreationAction$Companion$registerLintReportArtifacts$4: loaded 2 times (x 127B)
Class com.android.build.gradle.internal.scope.InternalArtifactType$SUPPORTED_LOCALE_LIST: loaded 2 times (x 74B)
Class com.android.build.api.component.impl.DeviceTestImpl$pseudoLocalesEnabled$2      : loaded 2 times (x 79B)
Class com.android.build.gradle.internal.core.dsl.impl.DslInfoCommonKt                 : loaded 2 times (x 71B)
Class com.android.build.api.variant.GeneratesApk                                      : loaded 2 times (x 70B)
Class com.android.build.gradle.internal.variant.VariantPathHelper$renderscriptObjOutputDir$2: loaded 2 times (x 79B)
Class com.android.build.gradle.internal.dsl.PrivacySandboxImpl$AgpDecorated           : loaded 2 times (x 81B)
Class com.android.build.gradle.internal.core.Abi                                      : loaded 2 times (x 79B)
Class com.android.build.gradle.internal.dsl.DataBindingOptions$AgpDecorated_Decorated : loaded 2 times (x 163B)
Class com.android.build.gradle.internal.api.artifact.SourceArtifactType$ML_MODELS     : loaded 2 times (x 74B)
Class com.android.builder.model.v2.CustomSourceDirectory                              : loaded 2 times (x 70B)
Class com.android.build.gradle.tasks.MergeResources$Flag                              : loaded 2 times (x 79B)
Class com.android.build.gradle.internal.dsl.AgpTestSuiteImpl                          : loaded 2 times (x 98B)
Class com.android.build.gradle.internal.dsl.BundleOptionsAbi                          : loaded 2 times (x 77B)
Class com.android.build.gradle.internal.services.VersionedSdkLoaderService$versionedSdkLoader$2: loaded 2 times (x 79B)
Class com.android.build.gradle.internal.services.ClassesHierarchyBuildService$RegistrationAction: loaded 2 times (x 74B)
Class com.android.build.gradle.internal.services.AndroidLocationsBuildService$AndroidLocations: loaded 2 times (x 82B)
Class com.google.protobuf.CodedInputStream$IterableDirectByteBufferDecoder            : loaded 2 times (x 120B)
Class com.google.protobuf.Internal$DoubleList                                         : loaded 2 times (x 70B)
Class com.android.ide.common.repository.AgpVersion                                    : loaded 2 times (x 75B)
Class com.android.build.gradle.internal.scope.InternalArtifactType$RUNTIME_LIBRARY_CLASSES_JAR: loaded 2 times (x 74B)
Class com.android.build.gradle.api.PrivacySandboxSdkPlugin                            : loaded 2 times (x 74B)
Class com.android.build.gradle.internal.plugins.BasePlugin$globalConfig$2             : loaded 2 times (x 79B)
Class com.android.build.gradle.internal.plugins.BasePlugin$variantApiOperations$2     : loaded 2 times (x 79B)
Class com.android.build.gradle.internal.plugins.AndroidPluginBaseServices$configuratorService$2: loaded 2 times (x 79B)
Class com.android.build.gradle.internal.dsl.TestedExtensionImpl                       : loaded 2 times (x 332B)
Class com.android.build.gradle.internal.services.BuildServicesKt                      : loaded 2 times (x 71B)
Class com.android.build.gradle.LibraryPlugin                                          : loaded 2 times (x 76B)
Class com.sun.xml.bind.v2.runtime.property.ArrayElementProperty                       : loaded 2 times (x 105B)
Class com.sun.xml.bind.api.impl.NameUtil                                              : loaded 2 times (x 80B)
Class com.sun.xml.bind.v2.util.ByteArrayOutputStreamEx                                : loaded 2 times (x 94B)
Class com.sun.xml.bind.v2.model.impl.RuntimeBuiltinLeafInfoImpl$12                    : loaded 2 times (x 136B)
Class com.sun.xml.bind.v2.model.impl.RuntimeBuiltinLeafInfoImpl$PcdataImpl            : loaded 2 times (x 134B)
Class com.sun.xml.bind.v2.model.impl.ElementInfoImpl                                  : loaded 2 times (x 109B)
Class com.sun.xml.bind.v2.model.annotation.AbstractInlineAnnotationReaderImpl         : loaded 2 times (x 104B)
Class com.android.sdklib.repository.meta.RepoFactory                                  : loaded 2 times (x 74B)
Class com.android.build.gradle.internal.errors.SyncIssueReporterImpl$GlobalSyncIssueService$Parameters$Inject_: loaded 2 times (x 110B)
Class com.android.build.gradle.internal.tasks.ProcessJavaResTaskKt$getProjectJavaRes$3$3: loaded 2 times (x 75B)
Class com.android.build.gradle.internal.tasks.factory.BootClasspathConfigImpl$androidJar$2$1: loaded 2 times (x 75B)
Class com.android.build.gradle.internal.dependency.AsmClassesTransform$Companion      : loaded 2 times (x 71B)
Class com.android.build.gradle.internal.dependency.AarTransform$Inject_1              : loaded 2 times (x 109B)
Class [Lcom.android.build.gradle.internal.cxx.gradle.generator.NativeProjectPath;     : loaded 2 times (x 69B)
Class com.android.build.gradle.tasks.PackageApplication$CreationAction$handleProvider$3: loaded 2 times (x 125B)
Class com.android.build.api.artifact.impl.MultiplePropertyAdapter                     : loaded 2 times (x 78B)
Class com.android.tools.build.jetifier.processor.transform.proguard.patterns.GroupsReplacer: loaded 2 times (x 72B)
Class com.android.tools.build.jetifier.core.type.JavaType$Companion                   : loaded 2 times (x 71B)
Class com.android.tools.build.jetifier.core.config.Config$JsonData                    : loaded 2 times (x 72B)
Class com.android.build.gradle.internal.variant.ComponentInfo                         : loaded 2 times (x 72B)
Class com.android.build.gradle.internal.core.ProductFlavor                            : loaded 2 times (x 72B)
Class com.android.build.gradle.internal.variant.VariantPathHelper$directorySegments$2 : loaded 2 times (x 79B)
Class com.android.build.api.attributes.AgpVersionAttr$ImplFactory                     : loaded 2 times (x 75B)
Class com.android.build.gradle.internal.manifest.ManifestValueSource                  : loaded 2 times (x 79B)
Class com.android.build.gradle.internal.tasks.factory.TaskCreationAction              : loaded 2 times (x 89B)
Class com.android.build.gradle.internal.variant.DefaultBuildTypeComparator            : loaded 2 times (x 90B)
Class com.android.build.gradle.internal.core.ExecutionProfileOptions                  : loaded 2 times (x 72B)
Class com.android.build.gradle.internal.api.ApkVariantOutputImpl                      : loaded 2 times (x 130B)
Class com.android.build.gradle.internal.publishing.PublishingSpecs                    : loaded 2 times (x 71B)
Class com.android.build.gradle.internal.dsl.decorator.DslDecorator                    : loaded 2 times (x 72B)
Class com.android.build.api.dsl.PrivacySandbox                                        : loaded 2 times (x 70B)
Class com.android.build.api.dsl.AndroidTest                                           : loaded 2 times (x 70B)
Class com.android.builder.model.DimensionAware                                        : loaded 2 times (x 70B)
Class com.android.build.gradle.internal.res.Aapt2FromMaven$Companion$Aapt2Extractor$Inject_1: loaded 2 times (x 109B)
Class com.android.build.gradle.internal.scope.InternalArtifactType$RES_STATIC_LIBRARY : loaded 2 times (x 74B)
Class com.android.ide.common.resources.DataMerger                                     : loaded 2 times (x 97B)
Class com.sun.xml.bind.v2.runtime.unmarshaller.LeafPropertyXsiLoader                  : loaded 2 times (x 78B)
Class com.sun.xml.bind.v2.runtime.property.ArrayReferenceNodeProperty                 : loaded 2 times (x 104B)
Class [Lcom.sun.xml.bind.v2.runtime.property.AttributeProperty;                       : loaded 2 times (x 69B)
Class javax.xml.bind.annotation.XmlElements                                           : loaded 2 times (x 70B)
Class com.sun.xml.bind.v2.model.impl.ClassInfoImpl$ConflictException                  : loaded 2 times (x 82B)
Class com.sun.xml.bind.v2.model.annotation.XmlElementQuick                            : loaded 2 times (x 96B)
Class com.sun.xml.bind.v2.model.impl.RuntimeBuiltinLeafInfoImpl$13                    : loaded 2 times (x 137B)
Class com.sun.xml.bind.v2.model.impl.ModelBuilderI                                    : loaded 2 times (x 70B)
Class com.sun.xml.bind.v2.runtime.LeafBeanInfoImpl                                    : loaded 2 times (x 89B)
Class com.android.build.gradle.internal.SdkLibDataFactory$getSettingsController$1     : loaded 2 times (x 78B)
Class com.android.build.gradle.tasks.ExtractDeepLinksTask$BaseCreationAction$configure$1: loaded 2 times (x 79B)
Class com.android.build.api.variant.VariantOutput                                     : loaded 2 times (x 70B)
Class com.android.build.api.variant.impl.LayeredSourceDirectoriesImpl                 : loaded 2 times (x 92B)
Class com.android.build.api.component.impl.DefaultSourcesProviderImpl                 : loaded 2 times (x 89B)
Class com.android.build.gradle.internal.tasks.InstallVariantTask                      : loaded 2 times (x 336B)
Class com.android.build.gradle.internal.variant.VariantPathHelper$kaptKotlinSourceOutputDir$2: loaded 2 times (x 79B)
Class com.android.build.gradle.internal.variant.VariantPathHelper                     : loaded 2 times (x 72B)
Class com.android.build.gradle.internal.dependency.VariantDependencies$Companion      : loaded 2 times (x 71B)
Class com.android.build.gradle.internal.core.MergedOptions                            : loaded 2 times (x 70B)
Class com.android.build.gradle.api.LibraryVariant                                     : loaded 2 times (x 70B)
Class com.android.build.api.dsl.EmulatorSnapshots                                     : loaded 2 times (x 70B)
Class com.android.build.gradle.internal.api.artifact.SourceArtifactType$BASELINE_PROFILES: loaded 2 times (x 74B)
Class com.android.build.api.dsl.PrivacySandboxSdkExtension                            : loaded 2 times (x 70B)
Class com.android.build.api.dsl.AaptOptions                                           : loaded 2 times (x 70B)
Class com.android.build.gradle.internal.services.Aapt2ThreadPoolBuildService$Params   : loaded 2 times (x 70B)
Class com.google.protobuf.Internal$ProtobufList                                       : loaded 2 times (x 70B)
Class com.android.buildanalyzer.common.AndroidGradlePluginAttributionData$BuildInfo   : loaded 2 times (x 72B)
Class com.android.build.gradle.internal.DependencyResolutionChecksKt                  : loaded 2 times (x 71B)
Class com.android.build.gradle.internal.lint.LintFromMaven$Companion                  : loaded 2 times (x 71B)
Class com.google.gson.internal.ObjectConstructor                                      : loaded 2 times (x 70B)
Class com.android.ide.common.blame.SourceFile                                         : loaded 2 times (x 72B)
Class javax.xml.bind.ContextFinder$1                                                  : loaded 2 times (x 73B)
Class com.android.build.gradle.internal.plugins.BasePlugin$newExtension$2             : loaded 2 times (x 79B)
Class com.android.build.gradle.internal.component.LibraryCreationConfig               : loaded 2 times (x 70B)
Class com.android.build.api.dsl.LibraryBaseFlavor                                     : loaded 2 times (x 70B)
Class com.android.build.gradle.internal.services.VersionedSdkLoaderService            : loaded 2 times (x 72B)
Class settings_84ctm0aoxhxu6qtk8991iew7s                                              : loaded 2 times (x 171B)
Class org.gradle.api.internal.classpath.Module                                        : loaded 2 times (x 70B)
Class com.android.build.gradle.tasks.JdkImageInput$jrtFsJar$1                         : loaded 2 times (x 74B)
Class com.android.build.gradle.internal.dependency.JdkImageTransformKt                : loaded 2 times (x 71B)
Class com.sun.xml.bind.v2.runtime.reflect.AdaptedLister                               : loaded 2 times (x 77B)
Class com.sun.xml.bind.v2.model.nav.ReflectionNavigator$10                            : loaded 2 times (x 77B)
Class com.android.repository.impl.generated.v1.TypeDetails                            : loaded 2 times (x 75B)
Class com.sun.xml.bind.v2.model.impl.RuntimeBuiltinLeafInfoImpl$UUIDImpl              : loaded 2 times (x 136B)
Class com.sun.xml.bind.v2.model.impl.RuntimeBuiltinLeafInfoImpl$14                    : loaded 2 times (x 136B)
Class com.sun.xml.bind.v2.model.core.RegistryInfo                                     : loaded 2 times (x 70B)
Class com.android.repository.impl.generated.v2.ChecksumType                           : loaded 2 times (x 82B)
Class com.android.sdklib.repository.generated.addon.v1.ObjectFactory                  : loaded 2 times (x 80B)
Class com.android.build.gradle.internal.SdkComponentsBuildService$VersionedSdkLoader$sdkLoadStrategy$2: loaded 2 times (x 79B)
Class com.android.build.gradle.internal.tasks.ValidateResourcesTask$CreateAction$configure$1$resourceMap$1: loaded 2 times (x 78B)
Class com.android.build.gradle.tasks.ExtractDeepLinksTask$BaseCreationAction$configure$2: loaded 2 times (x 78B)
Class com.android.build.api.component.impl.features.ManifestPlaceholdersCreationConfigImpl$placeholders$2: loaded 2 times (x 79B)
Class com.android.build.api.variant.VariantOutputConfiguration$OutputType             : loaded 2 times (x 79B)
Class com.android.build.gradle.internal.dependency.DexingRegistration$ComponentAgnosticParameters: loaded 2 times (x 72B)
Class com.android.build.gradle.internal.utils.DesugarLibUtils$getDesugarLibConfigFromTransform$1$1: loaded 2 times (x 74B)
Class com.android.build.gradle.internal.services.Aapt2Input_Decorated                 : loaded 2 times (x 155B)
Class com.android.build.gradle.tasks.PackageApplication$CreationAction$handleProvider$5: loaded 2 times (x 127B)
Class com.android.build.gradle.internal.tasks.ValidateSigningTask                     : loaded 2 times (x 328B)
Class com.android.builder.dexing.R8Version                                            : loaded 2 times (x 71B)
Class com.android.build.gradle.internal.scope.InternalArtifactType$LIBRARY_ART_PROFILE: loaded 2 times (x 74B)
Class com.android.build.gradle.internal.scope.InternalArtifactType$SHADER_ASSETS      : loaded 2 times (x 74B)
Class com.android.build.gradle.internal.dependency.VariantDependencies$Companion$computeLocalFileDependencies$dependencies$1: loaded 2 times (x 75B)
Class com.android.tools.build.jetifier.core.rule.RewriteRule$Companion                : loaded 2 times (x 71B)
Class com.android.tools.build.jetifier.core.rule.RewriteRule                          : loaded 2 times (x 72B)
Class com.android.build.gradle.internal.core.dsl.features.AndroidResourcesDslInfo     : loaded 2 times (x 70B)
Class com.android.build.api.variant.TestComponent                                     : loaded 2 times (x 70B)
Class com.android.build.api.attributes.BuildTypeAttr$Companion                        : loaded 2 times (x 71B)
Class com.android.build.gradle.internal.crash.CrashReporting$afterEvaluate$1          : loaded 2 times (x 75B)
Class com.android.build.gradle.internal.dsl.MinSdkSpecImpl                            : loaded 2 times (x 81B)
Class com.android.build.api.dsl.Packaging                                             : loaded 2 times (x 70B)
Class com.android.build.gradle.internal.dsl.ProductFlavor                             : loaded 2 times (x 477B)
Class com.android.build.gradle.internal.SdkComponentsBuildService$RegistrationAction  : loaded 2 times (x 74B)
Class com.android.build.gradle.internal.ide.dependencies.LibraryDependencyCacheBuildService: loaded 2 times (x 80B)
Class com.google.wireless.android.sdk.stats.GarbageCollectionStats                    : loaded 2 times (x 201B)
Class com.sun.xml.bind.api.Bridge                                                     : loaded 2 times (x 85B)
Class com.google.protobuf.ExtensionRegistry$ExtensionInfo                             : loaded 2 times (x 72B)
Class com.android.build.gradle.options.Option$Status$Removed                          : loaded 2 times (x 72B)
Class com.android.build.gradle.internal.plugins.AndroidPluginBaseServices$syncIssueReporter$2: loaded 2 times (x 79B)
Class com.android.build.api.variant.CanMinifyCode                                     : loaded 2 times (x 70B)
Class com.android.build.gradle.options.ProjectOptionService                           : loaded 2 times (x 77B)
Class build_dq1jey70ji7zwu0903j43d5za$_run_closure1                                   : loaded 2 times (x 139B)
Class org.gradle.api.internal.classpath.UnknownModuleException                        : loaded 2 times (x 82B)
Class com.sun.xml.bind.v2.model.impl.ClassInfoImpl$SecondaryAnnotation                : loaded 2 times (x 80B)
Class com.sun.xml.bind.v2.model.impl.RuntimeBuiltinLeafInfoImpl$15                    : loaded 2 times (x 136B)
Class com.sun.xml.bind.v2.runtime.AnyTypeBeanInfo                                     : loaded 2 times (x 92B)
Class com.sun.xml.bind.v2.model.core.MaybeElement                                     : loaded 2 times (x 70B)
Class javax.xml.bind.ContextFinder                                                    : loaded 2 times (x 71B)
Class com.android.sdklib.repository.meta.DetailsTypes                                 : loaded 2 times (x 71B)
Class [Lcom.android.build.api.component.impl.LifecycleTasksImpl$LifecycleEvent;       : loaded 2 times (x 69B)
Class com.android.build.gradle.internal.scope.InternalArtifactType$PACKAGED_DEPENDENCIES: loaded 2 times (x 74B)
Class com.android.build.gradle.internal.services.UsesAapt2DaemonBuildService          : loaded 2 times (x 70B)
Class com.android.build.gradle.internal.SdkComponentsBuildService$Inject_             : loaded 2 times (x 100B)
Class com.android.build.gradle.internal.lint.LintTaskManager$createLintTasks$4        : loaded 2 times (x 75B)
Class com.android.build.api.artifact.impl.InAndOutDirectoryOperationRequestImpl       : loaded 2 times (x 81B)
Class com.android.build.gradle.internal.TaskManager$createPackagingTask$1             : loaded 2 times (x 75B)
Class com.android.build.gradle.tasks.PackageAndroidArtifact$CreationAction$Companion  : loaded 2 times (x 71B)
Class com.android.build.gradle.internal.scope.InternalArtifactType$SIGNING_CONFIG_VERSIONS: loaded 2 times (x 74B)
Class com.android.build.gradle.internal.tasks.DexFileDependenciesTask                 : loaded 2 times (x 334B)
Class com.android.build.gradle.internal.tasks.DexArchiveBuilderTask                   : loaded 2 times (x 341B)
Class com.android.tools.build.jetifier.core.type.TypesMap$Companion                   : loaded 2 times (x 71B)
Class com.google.gson.internal.LinkedTreeMap                                          : loaded 2 times (x 123B)
Class com.android.build.gradle.internal.core.dsl.impl.features.OptimizationDslInfoImpl$postProcessingOptions$2$1: loaded 2 times (x 82B)
Class com.android.build.gradle.internal.dsl.LintImpl$SeverityOverrideSet              : loaded 2 times (x 143B)
Class com.android.builder.model.AdbOptions                                            : loaded 2 times (x 70B)
Class com.android.build.api.dsl.MinSdkVersion                                         : loaded 2 times (x 70B)
Class com.sun.xml.bind.v2.model.impl.RuntimeTypeInfoSetImpl                           : loaded 2 times (x 123B)
Class com.android.build.api.dsl.CompileSdkSpec                                        : loaded 2 times (x 70B)
Class com.android.builder.model.DataBindingOptions                                    : loaded 2 times (x 70B)
Class com.android.prefs.VariableValue                                                 : loaded 2 times (x 82B)
Class com.android.prefs.AbstractAndroidLocations$Companion                            : loaded 2 times (x 71B)
Class com.sun.xml.bind.v2.model.impl.Utils$1                                          : loaded 2 times (x 77B)
Class javax.xml.bind.annotation.XmlMimeType                                           : loaded 2 times (x 70B)
Class com.google.gson.stream.JsonReader$1                                             : loaded 2 times (x 72B)
Class com.android.ide.common.blame.SourcePositionJsonTypeAdapter                      : loaded 2 times (x 75B)
Class com.android.build.gradle.options.FeatureStage$Removed                           : loaded 2 times (x 72B)
Class com.android.build.gradle.options.Stage                                          : loaded 2 times (x 72B)
Class com.android.sdklib.repository.generated.addon.v1.MavenType                      : loaded 2 times (x 80B)
Class com.sun.xml.bind.v2.model.impl.ReferencePropertyInfoImpl                        : loaded 2 times (x 127B)
Class javax.xml.bind.annotation.XmlTransient                                          : loaded 2 times (x 70B)
Class com.sun.xml.bind.v2.model.impl.AnyTypeImpl                                      : loaded 2 times (x 89B)
Class com.sun.xml.bind.v2.model.impl.RuntimeBuiltinLeafInfoImpl$16                    : loaded 2 times (x 136B)
Class com.sun.xml.bind.v2.runtime.IllegalAnnotationsException                         : loaded 2 times (x 86B)
Class com.android.build.gradle.internal.SdkLocator$PropertyLocation                   : loaded 2 times (x 79B)
Class com.android.build.gradle.internal.scope.InternalArtifactType$METADATA_FEATURE_DECLARATION: loaded 2 times (x 74B)
Class com.android.build.gradle.internal.VariantTaskManager$createReportTasks$1        : loaded 2 times (x 75B)
Class com.android.build.gradle.internal.lint.LintTaskManager$createLintTasks$5        : loaded 2 times (x 75B)
Class com.android.build.gradle.internal.lint.AndroidLintTextOutputTask                : loaded 2 times (x 333B)
Class com.android.build.gradle.internal.TaskManager$createPackagingTask$2             : loaded 2 times (x 75B)
Class com.android.build.gradle.internal.tasks.SigningConfigWriterTask$CreationAction  : loaded 2 times (x 90B)
Class com.android.build.gradle.internal.scope.InternalArtifactType$AAR_METADATA_CHECK : loaded 2 times (x 74B)
Class com.android.build.gradle.tasks.CompileNavigationXmlTask                         : loaded 2 times (x 330B)
Class com.android.build.api.artifact.impl.OutOperationRequestImpl                     : loaded 2 times (x 91B)
Class com.android.build.api.artifact.impl.ArtifactOperationRequest                    : loaded 2 times (x 70B)
Class com.android.build.gradle.internal.tasks.ValidateResourcesTask$CreateAction      : loaded 2 times (x 90B)
Class com.google.gson.internal.LinkedTreeMap$1                                        : loaded 2 times (x 91B)
Class com.android.build.gradle.internal.tasks.factory.TaskManagerConfigImpl           : loaded 2 times (x 76B)
Class com.android.build.api.component.impl.DeviceTestImpl$buildConfigCreationConfig$2 : loaded 2 times (x 79B)
Class com.android.build.api.variant.impl.GlobalVariantBuilderConfig                   : loaded 2 times (x 70B)
Class com.android.build.gradle.internal.lint.LintTaskManager                          : loaded 2 times (x 72B)
Class com.android.build.gradle.internal.tasks.ExtractProguardFiles                    : loaded 2 times (x 321B)
Class com.android.build.gradle.internal.tasks.factory.GlobalTaskCreationConfigImpl$platformAttrs$2: loaded 2 times (x 79B)
Class com.android.build.api.variant.ScopedArtifacts                                   : loaded 2 times (x 70B)
Class com.android.build.gradle.internal.services.FakeDependencyJarBuildService$Params$Inject_: loaded 2 times (x 106B)
Class javax.xml.bind.annotation.adapters.CollapsedStringAdapter                       : loaded 2 times (x 75B)
Class com.android.build.gradle.internal.dsl.decorator.SupportedPropertyType$Block     : loaded 2 times (x 74B)
Class com.android.build.api.dsl.CompileSdkVersion                                     : loaded 2 times (x 70B)
Class com.android.build.api.dsl.ApplicationDefaultConfig                              : loaded 2 times (x 70B)
Class com.android.build.gradle.internal.DependencyResolutionChecksKt$registerDependencyCheck$4$1: loaded 2 times (x 75B)
Class com.android.build.gradle.internal.plugins.AndroidPluginBaseServices$applyBaseServices$2: loaded 2 times (x 75B)
Class com.google.common.base.Converter$ConverterComposition                           : loaded 2 times (x 90B)
Class com.android.build.gradle.internal.profile.ProjectData                           : loaded 2 times (x 72B)
Class com.sun.xml.bind.v2.runtime.unmarshaller.XmlVisitor                             : loaded 2 times (x 70B)
Class com.android.build.gradle.internal.core.dsl.MultiVariantComponentDslInfo         : loaded 2 times (x 70B)
Class com.google.common.base.NullnessCasts                                            : loaded 2 times (x 71B)
Class com.android.build.gradle.tasks.CommandLineArgumentProviderAdapter               : loaded 2 times (x 75B)
Class com.sun.xml.bind.v2.runtime.reflect.Lister$ArrayLister                          : loaded 2 times (x 77B)
Class com.sun.xml.bind.v2.runtime.property.PropertyImpl                               : loaded 2 times (x 102B)
Class com.sun.xml.bind.v2.model.impl.RuntimeBuiltinLeafInfoImpl$17                    : loaded 2 times (x 136B)
Class com.sun.xml.bind.v2.runtime.BridgeContextImpl                                   : loaded 2 times (x 77B)
Class com.sun.xml.bind.v2.runtime.ElementBeanInfoImpl                                 : loaded 2 times (x 89B)
Class com.sun.xml.bind.v2.runtime.BridgeAdapter                                       : loaded 2 times (x 87B)
Class com.android.repository.impl.meta.Archive$ArchiveFile                            : loaded 2 times (x 79B)
Class [Lcom.android.build.api.variant.FilterConfiguration$FilterType;                 : loaded 2 times (x 69B)
Class com.android.build.gradle.internal.PropertiesValueSource$Params$Inject_          : loaded 2 times (x 106B)
Class com.android.build.gradle.internal.VariantTaskManager$createReportTasks$2        : loaded 2 times (x 75B)
Class com.android.build.gradle.internal.lint.LintTaskManager$createLintTasks$6        : loaded 2 times (x 75B)
Class com.android.build.gradle.internal.TaskManager$createPackagingTask$3             : loaded 2 times (x 75B)
Class com.android.build.gradle.internal.res.LinkApplicationAndroidResourcesTask$BaseCreationAction: loaded 2 times (x 96B)
Class com.android.build.api.variant.impl.VariantImpl$externalExtensions$2             : loaded 2 times (x 79B)
Class com.android.build.gradle.internal.publishing.AndroidArtifacts$ConsumedConfigType: loaded 2 times (x 80B)
Class com.android.build.gradle.internal.tasks.factory.PreConfigAction                 : loaded 2 times (x 70B)
Class com.android.build.gradle.internal.plugins.BasePlugin$createVariantModel$1       : loaded 2 times (x 79B)
Class com.android.build.gradle.api.VersionedVariant                                   : loaded 2 times (x 70B)
Class com.android.build.gradle.internal.dsl.ManagedDevices$allDevices$1$1             : loaded 2 times (x 75B)
Class com.android.build.OutputFile                                                    : loaded 2 times (x 70B)
Class com.android.build.gradle.internal.dsl.OptimizationImpl$AgpDecorated             : loaded 2 times (x 90B)
Class org.objectweb.asm.commons.Method                                                : loaded 2 times (x 76B)
Class org.bouncycastle.operator.OperatorException                                     : loaded 2 times (x 82B)
Class com.android.build.gradle.internal.plugins.AndroidPluginBaseServices$applyBaseServices$3: loaded 2 times (x 75B)
Class com.android.build.gradle.internal.services.BuildServicesKt$getBuildService$1    : loaded 2 times (x 75B)
Class com.google.wireless.android.sdk.stats.GarbageCollectionStats$Builder            : loaded 2 times (x 301B)
Class javax.xml.bind.UnmarshalException                                               : loaded 2 times (x 85B)
Class [Lcom.google.gson.ToNumberPolicy;                                               : loaded 2 times (x 69B)
Class com.google.gson.ToNumberPolicy                                                  : loaded 2 times (x 83B)
Class com.android.build.gradle.internal.services.R8D8ThreadPoolBuildService           : loaded 2 times (x 80B)
Class [Lcom.android.build.gradle.options.Version;                                     : loaded 2 times (x 69B)
Class com.google.wireless.android.sdk.stats.GradleBuildProject$PluginType             : loaded 2 times (x 87B)
Class com.android.build.api.dsl.TestedExtension                                       : loaded 2 times (x 70B)
Class com.android.build.gradle.internal.services.BaseServices                         : loaded 2 times (x 70B)
Class com.android.build.gradle.internal.BadPluginException                            : loaded 2 times (x 82B)
Class org.gradle.api.internal.DefaultClassPathRegistry                                : loaded 2 times (x 76B)
Class com.sun.xml.bind.v2.model.impl.AttributePropertyInfoImpl$1                      : loaded 2 times (x 71B)
Class com.sun.xml.bind.v2.model.core.PropertyInfo                                     : loaded 2 times (x 70B)
Class com.sun.xml.bind.v2.model.impl.RuntimeBuiltinLeafInfoImpl$18                    : loaded 2 times (x 136B)
Class javax.activation.MimeTypeParseException                                         : loaded 2 times (x 82B)
Class com.sun.xml.bind.WhiteSpaceProcessor                                            : loaded 2 times (x 71B)
Class com.sun.xml.bind.v2.runtime.AttributeAccessor                                   : loaded 2 times (x 70B)
Class com.sun.xml.bind.v2.model.annotation.Locatable                                  : loaded 2 times (x 70B)
Class com.android.sdklib.repository.generated.repository.v3.ObjectFactory             : loaded 2 times (x 79B)
Class com.android.build.gradle.internal.SdkLocator                                    : loaded 2 times (x 71B)
Class com.android.build.gradle.internal.tasks.ValidateResourcesTask$Companion         : loaded 2 times (x 71B)
Class com.android.build.gradle.internal.publishing.ProcessedArtifactUtils             : loaded 2 times (x 71B)
Class com.android.build.gradle.internal.cxx.gradle.generator.CxxConfigurationModelKt  : loaded 2 times (x 71B)
Class com.android.build.gradle.internal.lint.LintTaskManager$createLintTasks$7        : loaded 2 times (x 75B)
Class com.android.build.gradle.internal.lint.AndroidLintTextOutputTask$VariantCreationAction: loaded 2 times (x 92B)
Class com.android.build.gradle.internal.scope.ArtifactTypeUtil                        : loaded 2 times (x 71B)
Class com.android.build.gradle.internal.publishing.AndroidArtifactsUtilKt             : loaded 2 times (x 71B)
Class com.android.build.gradle.internal.core.dsl.impl.InstrumentedTestDslInfoImpl$testLabel$1: loaded 2 times (x 74B)
Class com.android.build.gradle.internal.core.dsl.TestComponentDslInfo                 : loaded 2 times (x 70B)
Class com.android.build.gradle.internal.variant.VariantPathHelper$buildConfigSourceOutputDir$2: loaded 2 times (x 79B)
Class com.android.build.api.variant.impl.VariantBuilderImpl$registeredExtensionDelegate$1: loaded 2 times (x 78B)
Class com.android.build.gradle.internal.plugins.AndroidPluginBaseServices$applyBaseServices$4: loaded 2 times (x 75B)
Class com.android.build.gradle.internal.plugins.BasePlugin$createVariantModel$2       : loaded 2 times (x 79B)
Class com.android.build.gradle.internal.dsl.DexPackagingImpl$AgpDecorated_Decorated   : loaded 2 times (x 127B)
Class com.android.build.gradle.internal.dsl.ManagedDevices$allDevices$1$2             : loaded 2 times (x 75B)
Class com.android.build.gradle.internal.dependency.SourceSetManager$createConfigurationsForSourceSet$2: loaded 2 times (x 75B)
Class com.android.build.gradle.internal.attribution.BuildAnalyzerService$Inject_      : loaded 2 times (x 104B)
Class ijJvmDebugger1_59op3sgyhezk4v63wqqbo1ypf                                        : loaded 2 times (x 171B)
Class com.android.build.gradle.internal.dsl.LibraryKeepRulesImpl                      : loaded 2 times (x 88B)
Class com.android.build.gradle.internal.dsl.BundleOptionsCodeTransparency             : loaded 2 times (x 77B)
Class com.android.prefs.PathLocator$singlePathOf$values$1                             : loaded 2 times (x 79B)
Class com.android.tools.analytics.AnalyticsSettings$optedIn$1                         : loaded 2 times (x 78B)
Class com.android.sdklib.AndroidApiLevel                                              : loaded 2 times (x 74B)
Class com.android.build.gradle.options.Option$Status$EXPERIMENTAL                     : loaded 2 times (x 71B)
Class com.android.build.gradle.internal.services.ServiceRegistrationAction            : loaded 2 times (x 74B)
Class org.gradle.api.internal.ClassPathRegistry                                       : loaded 2 times (x 70B)
Class org.gradle.internal.classpath.DefaultClassPath$ImmutableUniqueList              : loaded 2 times (x 199B)
Class com.google.gson.internal.ConstructorConstructor$9                               : loaded 2 times (x 76B)
Class com.sun.xml.bind.v2.runtime.unmarshaller.XmlVisitor$TextPredictor               : loaded 2 times (x 70B)
Class com.sun.xml.bind.v2.runtime.SchemaTypeTransducer                                : loaded 2 times (x 88B)
Class com.android.repository.impl.meta.Archive$HostConfig                             : loaded 2 times (x 72B)
Class javax.xml.bind.annotation.XmlRegistry                                           : loaded 2 times (x 70B)
Class com.sun.xml.bind.v2.model.impl.RuntimeBuiltinLeafInfoImpl$19                    : loaded 2 times (x 136B)
Class com.android.repository.api.RepoManager$Companion                                : loaded 2 times (x 71B)
Class com.android.sdklib.repository.generated.common.v3.IdDisplayType                 : loaded 2 times (x 83B)
Class com.android.build.gradle.internal.SdkLocator$SdkLocationSource$getSdkLocation$1$1: loaded 2 times (x 79B)
Class com.android.build.gradle.internal.core.dsl.impl.features.ManifestPlaceholdersDslInfoImpl$placeholders$2: loaded 2 times (x 79B)
Class com.android.build.gradle.internal.component.DynamicFeatureCreationConfig        : loaded 2 times (x 70B)
Class com.android.build.gradle.internal.dependency.DexingOutputSplitTransformKt$registerTransformWithOutputType$1: loaded 2 times (x 75B)
Class com.android.build.gradle.internal.dependency.AarTransform$Parameters_Decorated  : loaded 2 times (x 138B)
Class com.android.build.gradle.internal.dependency.PlatformAttrTransform              : loaded 2 times (x 78B)
Class com.android.build.gradle.internal.scope.InternalArtifactType$LINT_PARTIAL_RESULTS: loaded 2 times (x 74B)
Class com.android.build.gradle.internal.tasks.DeviceProviderInstrumentTestTask        : loaded 2 times (x 355B)
Class com.android.build.api.variant.impl.LayeredSourceDirectoriesImpl$all$1           : loaded 2 times (x 74B)
Class com.android.build.gradle.tasks.PackageAndroidArtifact$CreationAction            : loaded 2 times (x 92B)
Class com.android.build.api.variant.impl.SigningConfigImpl$storePassword$1            : loaded 2 times (x 75B)
Class com.android.build.gradle.internal.tasks.MergeGeneratedProguardFilesCreationAction: loaded 2 times (x 90B)
Class com.android.build.api.variant.Sources                                           : loaded 2 times (x 70B)
Class com.android.build.gradle.internal.variant.TestedVariantData                     : loaded 2 times (x 70B)
Class com.android.build.gradle.internal.plugins.BasePlugin$createVariantModel$3       : loaded 2 times (x 79B)
Class com.android.build.gradle.internal.attribution.BuildAnalyzerIssueReporter        : loaded 2 times (x 72B)
Class com.android.build.api.variant.impl.DeferredActionManager                        : loaded 2 times (x 72B)
Class com.android.build.gradle.internal.dsl.EmulatorSnapshots                         : loaded 2 times (x 97B)
Class com.android.build.gradle.internal.dsl.DataBindingOptions$AgpDecorated           : loaded 2 times (x 112B)
Class com.android.build.gradle.internal.DefaultConfigData                             : loaded 2 times (x 72B)
Class com.android.build.gradle.internal.dsl.VectorDrawablesOptions_Decorated          : loaded 2 times (x 132B)
Class com.android.build.gradle.internal.dsl.decorator.annotation.WithLazyInitialization: loaded 2 times (x 70B)
Class com.android.build.api.dsl.ResourcesPackaging                                    : loaded 2 times (x 70B)
Class com.android.build.gradle.internal.model.CoreNdkBuildOptions                     : loaded 2 times (x 70B)
Class com.android.prefs.PathLocator$singlePathOf$values$2                             : loaded 2 times (x 78B)
Class com.android.build.gradle.internal.services.StringCachingBuildService            : loaded 2 times (x 84B)
Class com.android.build.gradle.internal.errors.AndroidProblemReporterProvider$reporter$1: loaded 2 times (x 74B)
Class com.android.build.gradle.internal.component.ComponentCreationConfig             : loaded 2 times (x 70B)
Class com.android.build.gradle.internal.variant.VariantModel                          : loaded 2 times (x 70B)
Class com.google.common.base.ExtraObjectsMethodsForWeb                                : loaded 2 times (x 71B)
Class com.android.build.gradle.internal.core.dsl.features.ShadersDslInfo              : loaded 2 times (x 70B)
Class com.sun.xml.bind.v2.runtime.reflect.Lister$CollectionLister                     : loaded 2 times (x 77B)
Class javax.xml.bind.annotation.XmlAccessOrder                                        : loaded 2 times (x 79B)
Class com.sun.xml.bind.v2.model.impl.RuntimeAnyTypeImpl                               : loaded 2 times (x 94B)
Class com.sun.xml.bind.v2.model.nav.Navigator                                         : loaded 2 times (x 70B)
Class com.android.build.gradle.internal.SdkLocator$ValidationResult                   : loaded 2 times (x 72B)
Class com.android.build.gradle.internal.scope.InternalArtifactType$TEST_FIXTURES_LINT_MODEL: loaded 2 times (x 74B)
Class com.android.build.api.artifact.SingleArtifact$METADATA_LIBRARY_DEPENDENCIES_REPORT: loaded 2 times (x 74B)
Class com.android.build.gradle.internal.scope.BootClasspathBuilder                    : loaded 2 times (x 71B)
Class com.android.build.gradle.internal.lint.AndroidLintTask$SingleVariantCreationAction: loaded 2 times (x 95B)
Class com.android.build.api.variant.impl.SourcesImpl$manifestOverlayFiles$1           : loaded 2 times (x 74B)
Class com.android.build.gradle.internal.tasks.SigningConfigVersionsWriterTask         : loaded 2 times (x 332B)
Class com.android.build.gradle.internal.scope.InternalArtifactType$MIXED_SCOPE_DEX_ARCHIVE: loaded 2 times (x 74B)
Class com.android.build.gradle.internal.tasks.MergeJavaResourceTask$CreationAction$handleProvider$1: loaded 2 times (x 127B)
Class com.android.build.gradle.internal.scope.InternalArtifactType$MANIFEST_MERGE_REPORT: loaded 2 times (x 74B)
Class com.android.build.gradle.internal.tasks.PrepareLintJarForPublish$CreationAction : loaded 2 times (x 90B)
Class [Lcom.android.tools.build.jetifier.processor.transform.proguard.patterns.GroupsReplacer;: loaded 2 times (x 69B)
Class com.android.tools.build.jetifier.processor.transform.bytecode.ByteCodeTransformer: loaded 2 times (x 77B)
Class com.google.gson.internal.ConstructorConstructor$13                              : loaded 2 times (x 75B)
Class android.databinding.tool.DataBindingBuilder                                     : loaded 2 times (x 79B)
Class com.android.build.gradle.internal.component.InstrumentedTestCreationConfig      : loaded 2 times (x 70B)
Class com.android.build.api.component.impl.ComponentImpl$builtInKotlinSupportMode$2   : loaded 2 times (x 79B)
Class com.android.build.gradle.internal.publishing.AarOrJarTypeToConsume              : loaded 2 times (x 72B)
Class com.android.builder.model.v2.AndroidModel                                       : loaded 2 times (x 70B)
Class com.android.build.gradle.internal.plugins.BasePlugin$createVariantModel$4       : loaded 2 times (x 79B)
Class com.android.build.api.variant.VariantFilter                                     : loaded 2 times (x 70B)
Class com.android.build.gradle.internal.tasks.factory.BootClasspathConfigImpl$bootClasspath$2: loaded 2 times (x 79B)
Class com.android.build.gradle.internal.dsl.ResourcesPackagingImpl$AgpDecorated       : loaded 2 times (x 86B)
Class com.android.build.gradle.internal.dsl.ExternalNativeBuild$AgpDecorated          : loaded 2 times (x 96B)
Class [Lcom.android.builder.model.TestOptions$Execution;                              : loaded 2 times (x 69B)
Class com.android.build.gradle.internal.dsl.LintOptions                               : loaded 2 times (x 201B)
Class com.android.build.gradle.internal.api.DefaultAndroidSourceDirectorySet$directories$1: loaded 2 times (x 143B)
Class com.android.build.api.dsl.Cmake                                                 : loaded 2 times (x 70B)
Class com.android.build.api.dsl.AarMetadata                                           : loaded 2 times (x 70B)
Class com.google.common.io.ByteArrayDataOutput                                        : loaded 2 times (x 70B)
Class com.google.protobuf.UnknownFieldSet$Parser                                      : loaded 2 times (x 150B)
Class com.android.build.gradle.internal.dependency.GenericTransformParameters_Decorated: loaded 2 times (x 130B)
Class com.google.gson.internal.bind.ArrayTypeAdapter$1                                : loaded 2 times (x 75B)
Class com.google.common.collect.AbstractBiMap                                         : loaded 2 times (x 159B)
Class com.google.gson.internal.bind.JsonTreeWriter                                    : loaded 2 times (x 98B)
Class [Lcom.android.build.gradle.options.SyncOptions$ErrorFormatMode;                 : loaded 2 times (x 69B)
Class [Lcom.android.build.gradle.options.HasFutureStage;                              : loaded 2 times (x 69B)
Class com.android.build.gradle.internal.services.GlobalServiceRegistrationAction$execute$globalService$1: loaded 2 times (x 75B)
Class com.android.build.gradle.internal.utils.GradlePluginUtils                       : loaded 2 times (x 71B)
Class org.gradle.internal.classpath.ClassPath                                         : loaded 2 times (x 70B)
Class com.android.build.gradle.internal.UsesSdkComponentsBuildService                 : loaded 2 times (x 70B)
Class javax.xml.bind.annotation.XmlElementWrapper                                     : loaded 2 times (x 70B)
Class javax.xml.bind.annotation.adapters.XmlJavaTypeAdapter                           : loaded 2 times (x 70B)
Class com.sun.xml.bind.v2.model.annotation.AnnotationSource                           : loaded 2 times (x 70B)
Class com.android.repository.impl.generated.v1.LocalPackage                           : loaded 2 times (x 140B)
Class com.android.sdklib.repository.legacy.io.FileOpImpl                              : loaded 2 times (x 78B)
Class com.android.build.gradle.internal.TaskManager$configureTestData$1               : loaded 2 times (x 127B)
Class com.android.build.gradle.internal.core.dsl.impl.features.NativeBuildDslInfoImpl : loaded 2 times (x 80B)
Class com.android.build.api.variant.impl.FlatSourceDirectoriesImpl$addStaticSource$1  : loaded 2 times (x 75B)
Class com.android.build.gradle.options.FeatureStage$Enforced                          : loaded 2 times (x 72B)
Class com.android.build.gradle.internal.scope.InternalArtifactType$STRIPPED_NATIVE_LIBS: loaded 2 times (x 74B)
Class com.android.build.api.artifact.SingleArtifact$MERGED_NATIVE_LIBS                : loaded 2 times (x 74B)
Class com.android.build.gradle.tasks.MapSourceSetPathsTask$CreateAction$handleProvider$1: loaded 2 times (x 127B)
Class com.android.build.gradle.internal.tasks.CheckManifest                           : loaded 2 times (x 326B)
Class com.android.build.gradle.internal.plugins.BasePlugin$createVariantModel$5       : loaded 2 times (x 79B)
Class com.android.build.gradle.internal.dsl.decorator.LockableList                    : loaded 2 times (x 208B)
Class com.android.build.gradle.internal.dsl.decorator.SupportedPropertyType$Var$Int   : loaded 2 times (x 74B)
Class com.android.build.gradle.internal.dsl.decorator.SupportedPropertyType$Var$NullableBoolean: loaded 2 times (x 74B)
Class com.android.builder.model.ProductFlavor                                         : loaded 2 times (x 70B)
Class com.android.build.gradle.internal.services.ConfigPhaseFileCreator$Params        : loaded 2 times (x 70B)
Class com.android.tools.analytics.HostData$classLoadingBean$2                         : loaded 2 times (x 78B)
Class com.android.build.gradle.internal.attribution.BuildAnalyzerConfiguratorService  : loaded 2 times (x 76B)
Class com.google.gson.stream.MalformedJsonException                                   : loaded 2 times (x 82B)
Class com.android.build.gradle.options.TestRunnerArguments                            : loaded 2 times (x 79B)
Class com.android.build.gradle.internal.core.dsl.PublishableComponentDslInfo          : loaded 2 times (x 70B)
Class com.android.build.gradle.TestedAndroidConfig                                    : loaded 2 times (x 70B)
Class com.sun.xml.bind.annotation.OverrideAnnotationOf                                : loaded 2 times (x 70B)
Class com.sun.xml.bind.v2.model.impl.RuntimeValuePropertyInfoImpl                     : loaded 2 times (x 135B)
Class com.android.repository.impl.meta.LocalPackageImpl                               : loaded 2 times (x 131B)
Class com.android.repository.impl.generated.v1.RemotePackage                          : loaded 2 times (x 157B)
Class com.android.build.gradle.internal.SdkType                                       : loaded 2 times (x 79B)
Class com.android.build.gradle.internal.SdkDirectLoadingStrategy                      : loaded 2 times (x 72B)
Class com.android.build.gradle.internal.scope.InternalArtifactType$APKS_FROM_BUNDLE   : loaded 2 times (x 74B)
Class com.android.builder.dexing.DependencyGraphUpdater                               : loaded 2 times (x 70B)
Class com.android.build.gradle.tasks.AnalyzeDependenciesTask$CreationAction           : loaded 2 times (x 90B)
Class com.android.build.gradle.internal.lint.AndroidLintTask                          : loaded 2 times (x 361B)
Class com.android.build.gradle.internal.tasks.DeviceProviderInstrumentTestTask$CreationAction: loaded 2 times (x 91B)
Class com.android.build.gradle.tasks.PackageAndroidArtifact                           : loaded 2 times (x 361B)
Class com.android.build.gradle.internal.scope.InternalArtifactType$PACKAGED_RES       : loaded 2 times (x 74B)
Class com.android.tools.build.jetifier.core.pom.DependencyVersions                    : loaded 2 times (x 72B)
Class com.android.tools.build.jetifier.core.PackageMap$PackageRule$JsonData           : loaded 2 times (x 72B)
Class com.android.build.gradle.internal.component.HostTestCreationConfig              : loaded 2 times (x 70B)
Class com.android.build.gradle.internal.component.TestCreationConfig                  : loaded 2 times (x 70B)
Class com.android.build.api.attributes.BuildTypeAttr                                  : loaded 2 times (x 70B)
Class com.android.build.gradle.internal.core.dsl.impl.features.OptimizationDslInfoImpl$postProcessingOptions$2: loaded 2 times (x 79B)
Class com.android.build.api.variant.impl.DeviceTestBuilderImpl                        : loaded 2 times (x 102B)
Class com.android.build.api.variant.impl.MutableAndroidVersion                        : loaded 2 times (x 76B)
Class com.android.build.gradle.internal.scope.BuildFeatureValuesImpl                  : loaded 2 times (x 100B)
Class com.android.build.gradle.internal.dsl.CompileSdkVersionImpl                     : loaded 2 times (x 80B)
Class com.android.build.gradle.internal.tasks.SourceSetsTask$CreationAction           : loaded 2 times (x 91B)
Class com.android.build.gradle.internal.tasks.factory.GlobalTaskNames                 : loaded 2 times (x 70B)
Class com.android.build.api.artifact.impl.ArtifactsImpl$2$1                           : loaded 2 times (x 80B)
Class com.android.build.api.dsl.PublishingOptions                                     : loaded 2 times (x 70B)
Class com.android.build.gradle.internal.dsl.ExternalNativeCmakeOptions                : loaded 2 times (x 108B)
Class com.android.build.gradle.internal.res.Aapt2FromMaven                            : loaded 2 times (x 72B)
Class com.google.common.util.concurrent.AbstractFuture$AtomicHelper                   : loaded 2 times (x 78B)
Class com.android.build.gradle.internal.dsl.NdkBuildOptions                           : loaded 2 times (x 92B)
Class com.android.build.gradle.internal.dsl.DataBindingOptions                        : loaded 2 times (x 108B)
Class com.android.build.gradle.internal.services.AndroidLocationsBuildService$AndroidDirectoryCreator: loaded 2 times (x 80B)
Class com.google.gson.internal.JsonReaderInternalAccess                               : loaded 2 times (x 72B)
Class com.android.build.gradle.internal.res.Aapt2FromMaven$Companion$create$1         : loaded 2 times (x 75B)
Class com.android.sdklib.AndroidApiLevel$Companion                                    : loaded 2 times (x 71B)
Class com.android.build.gradle.options.Option$Status                                  : loaded 2 times (x 71B)
Class com.android.prefs.AndroidLocationsProvider                                      : loaded 2 times (x 70B)
Class com.sun.xml.bind.v2.runtime.property.SingleElementLeafProperty                  : loaded 2 times (x 102B)
Class com.android.sdklib.repository.generated.addon.v3.AddonDetailsType               : loaded 2 times (x 135B)
Class com.sun.xml.bind.api.impl.NameConverter$Standard                                : loaded 2 times (x 93B)
Class com.sun.xml.bind.v2.model.annotation.Init                                       : loaded 2 times (x 71B)
Class com.android.repository.impl.generated.v1.RevisionType                           : loaded 2 times (x 82B)
Class com.android.sdklib.repository.generated.common.v1.ObjectFactory                 : loaded 2 times (x 75B)
Class com.android.build.gradle.internal.SdkComponentsBuildService$VersionedSdkLoader$adbHelper$1: loaded 2 times (x 75B)
Class com.android.build.gradle.internal.scope.InternalArtifactType$AIDL_SOURCE_OUTPUT_DIR: loaded 2 times (x 74B)
Class com.android.build.gradle.internal.scope.BuildArtifactSpec$Companion             : loaded 2 times (x 71B)
Class com.android.build.gradle.internal.dependency.ExtractJniTransform                : loaded 2 times (x 78B)
Class com.android.build.gradle.internal.scope.InternalArtifactType$LINT_SARIF_REPORT  : loaded 2 times (x 74B)
Class com.android.build.gradle.tasks.JavaCompileCreationAction$handleProvider$1       : loaded 2 times (x 78B)
Class com.android.build.api.component.impl.features.ResValuesCreationConfigImpl       : loaded 2 times (x 75B)
Class com.google.gson.internal.ConstructorConstructor$16                              : loaded 2 times (x 75B)
Class com.android.build.api.component.impl.DeviceTestImpl$androidResources$2          : loaded 2 times (x 79B)
Class com.android.build.api.dsl.Device                                                : loaded 2 times (x 70B)
Class com.android.build.gradle.internal.res.Aapt2FromMaven$Companion                  : loaded 2 times (x 71B)
Class com.android.build.gradle.internal.dsl.VectorDrawablesOptions                    : loaded 2 times (x 87B)
Class com.google.wireless.android.sdk.stats.JavaProcessStats$Builder                  : loaded 2 times (x 307B)
Class com.google.wireless.android.sdk.stats.GradleBuildMemorySample$Builder           : loaded 2 times (x 303B)
Class com.google.wireless.android.sdk.stats.GradleBuildVariant$Builder                : loaded 2 times (x 382B)
Class [Lcom.google.common.base.CaseFormat;                                            : loaded 2 times (x 69B)
Class com.android.build.gradle.internal.profile.NoOpAnalyticsService$RegistrationAction: loaded 2 times (x 74B)
Class com.google.gson.internal.bind.ReflectiveTypeAdapterFactory                      : loaded 2 times (x 75B)
Class com.google.gson.internal.sql.SqlTimestampTypeAdapter                            : loaded 2 times (x 76B)
Class com.android.build.gradle.internal.errors.AndroidProblemReporterProvider         : loaded 2 times (x 76B)
Class com.android.tools.analytics.HostData$threadBean$2                               : loaded 2 times (x 78B)
Class com.android.build.gradle.internal.tasks.factory.BootClasspathConfigImpl         : loaded 2 times (x 79B)
Class com.android.build.gradle.internal.tasks.factory.GlobalTaskCreationConfig        : loaded 2 times (x 70B)
Class com.android.build.gradle.internal.tasks.factory.BootClasspathConfig             : loaded 2 times (x 70B)
Class com.android.build.gradle.tasks.JavaCompileUtils$checkDeprecatedSourceAndTargetAtExecutionTime$1: loaded 2 times (x 75B)
Class com.android.build.gradle.internal.variant.BaseVariantData$getGeneratedBytecode$1: loaded 2 times (x 74B)
Class com.sun.xml.bind.v2.runtime.Utils                                               : loaded 2 times (x 71B)
Class com.sun.xml.bind.v2.runtime.property.ArrayReferenceNodeProperty$MixedTextLoader : loaded 2 times (x 78B)
Class com.sun.xml.bind.v2.runtime.unmarshaller.XsiNilLoader$Array                     : loaded 2 times (x 80B)
Class com.android.sdklib.repository.generated.repository.v3.SourceDetailsType         : loaded 2 times (x 114B)
Class com.sun.xml.bind.AccessorFactory                                                : loaded 2 times (x 70B)
Class com.sun.xml.bind.v2.model.annotation.ClassLocatable                             : loaded 2 times (x 78B)
Class com.android.build.gradle.internal.publishing.TestFixturesVariantSpecBuilder     : loaded 2 times (x 90B)
Class com.android.build.gradle.internal.scope.InternalArtifactType$LINKED_RESOURCES_FOR_BUNDLE_PROTO_FORMAT: loaded 2 times (x 74B)
Class com.android.build.gradle.internal.dependency.DexingOutputSplitTransformKt$registerTransformWithOutputType$1$WhenMappings: loaded 2 times (x 71B)
Class com.android.build.gradle.internal.dependency.ExtractJniTransform$Inject_1       : loaded 2 times (x 109B)
Class com.android.build.gradle.internal.tasks.AndroidTestTask                         : loaded 2 times (x 70B)
Class [Lcom.android.build.gradle.internal.tasks.DexMergingAction;                     : loaded 2 times (x 69B)
Class com.android.build.gradle.internal.tasks.ClassesClasspathUtils                   : loaded 2 times (x 72B)
Class com.android.build.gradle.internal.scope.InternalArtifactType$LINKED_RESOURCES_BINARY_FORMAT: loaded 2 times (x 74B)
Class com.android.build.gradle.tasks.JavaCompileCreationAction$handleProvider$2       : loaded 2 times (x 78B)
Class [Lcom.android.build.gradle.internal.variant.BaseVariantData$DiscoverableFilterType;: loaded 2 times (x 69B)
Class com.android.build.gradle.internal.tasks.ProcessNavigationXmlTask$CreationAction$handleProvider$1: loaded 2 times (x 127B)
Class com.android.build.gradle.internal.services.BuiltInKaptSupportMode$NotSupported  : loaded 2 times (x 71B)
Class com.android.build.api.dsl.ApplicationExtension                                  : loaded 2 times (x 70B)
Class com.android.build.gradle.internal.tasks.SigningConfigUtils$Companion            : loaded 2 times (x 71B)
Class com.android.build.gradle.api.AndroidSourceDirectorySet                          : loaded 2 times (x 70B)
Class com.android.build.gradle.internal.dsl.BaseFlavor$minSdkDelegate$1               : loaded 2 times (x 79B)
Class com.android.build.gradle.internal.dsl.NdkOptions                                : loaded 2 times (x 116B)
Class com.android.build.api.dsl.CompileOptions                                        : loaded 2 times (x 70B)
Class com.android.build.gradle.internal.dsl.AgpExperimentalApiOptInRequiredException  : loaded 2 times (x 82B)
Class com.google.protobuf.GeneratedMessageV3                                          : loaded 2 times (x 178B)
Class com.android.build.gradle.internal.attribution.BuildAnalyzerService$Parameters   : loaded 2 times (x 70B)
Class com.google.gson.internal.sql.SqlDateTypeAdapter$1                               : loaded 2 times (x 75B)
Class com.android.build.gradle.options.OptionParsers                                  : loaded 2 times (x 71B)
Class com.android.build.gradle.options.FeatureStage$Deprecated                        : loaded 2 times (x 72B)
Class [Lcom.android.build.gradle.internal.core.Abi;                                   : loaded 2 times (x 69B)
Class com.android.build.gradle.internal.dsl.MinSdkSpecImpl$AgpDecorated               : loaded 2 times (x 84B)
Class com.android.build.gradle.internal.services.AndroidLocationsBuildService         : loaded 2 times (x 90B)
Class com.android.build.api.variant.Variant                                           : loaded 2 times (x 70B)
Class ijJvmDebugger1_59op3sgyhezk4v63wqqbo1ypf$_run_closure1                          : loaded 2 times (x 139B)
Class com.android.sdklib.repository.generated.common.v2.ApiDetailsType                : loaded 2 times (x 107B)
Class com.sun.xml.bind.v2.model.nav.ReflectionNavigator$BinderArg                     : loaded 2 times (x 73B)
Class com.sun.xml.bind.v2.model.impl.PropertyInfoImpl                                 : loaded 2 times (x 108B)
Class com.sun.xml.bind.v2.model.annotation.SecureLoader                               : loaded 2 times (x 71B)
Class com.sun.xml.bind.v2.runtime.output.Pcdata                                       : loaded 2 times (x 88B)
Class com.sun.xml.bind.v2.util.QNameMap                                               : loaded 2 times (x 72B)
Class com.sun.xml.bind.v2.runtime.JAXBContextImpl                                     : loaded 2 times (x 90B)
Class com.android.repository.impl.meta.RemotePackageImpl                              : loaded 2 times (x 144B)
Class com.android.sdklib.repository.generated.common.v1.package-info                  : loaded 2 times (x 70B)
Class com.android.sdklib.repository.meta.SdkCommonFactory                             : loaded 2 times (x 73B)
Class com.android.build.gradle.internal.dependency.ExtractProGuardRulesTransform      : loaded 2 times (x 78B)
Class com.android.build.gradle.internal.PropertiesValueSource$Inject_                 : loaded 2 times (x 109B)
Class com.android.build.gradle.internal.scope.InternalArtifactType$CONNECTED_ANDROID_TEST_ADDITIONAL_OUTPUT: loaded 2 times (x 74B)
Class com.android.build.gradle.internal.scope.InternalArtifactType$LOCAL_AAR_FOR_LINT : loaded 2 times (x 74B)
Class com.android.build.api.variant.impl.ResourcesPackagingImpl$merges$1              : loaded 2 times (x 75B)
Class com.android.build.api.artifact.TaskBasedOperation                               : loaded 2 times (x 70B)
Class com.android.build.gradle.internal.scope.InternalArtifactType$DATA_BINDING_LAYOUT_INFO_TYPE_PACKAGE: loaded 2 times (x 74B)
Class com.android.build.gradle.internal.tasks.factory.features.ResValuesTaskCreationAction: loaded 2 times (x 70B)
Class com.android.build.gradle.internal.dependency.ProvidedClasspath                  : loaded 2 times (x 71B)
Class com.android.tools.build.jetifier.processor.transform.proguard.ProGuardClassSpecParser$Companion: loaded 2 times (x 71B)
Class com.google.gson.internal.ConstructorConstructor$18                              : loaded 2 times (x 75B)
Class com.android.build.gradle.internal.core.dsl.ApkProducingComponentDslInfo         : loaded 2 times (x 70B)
Class com.android.build.gradle.internal.tasks.NewIncrementalTask                      : loaded 2 times (x 325B)
Class com.android.build.gradle.internal.lint.AndroidLintGlobalTask                    : loaded 2 times (x 318B)
Class com.android.build.gradle.internal.dsl.BuildType$Companion                       : loaded 2 times (x 71B)
Class com.android.build.api.artifact.Artifacts                                        : loaded 2 times (x 70B)
Class com.android.build.gradle.internal.services.FakeDependencyJarBuildService$lazyCachedFakeJar$1: loaded 2 times (x 75B)
Class com.android.build.gradle.internal.dsl.SdkComponentsImpl$aapt2$2                 : loaded 2 times (x 79B)
Class com.android.build.gradle.internal.dsl.JavaCompileOptions$AgpDecorated_Decorated : loaded 2 times (x 130B)
Class com.android.build.gradle.internal.dsl.BaseFlavor$minSdkDelegate$2               : loaded 2 times (x 79B)
Class com.android.build.gradle.internal.dsl.BundleOptionsLanguage                     : loaded 2 times (x 77B)
Class com.android.build.gradle.internal.dsl.BundleOptionsCountrySet                   : loaded 2 times (x 81B)
Class com.android.build.api.dsl.DynamicFeatureProductFlavor                           : loaded 2 times (x 70B)
Class com.android.builder.model.Named                                                 : loaded 2 times (x 70B)
Class com.android.build.gradle.internal.manifest.LazyManifestParser$manifestData$1    : loaded 2 times (x 75B)
Class com.google.protobuf.MessageLite$Builder                                         : loaded 2 times (x 70B)
Class com.android.build.gradle.options.ApiStage$Experimental                          : loaded 2 times (x 72B)
Class com.android.build.api.extension.impl.AndroidComponentsExtensionImpl             : loaded 2 times (x 112B)
Class com.android.build.gradle.internal.attribution.BuildAnalyzerService$Parameters$Inject_: loaded 2 times (x 118B)
Class javax.xml.bind.annotation.XmlAnyAttribute                                       : loaded 2 times (x 70B)
Class com.sun.xml.bind.v2.model.impl.ValuePropertyInfoImpl                            : loaded 2 times (x 120B)
Class com.android.repository.impl.generated.v2.package-info                           : loaded 2 times (x 70B)
Class com.android.sdklib.repository.generated.addon.v1.package-info                   : loaded 2 times (x 70B)
Class com.android.sdklib.repository.legacy.LegacyDownloader                           : loaded 2 times (x 84B)
Class com.android.build.gradle.tasks.ResourceException                                : loaded 2 times (x 82B)
Class com.android.build.gradle.internal.scope.InternalArtifactType$MODULE_AND_RUNTIME_DEPS_CLASSES: loaded 2 times (x 74B)
Class com.android.build.gradle.internal.dependency.ModelArtifactCompatibilityRule$Companion: loaded 2 times (x 71B)
Class com.android.builder.files.SerializableFileChanges                               : loaded 2 times (x 72B)
Class com.android.build.gradle.internal.dependency.AarToClassTransform$Params         : loaded 2 times (x 70B)
Class com.android.build.gradle.internal.DependencyConfigurator                        : loaded 2 times (x 72B)
Class com.google.gson.internal.LinkedTreeMap$LinkedTreeMapIterator                    : loaded 2 times (x 80B)
Class com.google.gson.internal.ConstructorConstructor$19                              : loaded 2 times (x 76B)
Class com.android.build.gradle.internal.component.features.NativeBuildCreationConfig  : loaded 2 times (x 70B)
Class com.android.build.api.variant.Packaging                                         : loaded 2 times (x 70B)
Class com.android.build.gradle.internal.core.dsl.impl.ConsumableComponentDslInfoImpl$shadersDslInfo$2: loaded 2 times (x 79B)
Class com.android.builder.model.v2.models.ndk.NativeModule                            : loaded 2 times (x 70B)
Class com.android.build.gradle.internal.tasks.factory.BootClasspathConfigImpl$fullBootClasspathProvider$2: loaded 2 times (x 79B)
Class com.android.tools.lint.model.LintModelSeverity$Companion                        : loaded 2 times (x 71B)
Class com.android.build.api.artifact.Artifact                                         : loaded 2 times (x 74B)
Class com.android.build.gradle.internal.api.LazyAndroidSourceSet$sourceSet$1          : loaded 2 times (x 79B)
Class com.android.build.api.component.impl.ComponentBuilderImpl                       : loaded 2 times (x 92B)
Class com.android.build.gradle.internal.dsl.ExternalNativeCmakeOptions_Decorated      : loaded 2 times (x 152B)
Class com.android.build.gradle.internal.variant.BaseVariantData                       : loaded 2 times (x 72B)
Class com.android.build.api.dsl.MaxSdkSpec                                            : loaded 2 times (x 70B)
Class com.android.builder.core.AbstractBuildType                                      : loaded 2 times (x 153B)
Class com.android.builder.profile.Recorder                                            : loaded 2 times (x 70B)
Class com.android.build.api.variant.ExternalNativeBuild                               : loaded 2 times (x 70B)
Class com.google.wireless.android.sdk.stats.GradleBuildProfileSpanOrBuilder           : loaded 2 times (x 70B)
Class com.google.protobuf.Parser                                                      : loaded 2 times (x 70B)
Class com.android.build.gradle.internal.attribution.BuildAnalyzerConfiguratorService$State: loaded 2 times (x 79B)
Class com.google.gson.internal.bind.ReflectiveTypeAdapterFactory$Adapter              : loaded 2 times (x 77B)
Class com.google.gson.internal.bind.TypeAdapters$10                                   : loaded 2 times (x 75B)
Class com.android.build.gradle.internal.core.dsl.impl.InstrumentedTestDslInfoImpl     : loaded 2 times (x 80B)
Class com.android.build.api.component.impl.DeviceTestImpl$renderscriptCreationConfig$2: loaded 2 times (x 79B)
Class com.google.common.util.concurrent.DirectExecutor                                : loaded 2 times (x 82B)
Class com.google.common.collect.SortedIterable                                        : loaded 2 times (x 70B)
Class org.gradle.api.internal.classpath.ModuleRegistry                                : loaded 2 times (x 70B)
Class org.gradle.internal.installation.GradleInstallation$1                           : loaded 2 times (x 75B)
Class com.android.build.gradle.internal.dependency.JdkImageTransform$Parameters$Inject_: loaded 2 times (x 112B)
Class [Lcom.sun.xml.bind.v2.model.impl.ClassInfoImpl$SecondaryAnnotation;             : loaded 2 times (x 69B)
Class com.sun.xml.bind.v2.model.core.TypeInfoSet                                      : loaded 2 times (x 70B)
Class com.sun.xml.bind.api.BridgeContext                                              : loaded 2 times (x 76B)
Class com.android.sdklib.repository.generated.addon.v2.ObjectFactory                  : loaded 2 times (x 80B)
Class com.android.build.gradle.internal.SdkLoadingStrategy                            : loaded 2 times (x 72B)
Class com.android.build.gradle.internal.tasks.MergeJavaResourceTask$Companion$predicate$1: loaded 2 times (x 80B)
Class com.android.build.gradle.internal.scope.InternalArtifactType$APK_ZIP            : loaded 2 times (x 74B)
Class com.android.build.gradle.internal.dependency.DexingRegistration$registerTransform$1: loaded 2 times (x 75B)
Class com.android.build.gradle.internal.dependency.CollectClassesTransform            : loaded 2 times (x 78B)
Class com.android.build.gradle.internal.HostTestTaskManager$createRunHostTestTask$1   : loaded 2 times (x 75B)
Class com.android.build.gradle.internal.testing.utp.UtpDependency                     : loaded 2 times (x 79B)
Class com.android.build.gradle.internal.tasks.ListingFileRedirectTask                 : loaded 2 times (x 327B)
Class com.android.build.gradle.internal.scope.InternalArtifactType$COMPILE_LIBRARY_CLASSES_JAR: loaded 2 times (x 74B)
Class com.android.build.gradle.internal.dsl.ModulePropertyKey$OptionalBoolean$Companion: loaded 2 times (x 71B)
Class [Lcom.android.build.gradle.internal.publishing.AndroidArtifacts$ArtifactScope;  : loaded 2 times (x 69B)
Class com.android.build.gradle.internal.dsl.InstrumentationImpl                       : loaded 2 times (x 77B)
Class com.android.tools.build.jetifier.core.type.TypesMap                             : loaded 2 times (x 72B)
Class com.android.build.api.component.impl.DeviceTestImpl$optimizationCreationConfig$2: loaded 2 times (x 79B)
Class [Lcom.android.build.gradle.internal.publishing.ArtifactCategory;                : loaded 2 times (x 69B)
Class com.android.build.gradle.internal.core.MergedFlavor$Companion                   : loaded 2 times (x 71B)
Class com.android.build.gradle.internal.dsl.MinSdkSpecImpl$AgpDecorated_Decorated     : loaded 2 times (x 129B)
Class [Lcom.android.build.api.artifact.impl.InternalScopedArtifacts$InternalScope;    : loaded 2 times (x 69B)
Class com.android.build.gradle.internal.services.FakeDependencyJarBuildService$FakeDependencyJarCreator$Inject_: loaded 2 times (x 111B)
Class com.android.build.gradle.internal.dsl.ComposeOptionsImpl_Decorated              : loaded 2 times (x 132B)
Class com.android.build.gradle.tasks.MergeSourceSetFolders$MergeJniLibFoldersCreationAction$handleProvider$1: loaded 2 times (x 127B)
Class com.android.build.gradle.internal.dsl.decorator.DslDecorator$cache$1            : loaded 2 times (x 75B)
Class com.android.build.api.dsl.DensitySplit                                          : loaded 2 times (x 70B)
Class com.google.wireless.android.sdk.stats.GradleBuildVariant$VariantType            : loaded 2 times (x 87B)
Class com.android.ProgressManagerAdapter                                              : loaded 2 times (x 73B)
Class com.google.protobuf.Descriptors$GenericDescriptor                               : loaded 2 times (x 75B)
Class com.google.gson.internal.bind.TypeAdapters$11                                   : loaded 2 times (x 75B)
Class com.android.ide.common.blame.MessageJsonSerializer                              : loaded 2 times (x 76B)
Class [Lcom.google.gson.FieldNamingPolicy;                                            : loaded 2 times (x 69B)
Class com.android.ide.common.repository.AgpVersion$PreviewKind$Companion              : loaded 2 times (x 71B)
Class com.android.build.gradle.tasks.ProcessTestManifest$CreationAction$handleProvider$2: loaded 2 times (x 127B)
Class com.android.build.api.variant.impl.SigningConfigImpl$enableV4Signing$1          : loaded 2 times (x 75B)
Class com.android.build.gradle.internal.plugins.FusedLibraryPlugin                    : loaded 2 times (x 81B)
Class com.android.build.api.dsl.AndroidResources                                      : loaded 2 times (x 70B)
Class com.android.buildanalyzer.common.AndroidGradlePluginAttributionData$TaskCategoryInfo: loaded 2 times (x 72B)
Class com.android.build.gradle.internal.tasks.MergeJavaResourceTaskKt                 : loaded 2 times (x 71B)
Class com.sun.xml.bind.v2.runtime.unmarshaller.ValuePropertyLoader                    : loaded 2 times (x 78B)
Class com.sun.xml.bind.v2.model.runtime.RuntimeReferencePropertyInfo                  : loaded 2 times (x 70B)
Class javax.xml.bind.annotation.XmlRootElement                                        : loaded 2 times (x 70B)
Class com.sun.xml.bind.v2.model.core.Ref                                              : loaded 2 times (x 72B)
Class com.sun.xml.bind.v2.model.runtime.RuntimeElementInfo                            : loaded 2 times (x 70B)
Class com.sun.xml.bind.v2.model.impl.RuntimeModelBuilder                              : loaded 2 times (x 100B)
Class javax.xml.bind.ServiceLoaderUtil                                                : loaded 2 times (x 71B)
Class com.android.repository.impl.meta.Archive$CompleteType                           : loaded 2 times (x 79B)
Class com.android.repository.impl.meta.CommonFactory                                  : loaded 2 times (x 91B)
Class com.android.build.gradle.internal.SupportToolsComponents$Companion              : loaded 2 times (x 71B)
Class com.android.build.gradle.internal.SdkComponentsBuildService$VersionedSdkLoader$sdkDirectoryProvider$1: loaded 2 times (x 75B)
Class com.android.manifmerger.MergingReport                                           : loaded 2 times (x 81B)
Class com.android.build.gradle.internal.scope.InternalArtifactType$BUILT_IN_KOTLINC   : loaded 2 times (x 74B)
Class com.android.build.gradle.internal.VariantTaskManager$addBindingDependenciesIfNecessary$viewBindingEnabled$1: loaded 2 times (x 80B)
Class com.android.build.gradle.internal.dependency.LibrarySymbolTableTransform        : loaded 2 times (x 78B)
Class com.android.build.gradle.internal.attribution.CheckJetifierBuildService$Parameters_Decorated: loaded 2 times (x 130B)
Class com.android.build.api.variant.impl.FileBasedFileEntry                           : loaded 2 times (x 79B)
Class com.android.build.gradle.internal.test.AbstractTestDataImpl$animationsDisabled$1: loaded 2 times (x 78B)
Class com.android.build.api.artifact.ArtifactTransformationRequest                    : loaded 2 times (x 70B)
Class com.android.build.gradle.internal.tasks.DexMergingTask$CreationAction           : loaded 2 times (x 93B)
Class com.android.build.gradle.internal.scope.InternalArtifactType$DUPLICATE_CLASSES_CHECK: loaded 2 times (x 74B)
Class com.android.build.gradle.internal.tasks.CompressAssetsTask                      : loaded 2 times (x 329B)
Class com.android.build.gradle.internal.scope.InternalArtifactType$MERGED_TEST_ONLY_NATIVE_LIBS: loaded 2 times (x 74B)
Class com.android.build.gradle.internal.scope.InternalArtifactType$MERGED_JNI_LIBS    : loaded 2 times (x 74B)
Class com.android.build.api.variant.CanMinifyAndroidResourcesBuilder                  : loaded 2 times (x 70B)
Class com.android.build.api.artifact.ScopedArtifact$CLASSES                           : loaded 2 times (x 74B)
Class [Lcom.android.build.api.instrumentation.FramesComputationMode;                  : loaded 2 times (x 69B)
Class com.android.tools.build.jetifier.core.TypeRewriter                              : loaded 2 times (x 72B)
Class com.android.build.api.component.impl.ComponentImpl                              : loaded 2 times (x 198B)
Class com.android.build.gradle.internal.dsl.ModulePropertyKey$BooleanWithDefault      : loaded 2 times (x 84B)
Class com.android.build.api.variant.impl.HostTestBuilderImpl                          : loaded 2 times (x 85B)
Class com.android.build.gradle.internal.core.dsl.impl.VariantDslInfoImpl$nativeBuildDslInfo$2: loaded 2 times (x 79B)
Class com.android.build.gradle.internal.core.MergedAnnotationProcessorOptions         : loaded 2 times (x 107B)
Class com.android.build.gradle.internal.services.TaskCreationServices                 : loaded 2 times (x 70B)
Class com.android.build.api.artifact.Artifact$Replaceable                             : loaded 2 times (x 70B)
Class com.android.builder.model.SourceProvider                                        : loaded 2 times (x 70B)
Class com.google.common.util.concurrent.AbstractFuture$UnsafeAtomicHelper             : loaded 2 times (x 78B)
Class com.android.build.gradle.internal.services.AndroidLocationsBuildService$AndroidDirectoryCreator$Params: loaded 2 times (x 70B)
Class com.android.build.gradle.internal.services.Aapt2DaemonBuildService$RegistrationAction: loaded 2 times (x 74B)
Class com.android.build.gradle.internal.ide.dependencies.LibraryDependencyCacheBuildService$Parameters_Decorated: loaded 2 times (x 130B)
Class com.android.build.api.variant.impl.ManifestFilesImpl                            : loaded 2 times (x 80B)
Class com.google.protobuf.AbstractMessageLite                                         : loaded 2 times (x 101B)
Class com.android.utils.HelpfulEnumConverter                                          : loaded 2 times (x 92B)
Class com.android.build.gradle.internal.tasks.Workers$ProfileAwareExecutorServiceAdapter: loaded 2 times (x 87B)
Class com.google.gson.internal.bind.TypeAdapters$12                                   : loaded 2 times (x 75B)
Class [Lcom.google.gson.ToNumberStrategy;                                             : loaded 2 times (x 69B)
Class com.android.build.gradle.options.ReplacedOption                                 : loaded 2 times (x 85B)
Class [Lcom.android.build.gradle.options.OptionalBooleanOption;                       : loaded 2 times (x 69B)
Class com.android.build.gradle.options.ProjectOptionService$Params_Decorated          : loaded 2 times (x 130B)
Class com.android.build.api.dsl.ProductFlavor                                         : loaded 2 times (x 70B)
Class com.android.build.api.dsl.BaseFlavor                                            : loaded 2 times (x 70B)
Class com.android.build.gradle.internal.dsl.Lockable                                  : loaded 2 times (x 70B)
Class com.sun.xml.bind.v2.runtime.unmarshaller.UnmarshallingContext                   : loaded 2 times (x 103B)
Class com.sun.xml.bind.v2.runtime.LifecycleMethods                                    : loaded 2 times (x 72B)
Class com.android.sdklib.repository.generated.addon.v1.AddonDetailsType               : loaded 2 times (x 135B)
Class com.sun.xml.bind.v2.model.runtime.RuntimeMapPropertyInfo                        : loaded 2 times (x 70B)
Class com.sun.xml.bind.v2.model.annotation.MethodLocatable                            : loaded 2 times (x 78B)
Class com.sun.xml.bind.v2.model.nav.TypeVisitor                                       : loaded 2 times (x 76B)
Class com.android.repository.impl.meta.RepoPackageImpl                                : loaded 2 times (x 114B)
Class com.android.build.gradle.internal.utils.ConsoleProgressIndicatorFactory$IsTerminalSmartValueSource: loaded 2 times (x 78B)
Class com.android.build.api.variant.impl.FilterConfigurationImpl                      : loaded 2 times (x 76B)
Class com.android.build.api.variant.FilterConfiguration                               : loaded 2 times (x 70B)
Class com.android.build.gradle.internal.scope.InternalArtifactType$USES_SDK_LIBRARY_SPLIT_FOR_LOCAL_DEPLOYMENT: loaded 2 times (x 74B)
Class com.android.tools.build.jetifier.processor.TimestampsPolicy$Companion$NOW$1     : loaded 2 times (x 78B)
Class com.android.tools.build.jetifier.core.pom.PomDependency                         : loaded 2 times (x 72B)
Class com.android.build.gradle.internal.utils.VariantPostCreationChecksKt             : loaded 2 times (x 71B)
Class com.android.build.gradle.internal.dsl.MinSdkDelegate$minSdk$1                   : loaded 2 times (x 79B)
Class com.android.build.gradle.internal.dsl.CompileSdkProperties                      : loaded 2 times (x 70B)
Class com.android.build.gradle.internal.dsl.TestOptions                               : loaded 2 times (x 126B)
Class com.android.build.gradle.internal.dsl.decorator.DslDecorator$Companion$privateLookupInMethod$2: loaded 2 times (x 78B)
Class com.android.build.gradle.internal.CompileOptions                                : loaded 2 times (x 94B)
Class com.android.build.gradle.internal.dsl.BundleOptionsDeviceTier                   : loaded 2 times (x 81B)
Class [Lcom.android.prefs.Global;                                                     : loaded 2 times (x 69B)
Class com.android.build.gradle.internal.services.ConfigPhaseFileCreator               : loaded 2 times (x 70B)
Class com.android.build.gradle.internal.services.Aapt2ThreadPoolBuildService$Params_Decorated: loaded 2 times (x 130B)
Class com.google.wireless.android.sdk.stats.GradleBuildProfile$1                      : loaded 2 times (x 151B)
Class com.android.build.gradle.internal.scope.BootClasspathBuilder$computeClasspath$1 : loaded 2 times (x 75B)
Class com.google.gson.internal.bind.TypeAdapters$13                                   : loaded 2 times (x 75B)
Class com.android.build.gradle.internal.dependency.DexingNoClasspathTransform$Inject_1: loaded 2 times (x 112B)
Class com.android.build.api.variant.HasTestFixtures                                   : loaded 2 times (x 70B)
Class org.gradle.api.internal.classpath.DefaultModuleRegistry                         : loaded 2 times (x 86B)
Class javax.xml.bind.Unmarshaller                                                     : loaded 2 times (x 70B)
Class com.android.build.gradle.internal.FileExistsValueSource                         : loaded 2 times (x 78B)
Class com.android.build.gradle.internal.SdkComponentsBuildService$VersionedSdkLoader$renderScriptSupportJarProvider$1: loaded 2 times (x 75B)
Class com.android.builder.sdk.InstallFailedException                                  : loaded 2 times (x 82B)
Class com.android.build.gradle.internal.cxx.gradle.generator.NativeProjectPath        : loaded 2 times (x 72B)
Class com.android.build.gradle.internal.cxx.logging.IssueReporterLoggingEnvironment   : loaded 2 times (x 83B)
Class com.android.build.gradle.internal.cxx.configure.CxxCreateGradleTasksKt          : loaded 2 times (x 71B)
Class com.android.build.gradle.internal.core.MergedExternalNativeNdkBuildOptions      : loaded 2 times (x 86B)
Class com.android.build.gradle.internal.core.MergedNdkConfig                          : loaded 2 times (x 95B)
Class com.android.build.api.artifact.SingleArtifact$APK                               : loaded 2 times (x 74B)
Class com.android.build.gradle.internal.scope.InternalArtifactType$COMPRESSED_ASSETS  : loaded 2 times (x 74B)
Class com.android.build.gradle.internal.scope.InternalArtifactType$GENERATED_PNGS_RES : loaded 2 times (x 74B)
Class com.android.build.api.artifact.SingleArtifact                                   : loaded 2 times (x 74B)
Class com.android.build.gradle.internal.dependency.VariantDependencies$Companion$computeLocalFileDependencies$2: loaded 2 times (x 75B)
Class com.android.build.gradle.internal.dependency.VariantDependencies$computeArtifactCollection$attributesAction$1: loaded 2 times (x 75B)
Class com.android.build.gradle.internal.TaskManager$createAssembleTask$1              : loaded 2 times (x 75B)
Class android.databinding.tool.DataBindingBuilder$GradleFileWriter                    : loaded 2 times (x 75B)
Class com.android.build.api.component.impl.DeviceTestImpl$packaging$2                 : loaded 2 times (x 79B)
Class com.android.build.api.component.impl.TestComponentImpl                          : loaded 2 times (x 353B)
Class com.android.build.gradle.internal.variant.VariantPathHelper$aarLocation$2       : loaded 2 times (x 79B)
Class com.android.build.gradle.internal.publishing.PublishedConfigSpec                : loaded 2 times (x 72B)
Class com.android.build.gradle.internal.ProguardFilesProvider                         : loaded 2 times (x 70B)
Class [Lcom.android.build.api.artifact.Artifact$Category;                             : loaded 2 times (x 69B)
Class com.android.build.gradle.internal.dsl.KeepRulesImpl$AgpDecorated                : loaded 2 times (x 91B)
Class com.android.build.gradle.internal.api.ApkVariantImpl                            : loaded 2 times (x 249B)
Class com.android.build.gradle.internal.SdkLibDataFactory                             : loaded 2 times (x 72B)
Class com.android.build.api.dsl.ApplicationPublishing                                 : loaded 2 times (x 70B)
Class com.sun.xml.bind.api.CompositeStructure                                         : loaded 2 times (x 72B)
Class com.google.gson.internal.bind.NumberTypeAdapter$1                               : loaded 2 times (x 76B)
Class com.google.gson.internal.bind.TypeAdapters$1                                    : loaded 2 times (x 75B)
Class com.google.gson.internal.bind.TypeAdapters$14                                   : loaded 2 times (x 75B)
Class javax.xml.bind.annotation.XmlValue                                              : loaded 2 times (x 70B)
Class com.sun.xml.bind.v2.runtime.reflect.Accessor$2                                  : loaded 2 times (x 87B)
Class com.android.build.gradle.internal.plugins.PrivacySandboxSdkPlugin               : loaded 2 times (x 81B)
Class com.android.builder.errors.IssueReporter                                        : loaded 2 times (x 73B)
Class com.android.build.gradle.tasks.MergeResources$getFlags$2                        : loaded 2 times (x 78B)
Class com.sun.xml.bind.v2.runtime.Coordinator                                         : loaded 2 times (x 83B)
Class javax.xml.bind.ValidationEventHandler                                           : loaded 2 times (x 70B)
Class com.android.repository.impl.meta.Archive$PatchesType                            : loaded 2 times (x 72B)
Class com.sun.xml.bind.v2.model.annotation.XmlRootElementQuick                        : loaded 2 times (x 92B)
Class com.sun.xml.bind.v2.runtime.NameBuilder                                         : loaded 2 times (x 72B)
Class com.android.repository.impl.generated.v2.ArchiveType                            : loaded 2 times (x 97B)
Class com.android.sdklib.repository.generated.sysimg.v2.package-info                  : loaded 2 times (x 70B)
Class com.android.builder.errors.IssueReporter$Severity                               : loaded 2 times (x 79B)
Class com.android.build.gradle.internal.dependency.AarTransform                       : loaded 2 times (x 78B)
Class com.android.build.gradle.internal.PropertiesValueSource$Params_Decorated        : loaded 2 times (x 130B)
Class com.android.build.gradle.internal.VariantTaskManager$createReportTasks$signingReportComponents$1: loaded 2 times (x 80B)
Class com.android.build.gradle.internal.tasks.ValidateSigningTask$CreationAction$handleProvider$1: loaded 2 times (x 127B)
Class com.android.build.gradle.internal.tasks.ProcessJavaResTask$CreationAction       : loaded 2 times (x 90B)
Class com.android.build.api.component.impl.features.InstrumentationCreationConfigImpl : loaded 2 times (x 83B)
Class com.android.build.gradle.internal.TaskManager$createAssembleTask$2              : loaded 2 times (x 75B)
Class com.android.build.api.component.impl.HostTestImpl$manifestPlaceholdersCreationConfig$2: loaded 2 times (x 79B)
Class com.android.build.api.component.UnitTest                                        : loaded 2 times (x 70B)
Class com.android.build.gradle.internal.core.MergedFlavor                             : loaded 2 times (x 203B)
Class com.android.build.gradle.internal.dsl.CompileSdkDelegate$compileSdk$2$1         : loaded 2 times (x 79B)
Class com.android.build.gradle.internal.services.FakeDependencyJarBuildService$FakeDependencyJarCreator$Params$Inject_: loaded 2 times (x 108B)
Class com.android.build.gradle.internal.dsl.SdkComponentsImpl$sdkDirectory$1          : loaded 2 times (x 75B)
Class com.android.build.gradle.api.AndroidArtifactVariant                             : loaded 2 times (x 70B)
Class com.android.build.gradle.internal.dsl.TestFixturesImpl                          : loaded 2 times (x 81B)
Class com.android.build.gradle.internal.dsl.EmulatorSnapshots_Decorated               : loaded 2 times (x 146B)
Class com.sun.xml.bind.v2.runtime.unmarshaller.DefaultValueLoaderDecorator            : loaded 2 times (x 78B)
Class com.android.build.gradle.internal.SdkComponentsKt                               : loaded 2 times (x 71B)
Class com.android.build.gradle.internal.services.Aapt2DaemonBuildService$Parameters   : loaded 2 times (x 72B)
Class org.gradle.api.internal.classpath.ManifestUtil                                  : loaded 2 times (x 71B)
Class com.google.gson.Strictness                                                      : loaded 2 times (x 79B)
Class com.google.gson.internal.sql.SqlTypesSupport$1                                  : loaded 2 times (x 74B)
Class com.google.gson.internal.bind.TypeAdapters$2                                    : loaded 2 times (x 75B)
Class com.google.gson.internal.bind.TypeAdapters$15                                   : loaded 2 times (x 75B)
Class com.android.build.gradle.internal.plugins.AndroidPluginBaseServices$androidProblemReporterProviderService$2$1: loaded 2 times (x 79B)
Class com.android.builder.errors.EvalIssueException                                   : loaded 2 times (x 82B)
Class com.google.gson.JsonObject                                                      : loaded 2 times (x 93B)
Class com.android.build.api.dsl.Installation                                          : loaded 2 times (x 70B)
Class com.android.build.gradle.BaseExtension                                          : loaded 2 times (x 199B)
Class com.android.build.gradle.internal.plugins.VersionCheckPlugin$Companion          : loaded 2 times (x 71B)
Class com.android.build.gradle.internal.tasks.MergeNativeLibsTask$Companion$predicate$1: loaded 2 times (x 80B)
Class com.android.sdklib.repository.generated.sysimg.v2.SysImgDetailsType             : loaded 2 times (x 138B)
Class com.sun.xml.bind.v2.model.core.PropertyKind                                     : loaded 2 times (x 79B)
Class [Lcom.sun.xml.bind.v2.model.impl.ClassInfoImpl$PropertyGroup;                   : loaded 2 times (x 69B)
Class com.sun.xml.bind.v2.runtime.unmarshaller.Receiver                               : loaded 2 times (x 70B)
Class com.android.ide.common.blame.SourcePosition                                     : loaded 2 times (x 71B)
Class [Lcom.sun.xml.bind.v2.model.annotation.Quick;                                   : loaded 2 times (x 69B)
Class com.android.sdklib.repository.generated.sysimg.v1.ObjectFactory                 : loaded 2 times (x 75B)
Class com.android.sdklib.repository.generated.repository.v1.package-info              : loaded 2 times (x 70B)
Class com.android.sdklib.repository.meta.DetailsTypes$PlatformDetailsType             : loaded 2 times (x 70B)
Class com.android.build.gradle.internal.FileExistsValueSource$Inject_                 : loaded 2 times (x 109B)
Class com.android.build.gradle.internal.DependencyConfigurator$registerTransform$1    : loaded 2 times (x 75B)
Class com.android.build.gradle.internal.VariantTaskManager$createReportTasks$signingReportComponents$2: loaded 2 times (x 78B)
Class com.android.build.gradle.internal.lint.AndroidLintTask$VariantCreationAction    : loaded 2 times (x 95B)
Class com.android.build.gradle.internal.variant.BuildAuthorSpecifiedDefaultsFlavorComparator: loaded 2 times (x 90B)
Class com.android.build.api.variant.impl.LayeredSourceDirectoriesImpl$addAll$1        : loaded 2 times (x 75B)
Class com.android.build.gradle.internal.testing.TestData                              : loaded 2 times (x 70B)
Class com.android.build.gradle.tasks.PackageAndroidArtifact$Companion$THROW_ON_ERROR_ISSUE_REPORTER$1: loaded 2 times (x 73B)
Class com.android.build.gradle.internal.scope.InternalMultipleArtifactType$DEX        : loaded 2 times (x 74B)
Class com.android.build.api.artifact.Artifact$ContainsMany                            : loaded 2 times (x 70B)
Class com.android.build.gradle.internal.tasks.CheckAarMetadataTask                    : loaded 2 times (x 337B)
Class com.android.build.gradle.internal.tasks.StripDebugSymbolsTask$CreationAction$handleProvider$1: loaded 2 times (x 127B)
Class com.android.build.gradle.internal.tasks.MergeNativeLibsTask                     : loaded 2 times (x 337B)
Class com.android.build.gradle.internal.TaskManager$MergeType                         : loaded 2 times (x 80B)
Class com.android.build.api.component.impl.ComponentImpl$compileClasspath$2           : loaded 2 times (x 79B)
Class com.android.build.api.variant.AndroidTest                                       : loaded 2 times (x 70B)
Class com.android.build.gradle.internal.scope.TaskContainer                           : loaded 2 times (x 70B)
Class [Lcom.android.build.gradle.internal.core.dsl.ComponentDslInfo$DslDefinedHostTest;: loaded 2 times (x 69B)
Class [Lcom.android.buildanalyzer.common.TaskCategoryIssue$Severity;                  : loaded 2 times (x 69B)
Class com.android.build.gradle.internal.utils.AnalyticsEnabledValueSource$Params$Inject_: loaded 2 times (x 106B)
Class com.android.build.gradle.internal.dsl.AbstractPublishing                        : loaded 2 times (x 73B)
Class com.google.protobuf.CodedInputStream$StreamDecoder                              : loaded 2 times (x 120B)
Class com.google.wireless.android.sdk.stats.GradleBuildProfileOrBuilder               : loaded 2 times (x 70B)
Class com.google.common.base.CaseFormat$StringConverter                               : loaded 2 times (x 90B)
Class com.android.build.gradle.internal.attribution.BuildAnalyzerService$Parameters_Decorated: loaded 2 times (x 148B)
Class com.android.build.gradle.internal.profile.NoOpAnalyticsService                  : loaded 2 times (x 110B)
Class com.android.build.gradle.internal.profile.AnalyticsServiceApi                   : loaded 2 times (x 70B)
Class com.google.gson.internal.sql.SqlTypesSupport$2                                  : loaded 2 times (x 74B)
Class com.google.gson.internal.bind.TypeAdapters$16                                   : loaded 2 times (x 75B)
Class com.google.gson.internal.bind.TypeAdapters$3                                    : loaded 2 times (x 75B)
Class com.android.build.api.variant.HasAndroidTest                                    : loaded 2 times (x 70B)
Class com.android.build.api.component.impl.ComponentUtils                             : loaded 2 times (x 71B)
Class com.android.build.gradle.internal.dependency.JdkImageTransformKt$getJdkImageFromTransform$1: loaded 2 times (x 75B)
Class com.sun.xml.bind.v2.runtime.unmarshaller.SAXConnector$TagNameImpl               : loaded 2 times (x 75B)
Class javax.xml.bind.annotation.XmlAccessorOrder                                      : loaded 2 times (x 70B)
Class javax.xml.bind.JAXBElement                                                      : loaded 2 times (x 81B)
Class com.android.build.gradle.internal.SdkLocator$SdkLocationSource$LOCAL_ANDROID_DIR: loaded 2 times (x 80B)
Class com.android.repository.api.Downloader                                           : loaded 2 times (x 70B)
Class com.android.build.gradle.internal.tasks.AndroidVariantTask_Decorated            : loaded 2 times (x 370B)
Class com.android.build.gradle.internal.tasks.factory.GlobalTaskCreationConfigImpl$platformAttrs$2$1: loaded 2 times (x 75B)
Class com.android.build.gradle.internal.scope.InternalArtifactType$UNIT_TEST_CODE_COVERAGE: loaded 2 times (x 74B)
Class com.android.build.gradle.internal.testing.utp.UtpDependencyUtilsKt$maybeCreateUtpConfigurations$1$1: loaded 2 times (x 74B)
Class com.android.build.api.variant.impl.FileEntry                                    : loaded 2 times (x 70B)
Class com.android.build.gradle.internal.scope.InternalArtifactType$DEX_ARCHIVE_INPUT_JAR_HASHES: loaded 2 times (x 74B)
Class com.android.build.gradle.internal.tasks.R8VersionCheckKt                        : loaded 2 times (x 71B)
Class com.android.build.api.variant.impl.JniLibsPackagingImpl                         : loaded 2 times (x 80B)
Class com.android.build.gradle.internal.tasks.MergeNativeLibsTask$CreationAction$handleProvider$1: loaded 2 times (x 127B)
Class com.android.build.gradle.tasks.CompileNavigationXmlTask$CreationAction$handleProvider$1: loaded 2 times (x 127B)
Class com.android.build.gradle.tasks.GenerateResValues$CreationAction$deprecatedGeneratedResOutputDir$2: loaded 2 times (x 79B)
Class com.android.build.gradle.internal.core.dsl.impl.ConsumableComponentDslInfoImpl$optimizationDslInfo$2: loaded 2 times (x 79B)
Class com.android.build.gradle.internal.publishing.VariantPublishingInfo              : loaded 2 times (x 72B)
Class com.android.build.gradle.internal.dsl.TestOptions$UnitTestOptions_Decorated     : loaded 2 times (x 130B)
Class com.android.build.gradle.internal.api.artifact.SourceArtifactType$KOTLIN_SOURCES: loaded 2 times (x 74B)
Class com.android.build.api.dsl.LibraryPublishing                                     : loaded 2 times (x 70B)
Class com.android.build.api.dsl.ApplicationBuildType                                  : loaded 2 times (x 70B)
Class com.android.build.gradle.internal.SdkComponentsBuildService$Parameters_Decorated: loaded 2 times (x 151B)
Class com.google.protobuf.IterableByteBufferInputStream                               : loaded 2 times (x 92B)
Class com.google.gson.internal.bind.TypeAdapters$17                                   : loaded 2 times (x 75B)
Class com.google.gson.internal.bind.TypeAdapters$4                                    : loaded 2 times (x 75B)
Class com.android.build.gradle.internal.services.Aapt2ThreadPoolBuildService$RegistrationAction: loaded 2 times (x 74B)
Class com.android.build.gradle.internal.services.DslServicesImpl                      : loaded 2 times (x 99B)
Class build_dq1jey70ji7zwu0903j43d5za                                                 : loaded 2 times (x 172B)
Class org.gradle.internal.service.ServiceLookupException                              : loaded 2 times (x 82B)
Class com.sun.xml.bind.v2.runtime.reflect.PrimitiveArrayListerCharacter               : loaded 2 times (x 76B)
Class com.sun.xml.bind.v2.runtime.reflect.Lister$IDREFS                               : loaded 2 times (x 77B)
Class com.sun.xml.bind.v2.model.core.TypeRef                                          : loaded 2 times (x 70B)
Class com.sun.xml.bind.v2.model.impl.FieldPropertySeed                                : loaded 2 times (x 90B)
Class com.sun.xml.bind.v2.model.annotation.Quick                                      : loaded 2 times (x 88B)
Class com.sun.xml.bind.v2.runtime.ArrayBeanInfoImpl                                   : loaded 2 times (x 89B)
Class com.android.repository.impl.generated.v1.LicenseRefType                         : loaded 2 times (x 77B)
Class com.android.build.gradle.internal.scope.InternalArtifactType$MERGED_ML_MODELS   : loaded 2 times (x 74B)
Class com.android.build.gradle.internal.scope.BuildArtifactType$JAVAC_CLASSES         : loaded 2 times (x 74B)
Class com.android.build.gradle.internal.DependencyConfigurator$configureVariantTransforms$3$2$1: loaded 2 times (x 75B)
Class com.android.build.gradle.internal.SdkComponentsBuildService$sdkSourceSet$2      : loaded 2 times (x 79B)
Class com.android.build.gradle.internal.scope.InternalArtifactType$LINT_MODEL_METADATA: loaded 2 times (x 74B)
Class com.android.build.gradle.internal.test.AbstractTestDataImpl$flavorName$1        : loaded 2 times (x 79B)
Class com.android.build.gradle.internal.scope.InternalArtifactType$VALIDATE_SIGNING_CONFIG: loaded 2 times (x 74B)
Class com.android.build.gradle.internal.scope.InternalArtifactType$LIBRARY_JNI        : loaded 2 times (x 74B)
Class com.android.build.gradle.internal.tasks.MergeNativeLibsTask$CreationAction$handleProvider$2: loaded 2 times (x 127B)
Class com.android.build.gradle.internal.services.BuiltInKotlinSupportMode$Supported   : loaded 2 times (x 71B)
Class com.android.build.api.artifact.impl.OperationRequestsImplKt$toCreate$1          : loaded 2 times (x 75B)
Class com.android.build.gradle.internal.scope.InternalArtifactType$MERGED_RES_INCREMENTAL_FOLDER: loaded 2 times (x 74B)
Class com.google.gson.annotations.JsonAdapter                                         : loaded 2 times (x 70B)
Class com.android.build.gradle.internal.dependency.AndroidXDependencySubstitution     : loaded 2 times (x 71B)
Class com.android.build.api.variant.impl.VariantImpl$nativeBuildCreationConfig$2      : loaded 2 times (x 79B)
Class com.android.build.gradle.internal.variant.VariantPathHelper$kaptSourceOutputDir$2: loaded 2 times (x 79B)
Class com.google.common.collect.Lists$ReverseList                                     : loaded 2 times (x 200B)
Class com.android.build.gradle.internal.dsl.DexOptions_Decorated                      : loaded 2 times (x 156B)
Class com.android.build.api.dsl.LintOptions                                           : loaded 2 times (x 70B)
Class com.android.build.gradle.api.BaseVariantOutput                                  : loaded 2 times (x 70B)
Class com.android.build.api.dsl.AndroidSourceDirectorySet                             : loaded 2 times (x 70B)
Class [Lcom.android.resources.ResourceEnum;                                           : loaded 2 times (x 69B)
Class com.android.builder.model.ApiVersion                                            : loaded 2 times (x 70B)
Class com.android.build.gradle.internal.plugins.BasePlugin$dslServices$2$1            : loaded 2 times (x 79B)
Class com.android.build.gradle.internal.AvdComponentsBuildService                     : loaded 2 times (x 76B)
Class com.google.protobuf.FieldSet$FieldDescriptorLite                                : loaded 2 times (x 70B)
Class com.google.protobuf.ExtensionLite                                               : loaded 2 times (x 77B)
Class com.google.gson.internal.bind.SerializationDelegatingTypeAdapter                : loaded 2 times (x 74B)
Class com.google.gson.internal.bind.TypeAdapters$18                                   : loaded 2 times (x 75B)
Class com.google.gson.internal.bind.TypeAdapters$5                                    : loaded 2 times (x 75B)
Class com.android.build.api.variant.HasTestFixturesBuilder                            : loaded 2 times (x 70B)
Class com.android.build.api.dsl.BuildFeatures                                         : loaded 2 times (x 70B)
Class com.android.build.gradle.internal.core.SettingsOptions                          : loaded 2 times (x 72B)
Class com.google.common.collect.ImmutableSortedSet                                    : loaded 2 times (x 300B)
Class org.gradle.internal.classloader.ClassLoaderFactory                              : loaded 2 times (x 70B)
Class com.android.build.gradle.internal.profile.ProfileAwareWorkAction$Parameters     : loaded 2 times (x 75B)
Class com.sun.xml.bind.v2.runtime.reflect.PrimitiveArrayListerByte                    : loaded 2 times (x 76B)
Class com.sun.xml.bind.v2.runtime.property.SingleReferenceNodeProperty$1              : loaded 2 times (x 85B)
Class com.sun.xml.bind.v2.runtime.unmarshaller.XsiNilLoader                           : loaded 2 times (x 80B)
Class javax.xml.bind.MarshalException                                                 : loaded 2 times (x 85B)
Class com.android.repository.impl.generated.v2.RemotePackage                          : loaded 2 times (x 157B)
Class com.android.repository.api.RepoManager                                          : loaded 2 times (x 91B)
Class javax.xml.bind.annotation.XmlNsForm                                             : loaded 2 times (x 79B)
Class com.android.build.gradle.internal.SdkComponentsBuildService$VersionedSdkLoader$apiVersionsFile$1: loaded 2 times (x 75B)
Class com.android.build.gradle.internal.scope.InternalArtifactType$BASE_MODULE_METADATA: loaded 2 times (x 74B)
Class com.android.build.gradle.internal.utils.D8BackportedMethodsGenerator$Parameters_Decorated: loaded 2 times (x 144B)
Class com.android.build.gradle.internal.PropertiesValueSource$Params                  : loaded 2 times (x 70B)
Class com.android.build.api.component.impl.DefaultSourcesProviderImpl$defaultResSources$1: loaded 2 times (x 78B)
Class com.android.build.api.variant.SourceDirectories$Layered                         : loaded 2 times (x 70B)
Class com.android.build.gradle.internal.TaskManager$createDependencyStreams$1         : loaded 2 times (x 79B)
Class com.android.build.gradle.internal.services.FakeDependencyJarBuildService$Params : loaded 2 times (x 70B)
Class com.android.build.api.artifact.impl.OperationRequestsImplKt$toCreate$2          : loaded 2 times (x 75B)
Class com.android.build.gradle.internal.dependency.VariantDependencies$computeArtifactCollection$attributesAction$1$1: loaded 2 times (x 79B)
Class com.android.build.api.component.impl.HostTestImpl                               : loaded 2 times (x 431B)
Class com.android.build.api.variant.impl.SourcesImpl                                  : loaded 2 times (x 117B)
Class com.android.build.api.variant.impl.AndroidResourcesImpl                         : loaded 2 times (x 84B)
Class com.android.build.gradle.internal.tasks.factory.GlobalTaskCreationConfigImpl$buildToolsRevision$2: loaded 2 times (x 79B)
Class com.android.build.gradle.internal.dsl.LintImpl$severities$2                     : loaded 2 times (x 79B)
Class com.android.build.gradle.internal.api.artifact.SourceArtifactType$AIDL          : loaded 2 times (x 74B)
Class com.android.build.gradle.internal.api.DefaultAndroidSourceFile                  : loaded 2 times (x 88B)
Class com.android.build.api.dsl.CmakeFlags                                            : loaded 2 times (x 70B)
Class com.android.build.gradle.internal.dsl.KeepRulesImpl                             : loaded 2 times (x 86B)
Class com.android.build.api.dsl.JUnitEngineSpec                                       : loaded 2 times (x 70B)
Class com.android.build.gradle.internal.dsl.JniLibsPackagingImpl$AgpDecorated_Decorated: loaded 2 times (x 138B)
Class com.android.build.gradle.internal.errors.SyncIssueReporterImpl$GlobalSyncIssueService$RegistrationAction: loaded 2 times (x 74B)
Class com.android.build.gradle.internal.utils.AnalyticsSettingsUtils                  : loaded 2 times (x 71B)
Class com.google.gson.internal.bind.ReflectiveTypeAdapterFactory$FieldReflectionAdapter: loaded 2 times (x 77B)
Class com.google.gson.internal.bind.TypeAdapters$19                                   : loaded 2 times (x 75B)
Class com.google.gson.internal.bind.TypeAdapters$6                                    : loaded 2 times (x 75B)
Class com.android.ide.common.blame.Message$Kind                                       : loaded 2 times (x 79B)
Class com.android.build.gradle.internal.plugins.KotlinMultiplatformAndroidPlugin      : loaded 2 times (x 81B)
Class com.android.build.gradle.internal.plugins.BasePlugin$lintDslLifecycleRegistrar$2: loaded 2 times (x 79B)
Class com.android.build.api.variant.HasHostTestsBuilder                               : loaded 2 times (x 70B)
Class com.android.build.api.variant.ComponentBuilder                                  : loaded 2 times (x 70B)
Class com.android.build.api.dsl.SettingsExtension                                     : loaded 2 times (x 70B)
Class com.android.build.api.dsl.CommonExtension                                       : loaded 2 times (x 70B)
Class org.gradle.internal.service.CachingServiceLocator                               : loaded 2 times (x 82B)
Class com.android.repository.impl.generated.generic.v1.GenericDetailsType             : loaded 2 times (x 76B)
Class com.sun.xml.bind.v2.model.impl.ClassInfoImpl$PropertySorter                     : loaded 2 times (x 152B)
Class com.android.sdklib.repository.generated.common.v2.ObjectFactory                 : loaded 2 times (x 75B)
Class com.android.sdklib.repository.generated.addon.v3.ObjectFactory                  : loaded 2 times (x 80B)
Class com.android.build.gradle.internal.SdkFullLoadingStrategy                        : loaded 2 times (x 72B)
Class com.android.build.gradle.internal.lint.AndroidLintTask$SingleVariantCreationAction$Companion: loaded 2 times (x 71B)
Class com.android.build.gradle.internal.dsl.DexOptions                                : loaded 2 times (x 103B)
Class com.android.build.gradle.internal.testing.TestData$Companion                    : loaded 2 times (x 71B)
Class com.android.build.api.artifact.impl.OperationRequestsImplKt$toAppend$1          : loaded 2 times (x 75B)
Class com.android.build.api.artifact.impl.TypedStorageProvider$getArtifact$2$1$1      : loaded 2 times (x 79B)
Class com.android.build.gradle.internal.res.ParseLibraryResourcesTask$CreateAction    : loaded 2 times (x 90B)
Class com.android.build.gradle.internal.scope.InternalArtifactType$SOURCE_SET_PATH_MAP: loaded 2 times (x 74B)
Class com.android.tools.build.jetifier.processor.transform.Transformer                : loaded 2 times (x 70B)
Class com.google.gson.annotations.SerializedName                                      : loaded 2 times (x 70B)
Class com.android.build.gradle.internal.testsuites.TestSuiteBuilder                   : loaded 2 times (x 70B)
Class [Lcom.android.buildanalyzer.common.TaskCategory;                                : loaded 2 times (x 69B)
Class com.android.build.gradle.internal.dsl.CoreExternalNativeBuildOptions            : loaded 2 times (x 70B)
Class com.android.utils.DateProvider                                                  : loaded 2 times (x 70B)
Class com.android.build.gradle.internal.utils.AnalyticsEnabledValueSource$Params      : loaded 2 times (x 70B)
Class com.google.gson.internal.bind.TypeAdapters$7                                    : loaded 2 times (x 75B)
Class com.google.gson.internal.$Gson$Preconditions                                    : loaded 2 times (x 71B)
Class com.android.build.api.artifact.impl.StorageProviderImpl                         : loaded 2 times (x 72B)
Class com.android.build.api.variant.HasHostTests                                      : loaded 2 times (x 70B)
Class com.android.build.gradle.internal.component.AarCreationConfig                   : loaded 2 times (x 70B)
Class com.google.common.collect.RegularImmutableSortedSet                             : loaded 2 times (x 300B)
Class settings_84ctm0aoxhxu6qtk8991iew7s$_run_closure1$_closure2                      : loaded 2 times (x 139B)
Class com.android.build.gradle.internal.BuildToolsExecutableInput_Decorated           : loaded 2 times (x 128B)
Class com.android.build.gradle.internal.EmulatorComponents                            : loaded 2 times (x 72B)
Class com.sun.xml.bind.v2.runtime.reflect.TransducedAccessor$CompositeContextDependentTransducedAccessorImpl: loaded 2 times (x 79B)
Class javax.xml.bind.annotation.adapters.XmlAdapter                                   : loaded 2 times (x 73B)
Class com.sun.xml.bind.v2.model.impl.RuntimeAttributePropertyInfoImpl                 : loaded 2 times (x 144B)
Class com.sun.xml.bind.v2.runtime.reflect.Accessor                                    : loaded 2 times (x 85B)
Class javax.xml.bind.annotation.XmlType$DEFAULT                                       : loaded 2 times (x 71B)
Class com.sun.xml.bind.api.AccessorException                                          : loaded 2 times (x 82B)
Class com.android.build.gradle.internal.SdkLocation                                   : loaded 2 times (x 72B)
Class com.android.build.gradle.internal.tasks.ProcessNavigationXmlTask$CreationAction$configure$1: loaded 2 times (x 78B)
Class com.android.build.gradle.internal.scope.InternalArtifactType$RENDERSCRIPT_GENERATED_RES: loaded 2 times (x 74B)
Class com.android.build.gradle.internal.api.UnitTestVariantImpl_Decorated             : loaded 2 times (x 264B)
Class com.android.build.gradle.internal.scope.GradleAwareFilterData                   : loaded 2 times (x 70B)
Class com.android.build.gradle.internal.dependency.AarResourcesCompilerTransform$Parameters_Decorated: loaded 2 times (x 134B)
Class com.android.build.gradle.internal.dependency.AarResourcesCompilerTransform$Parameters: loaded 2 times (x 70B)
Class com.android.build.gradle.internal.scope.InternalArtifactType$LINT_TEXT_REPORT   : loaded 2 times (x 74B)
Class com.android.build.api.artifact.impl.OperationRequestsImplKt$toAppend$2          : loaded 2 times (x 75B)
Class com.android.build.api.artifact.impl.InternalScopedArtifact                      : loaded 2 times (x 74B)
Class com.android.build.gradle.internal.core.dsl.impl.SigningConfigResolver           : loaded 2 times (x 72B)
Class com.android.build.gradle.internal.tasks.featuresplit.FeatureSplitUtils          : loaded 2 times (x 71B)
Class com.android.build.gradle.internal.tasks.MergeNativeLibsTask$CreationAction      : loaded 2 times (x 90B)
Class com.android.tools.build.jetifier.processor.transform.proguard.ProGuardTypesMapper$Companion: loaded 2 times (x 71B)
Class com.android.build.gradle.internal.component.features.ResValuesCreationConfig    : loaded 2 times (x 70B)
Class com.android.build.gradle.internal.scope.InternalArtifactType                    : loaded 2 times (x 74B)
Class com.android.build.gradle.internal.dsl.SdkComponentsImpl$adb$1                   : loaded 2 times (x 75B)
Class com.android.build.gradle.internal.dsl.ManagedVirtualDeviceFactory               : loaded 2 times (x 75B)
Class com.android.build.gradle.internal.dsl.ManagedVirtualDevice                      : loaded 2 times (x 121B)
Class com.android.build.gradle.internal.api.AndroidSourceSetName                      : loaded 2 times (x 72B)
Class org.objectweb.asm.commons.InstructionAdapter                                    : loaded 2 times (x 188B)
Class com.android.build.api.dsl.BundleAbi                                             : loaded 2 times (x 70B)
Class com.android.build.gradle.internal.services.LintClassLoaderBuildService          : loaded 2 times (x 80B)
Class com.android.build.gradle.internal.attribution.BuildAnalyzerConfiguratorService$initBuildAnalyzerService$1: loaded 2 times (x 75B)
Class com.google.gson.internal.bind.CollectionTypeAdapterFactory$Adapter              : loaded 2 times (x 74B)
Class com.google.gson.internal.bind.TypeAdapters$8                                    : loaded 2 times (x 75B)
Class com.android.build.gradle.internal.tasks.LintCompile                             : loaded 2 times (x 320B)
Class com.android.build.gradle.options.ProjectOptionService$RegistrationAction        : loaded 2 times (x 74B)
Class com.android.build.gradle.internal.services.DslServices                          : loaded 2 times (x 70B)
Class com.sun.xml.bind.v2.runtime.reflect.Lister$1                                    : loaded 2 times (x 76B)
Class com.sun.xml.bind.v2.model.nav.ReflectionNavigator$1                             : loaded 2 times (x 81B)
Class com.sun.xml.bind.v2.util.TypeCast                                               : loaded 2 times (x 71B)
Class com.android.repository.impl.meta.TypeDetails$GenericType                        : loaded 2 times (x 70B)
Class com.android.repository.impl.generated.v1.ArchiveType                            : loaded 2 times (x 96B)
Class com.android.build.gradle.internal.SdkDirectLoadingStrategy$components$2         : loaded 2 times (x 79B)
Class com.android.build.gradle.internal.tasks.ValidateResourcesTask_Decorated         : loaded 2 times (x 375B)
Class com.android.build.gradle.internal.tasks.ProcessNavigationXmlTask$CreationAction$configure$2: loaded 2 times (x 79B)
Class com.android.ide.common.resources.MergingException                               : loaded 2 times (x 83B)
Class com.android.build.gradle.internal.tasks.BuildAnalyzer                           : loaded 2 times (x 70B)
Class com.android.build.gradle.internal.DependencyConfigurator$Companion              : loaded 2 times (x 71B)
Class com.android.build.gradle.internal.SdkLibDataFactory$Environment$SystemProperty  : loaded 2 times (x 79B)
Class com.android.build.api.component.impl.features.NativeBuildCreationConfigImpl$externalNativeBuild$2: loaded 2 times (x 79B)
Class com.android.build.gradle.internal.tasks.R8TaskKt                                : loaded 2 times (x 71B)
Class com.android.build.gradle.internal.res.ParseLibraryResourcesTask$CreateAction$handleProvider$1: loaded 2 times (x 127B)
Class com.android.build.gradle.internal.variant.BaseVariantData$DiscoverableFilterType$LANGUAGE: loaded 2 times (x 80B)
Class com.android.build.gradle.internal.tasks.ValidateResourcesTask$CreateAction$handleProvider$1: loaded 2 times (x 127B)
Class com.android.build.api.variant.ApkOutputProviders                                : loaded 2 times (x 70B)
Class com.android.build.gradle.internal.core.dsl.ComponentDslInfo$DslDefinedHostTest  : loaded 2 times (x 72B)
Class com.android.build.gradle.internal.core.dsl.impl.features.OptimizationDslInfoImpl$mergeOptions$1: loaded 2 times (x 78B)
Class com.android.builder.signing.DefaultSigningConfig$DebugSigningConfig             : loaded 2 times (x 72B)
Class com.android.build.gradle.internal.core.dsl.impl.features.DeviceTestOptionsDslInfoImpl: loaded 2 times (x 84B)
Class com.android.build.gradle.internal.core.dsl.features.TestOptionsDslInfo          : loaded 2 times (x 70B)
Class com.android.build.gradle.internal.dsl.DexPackagingImpl$AgpDecorated             : loaded 2 times (x 83B)
Class com.android.build.VariantOutput                                                 : loaded 2 times (x 70B)
Class com.android.build.api.artifact.Artifact$Single                                  : loaded 2 times (x 74B)
Class com.android.build.api.dsl.Optimization                                          : loaded 2 times (x 70B)
Class com.android.build.gradle.internal.dsl.DependenciesInfoImpl                      : loaded 2 times (x 81B)
Class com.android.build.api.dsl.TestProductFlavor                                     : loaded 2 times (x 70B)
Class com.android.build.gradle.internal.services.AndroidLocationsBuildService$AndroidDirectoryCreator$Params$Inject_: loaded 2 times (x 108B)
Class com.android.prefs.LocationValue                                                 : loaded 2 times (x 70B)
Class com.android.build.gradle.internal.scope.BuildFeatureValues                      : loaded 2 times (x 70B)
Class com.android.build.gradle.internal.attribution.BuildAnalyzerConfiguratorService$RegistrationAction: loaded 2 times (x 74B)
Class com.android.build.gradle.internal.res.Aapt2FromMaven$Companion$DefaultAapt2Version: loaded 2 times (x 71B)
Class com.google.gson.internal.bind.TypeAdapters$9                                    : loaded 2 times (x 75B)
Class com.android.build.gradle.internal.manifest.ManifestValueSource$Params_Decorated : loaded 2 times (x 130B)
Class com.android.build.gradle.internal.dependency.VariantDependenciesBuilder         : loaded 2 times (x 82B)
Class com.android.build.gradle.internal.plugins.DynamicFeaturePlugin                  : loaded 2 times (x 96B)
Class com.android.build.gradle.internal.NdkHandlerInput_Decorated                     : loaded 2 times (x 121B)
Class com.sun.xml.bind.v2.runtime.reflect.Lister$2                                    : loaded 2 times (x 77B)
Class com.sun.xml.bind.v2.runtime.reflect.DefaultTransducedAccessor                   : loaded 2 times (x 79B)
Class javax.xml.bind.annotation.XmlAccessorType                                       : loaded 2 times (x 70B)
Class com.sun.xml.bind.v2.model.annotation.XmlTransientQuick                          : loaded 2 times (x 90B)
Class com.sun.xml.bind.v2.model.nav.ReflectionNavigator$2                             : loaded 2 times (x 81B)
Class com.sun.xml.bind.v2.model.impl.EnumLeafInfoImpl                                 : loaded 2 times (x 128B)
Class javax.xml.bind.ServiceLoaderUtil$ExceptionHandler                               : loaded 2 times (x 72B)
Class com.android.ide.common.resources.SourceSet                                      : loaded 2 times (x 70B)
Class com.android.build.gradle.internal.publishing.AppVariantSpecBuilder              : loaded 2 times (x 90B)
Class com.android.build.gradle.internal.dependency.DexingOutputSplitTransform$Parameters_Decorated: loaded 2 times (x 135B)
Class com.android.build.gradle.internal.dependency.DexingOutputSplitTransform$Parameters: loaded 2 times (x 70B)
Class com.android.build.api.variant.impl.ManifestFilesImpl$allStatic$1                : loaded 2 times (x 74B)
Class com.android.build.api.artifact.impl.TypedStorageProvider$getArtifact$2$1        : loaded 2 times (x 79B)
Class com.android.build.gradle.tasks.JavaPreCompileTask$CreationAction                : loaded 2 times (x 90B)
Class com.android.build.gradle.internal.publishing.AndroidArtifacts                   : loaded 2 times (x 71B)
Class com.android.build.gradle.internal.core.dsl.impl.features.OptimizationDslInfoImpl$mergeOptions$2: loaded 2 times (x 78B)
Class com.android.build.gradle.internal.testsuites.HasTestSuitesBuilder               : loaded 2 times (x 70B)
Class com.android.build.gradle.internal.core.dsl.impl.features.PrivacySandboxDslInfoImpl: loaded 2 times (x 75B)
Class com.android.build.gradle.internal.utils.KgpUtils$syncAgpAndKgpSources$kotlinSourceSets$2: loaded 2 times (x 79B)
Class com.android.build.gradle.internal.dsl.MinSdkDelegate$minSdk$2$1                 : loaded 2 times (x 79B)
Class com.android.build.gradle.internal.core.SettingsOptionsKt                        : loaded 2 times (x 71B)
Class com.android.build.gradle.internal.api.artifact.SourceArtifactType$JAVA_RESOURCES: loaded 2 times (x 74B)
Class com.android.build.gradle.api.AndroidSourceFile                                  : loaded 2 times (x 70B)
Class org.objectweb.asm.commons.LocalVariablesSorter                                  : loaded 2 times (x 110B)
Class com.android.build.api.dsl.ViewBinding                                           : loaded 2 times (x 70B)
Class com.android.build.gradle.internal.dsl.DexPackagingImpl                          : loaded 2 times (x 70B)
Class com.android.build.gradle.internal.dsl.AssetPackBundleExtensionImpl              : loaded 2 times (x 70B)
Class com.android.build.gradle.internal.dsl.decorator.SupportedPropertyType$Var$String: loaded 2 times (x 74B)
Class com.android.build.gradle.internal.services.BuiltInKotlinServicesKt$initBuiltInKotlinSupportIfRequired$1: loaded 2 times (x 75B)
Class com.android.prefs.PathLocator                                                   : loaded 2 times (x 73B)
Class com.android.build.api.attributes.AgpVersionAttr                                 : loaded 2 times (x 70B)
Class com.android.build.gradle.internal.profile.NoOpAnalyticsConfiguratorService      : loaded 2 times (x 82B)
Class com.android.tools.analytics.AnalyticsSettingsData$DataTypeAdapter               : loaded 2 times (x 73B)
Class com.google.gson.JsonParseException                                              : loaded 2 times (x 82B)
Class com.android.build.api.variant.AnnotationProcessor                               : loaded 2 times (x 70B)
Class com.sun.xml.bind.v2.runtime.unmarshaller.Patcher                                : loaded 2 times (x 70B)
Class com.sun.xml.bind.v2.model.nav.ReflectionNavigator$3                             : loaded 2 times (x 77B)
Class com.sun.xml.bind.v2.model.annotation.XmlValueQuick                              : loaded 2 times (x 90B)
Class com.sun.istack.Pool                                                             : loaded 2 times (x 70B)
Class com.android.repository.impl.generated.v2.ArchivesType                           : loaded 2 times (x 75B)
Class com.android.build.gradle.internal.FileExistsValueSource$Params                  : loaded 2 times (x 70B)
Class com.android.repository.Revision$PreviewComparison                               : loaded 2 times (x 79B)
Class com.android.build.gradle.internal.ide.FilterDataImpl                            : loaded 2 times (x 80B)
Class com.android.build.gradle.internal.dependency.AarToClassTransform$Companion      : loaded 2 times (x 71B)
Class com.android.build.gradle.internal.scope.InternalArtifactType$ANALYZE_DEPENDENCIES_REPORT: loaded 2 times (x 74B)
Class com.android.build.gradle.internal.HostTestTaskManager$setupAssembleTasks$1      : loaded 2 times (x 75B)
Class com.android.build.gradle.internal.tasks.DexFileDependenciesTask$CreationAction$handleProvider$1: loaded 2 times (x 127B)
Class com.android.build.gradle.internal.scope.InternalArtifactType$SYMBOL_LIST_WITH_PACKAGE_NAME: loaded 2 times (x 74B)
Class com.android.tools.build.jetifier.core.type.JavaType                             : loaded 2 times (x 72B)
Class com.android.build.gradle.internal.VariantManager$createVariantsFromCombination$variantExtensionConfig$1: loaded 2 times (x 78B)
Class com.android.build.api.component.impl.DeviceTestImpl$dexing$2                    : loaded 2 times (x 79B)
Class com.android.build.gradle.internal.core.dsl.impl.features.AndroidResourcesDslInfoImpl: loaded 2 times (x 81B)
Class com.android.build.gradle.internal.core.dsl.ComponentDslInfo$DslDefinedDeviceTest: loaded 2 times (x 72B)
Class com.android.build.api.variant.GeneratesApkBuilder                               : loaded 2 times (x 70B)
Class com.android.build.gradle.internal.lint.LintTaskManager$createBeforeEvaluateLintTasks$1: loaded 2 times (x 75B)
Class com.android.build.gradle.internal.lint.LintTaskManager$Companion                : loaded 2 times (x 71B)
Class com.android.build.gradle.internal.crash.ExternalApiUsageException               : loaded 2 times (x 82B)
Class [Lcom.android.build.api.variant.ScopedArtifacts$Scope;                          : loaded 2 times (x 69B)
Class com.android.build.gradle.internal.dsl.EmulatorControl$AgpDecorated              : loaded 2 times (x 88B)
Class com.android.build.api.dsl.MinSdkSpec                                            : loaded 2 times (x 70B)
Class com.android.build.gradle.internal.dsl.JUnitEngineSpecImpl                       : loaded 2 times (x 84B)
Class com.android.build.gradle.internal.dsl.ApplicationPublishingImpl                 : loaded 2 times (x 81B)
Class com.android.build.gradle.internal.services.BuiltInKotlinServicesKt$initBuiltInKotlinSupportIfRequired$2: loaded 2 times (x 75B)
Class com.android.build.gradle.internal.errors.IncompatibleProjectOptionsReporter     : loaded 2 times (x 71B)
Class com.google.wireless.android.sdk.stats.GradleBuildVariantOrBuilder               : loaded 2 times (x 70B)
Class com.android.build.gradle.internal.profile.AnalyticsService$Params_Decorated     : loaded 2 times (x 151B)
Class com.android.sdklib.AndroidVersion                                               : loaded 2 times (x 75B)
Class com.android.Version                                                             : loaded 2 times (x 71B)
Class org.gradle.internal.classloader.ClasspathUtil                                   : loaded 2 times (x 71B)
Class com.android.build.gradle.internal.EmulatorComponents$Companion                  : loaded 2 times (x 71B)
Class com.sun.xml.bind.v2.runtime.property.UnmarshallerChain                          : loaded 2 times (x 72B)
Class com.sun.istack.SAXException2                                                    : loaded 2 times (x 83B)
Class com.sun.xml.bind.v2.runtime.unmarshaller.TextLoader                             : loaded 2 times (x 78B)
Class com.sun.xml.bind.v2.TODO                                                        : loaded 2 times (x 71B)
Class com.sun.xml.bind.v2.model.runtime.RuntimeElementPropertyInfo                    : loaded 2 times (x 70B)
Class com.sun.xml.bind.v2.model.nav.ReflectionNavigator$4                             : loaded 2 times (x 77B)
Class com.sun.xml.bind.v2.model.impl.RuntimeBuiltinLeafInfoImpl$20                    : loaded 2 times (x 136B)
Class com.android.sdklib.repository.generated.sysimg.v2.ObjectFactory                 : loaded 2 times (x 75B)
Class com.android.build.gradle.internal.SdkComponentsBuildService$VersionedSdkLoader$additionalLibrariesProvider$1: loaded 2 times (x 75B)
Class com.android.build.gradle.internal.GradleLocalPropertiesFactory                  : loaded 2 times (x 71B)
Class com.android.build.gradle.internal.tasks.factory.BootClasspathConfigImpl$bootClasspath$2$1: loaded 2 times (x 127B)
Class com.android.build.gradle.internal.DependencyConfigurator$configureGeneralTransforms$9$1: loaded 2 times (x 74B)
Class com.android.build.gradle.internal.HostTestTaskManager$setupAssembleTasks$2      : loaded 2 times (x 75B)
Class com.android.build.api.component.impl.DefaultSourcesProviderImpl$defaultJavaSources$1: loaded 2 times (x 78B)
Class com.android.build.gradle.internal.scope.InternalArtifactType$PROJECT_DEX_ARCHIVE: loaded 2 times (x 74B)
Class com.android.build.gradle.tasks.ManifestProcessorTask                            : loaded 2 times (x 327B)
Class com.android.tools.build.jetifier.processor.transform.TransformationContext      : loaded 2 times (x 72B)
Class com.android.build.gradle.internal.component.features.AndroidResourcesCreationConfig: loaded 2 times (x 70B)
Class com.google.common.base.Charsets                                                 : loaded 2 times (x 71B)
Class com.android.build.api.dsl.ComposeOptions                                        : loaded 2 times (x 70B)
Class com.android.build.gradle.internal.dsl.NdkOptions$DebugSymbolLevel               : loaded 2 times (x 79B)
Class com.android.build.gradle.internal.variant.ApkVariantData                        : loaded 2 times (x 72B)
Class com.android.build.api.dsl.VectorDrawables                                       : loaded 2 times (x 70B)
Class com.android.build.gradle.internal.dsl.ViewBindingOptionsImpl                    : loaded 2 times (x 84B)
Class com.android.build.gradle.internal.dsl.ResourcesPackagingImpl                    : loaded 2 times (x 82B)
Class com.android.build.gradle.internal.dsl.BundleOptions                             : loaded 2 times (x 135B)
Class com.android.build.gradle.internal.SdkComponentsBuildService$Parameters          : loaded 2 times (x 70B)
Class com.android.build.gradle.internal.services.AndroidLocationsBuildService$androidLocations$1$1: loaded 2 times (x 75B)
Class com.android.build.gradle.options.FeatureStage$Supported                         : loaded 2 times (x 72B)
Class com.google.common.util.concurrent.MoreExecutors                                 : loaded 2 times (x 71B)
Class com.android.builder.model.v2.ide.ProjectType                                    : loaded 2 times (x 79B)
Class [Lcom.sun.xml.bind.v2.model.core.PropertyInfo;                                  : loaded 2 times (x 69B)
Class com.sun.xml.bind.v2.model.nav.ReflectionNavigator$5                             : loaded 2 times (x 77B)
Class com.sun.xml.bind.v2.model.impl.RuntimeBuiltinLeafInfoImpl$21                    : loaded 2 times (x 136B)
Class com.sun.xml.bind.v2.model.runtime.RuntimeTypeInfo                               : loaded 2 times (x 70B)
Class com.android.sdklib.repository.IdDisplay                                         : loaded 2 times (x 80B)
Class com.android.builder.model.SyncIssue                                             : loaded 2 times (x 70B)
Class com.android.build.gradle.internal.scope.InternalArtifactType$SOURCE_JAR         : loaded 2 times (x 74B)
Class [Lcom.android.build.api.variant.VariantOutputConfiguration$OutputType;          : loaded 2 times (x 69B)
Class com.android.build.api.variant.impl.FlatSourceDirectoriesImpl                    : loaded 2 times (x 92B)
Class com.android.build.api.artifact.impl.InAndOutDirectoryOperationRequestImpl$Companion$initializeInput$1: loaded 2 times (x 75B)
Class com.android.build.gradle.internal.tasks.factory.features.OptimizationTaskCreationAction: loaded 2 times (x 70B)
Class com.android.build.api.variant.impl.PackagingImpl                                : loaded 2 times (x 80B)
Class com.android.build.gradle.internal.scope.InternalArtifactType$COMPILE_SYMBOL_LIST: loaded 2 times (x 74B)
Class com.android.tools.build.jetifier.processor.transform.proguard.ProGuardClassFilterParser: loaded 2 times (x 72B)
Class com.android.tools.build.jetifier.core.config.Config                             : loaded 2 times (x 72B)
Class com.android.build.gradle.internal.VariantManager$createVariantsFromCombination$9: loaded 2 times (x 79B)
Class com.android.build.gradle.internal.core.dsl.HostTestComponentDslInfo             : loaded 2 times (x 70B)
Class com.android.build.api.component.impl.AnnotationProcessorImpl                    : loaded 2 times (x 77B)
Class [Lcom.android.build.gradle.internal.profile.ProfilingMode;                      : loaded 2 times (x 69B)
Class com.android.build.gradle.internal.TaskManager$ConfigAttrTask                    : loaded 2 times (x 312B)
Class com.android.builder.core.AbstractBuildType$Companion                            : loaded 2 times (x 71B)
Class com.android.builder.testing.api.TestServer                                      : loaded 2 times (x 74B)
Class com.android.build.gradle.internal.dsl.ShaderOptions_Decorated                   : loaded 2 times (x 131B)
Class com.android.tools.build.jetifier.core.PackageMap                                : loaded 2 times (x 72B)
Class com.android.build.api.dsl.KmpOptimization                                       : loaded 2 times (x 70B)
Class com.android.build.gradle.internal.dsl.decorator.SupportedPropertyType$Var       : loaded 2 times (x 74B)
Class com.android.builder.signing.DefaultSigningConfig                                : loaded 2 times (x 109B)
Class com.android.build.gradle.internal.services.LintClassLoaderBuildService$RegistrationAction: loaded 2 times (x 74B)
Class com.android.build.gradle.internal.utils.GradleEnvironmentProvider               : loaded 2 times (x 70B)
Class [Lcom.google.wireless.android.sdk.stats.GradleBuildProfileSpan$ExecutionType;   : loaded 2 times (x 69B)
Class com.android.tools.analytics.HostData$garbageCollectorBeans$2                    : loaded 2 times (x 78B)
Class com.android.build.gradle.internal.utils.AnalyticsSettingsUtils$analyticsEnabledProvider$1: loaded 2 times (x 74B)
Class com.android.build.gradle.internal.TaskManager$PreBuildCreationAction            : loaded 2 times (x 91B)
Class com.android.utils.Environment$Companion$SYSTEM$1                                : loaded 2 times (x 74B)
Class com.android.build.gradle.internal.TaskManager                                   : loaded 2 times (x 82B)
Class org.gradle.api.specs.Spec                                                       : loaded 2 times (x 70B)
Class com.android.sdklib.repository.generated.addon.v3.ExtraDetailsType               : loaded 2 times (x 85B)
Class com.sun.xml.bind.v2.model.impl.RuntimeBuiltinLeafInfoImpl$22                    : loaded 2 times (x 136B)
Class com.sun.xml.bind.v2.model.nav.ReflectionNavigator$6                             : loaded 2 times (x 81B)
Class com.android.sdklib.BuildToolInfo$PathId                                         : loaded 2 times (x 79B)
Class com.android.build.gradle.internal.dependency.BaseDexingTransform$Parameters     : loaded 2 times (x 70B)
Class com.android.build.gradle.internal.dependency.AarToClassTransform$Inject_1       : loaded 2 times (x 109B)
Class com.android.build.gradle.internal.tasks.CheckJetifierTask                       : loaded 2 times (x 323B)
Class com.android.build.api.variant.ManifestFiles                                     : loaded 2 times (x 70B)
Class com.android.build.api.variant.impl.FlatSourceDirectoriesImpl$addSource$1        : loaded 2 times (x 75B)
Class com.android.build.gradle.internal.lint.LintModelWriterTask$Companion$registerOutputArtifacts$1: loaded 2 times (x 127B)
Class com.android.build.api.variant.ResourcesPackaging                                : loaded 2 times (x 70B)
Class com.android.build.gradle.tasks.MergeSourceSetFolders$MergeShaderSourceFoldersCreationAction$handleProvider$1: loaded 2 times (x 127B)
Class com.android.build.gradle.tasks.GenerateResValues$CreationAction$handleProvider$1: loaded 2 times (x 127B)
Class com.android.tools.build.jetifier.core.rule.RewriteRulesMap$Companion            : loaded 2 times (x 71B)
Class com.android.build.gradle.internal.tasks.factory.TaskConfigAction                : loaded 2 times (x 70B)
Class com.android.build.gradle.internal.dsl.AndroidTestImpl$AgpDecorated_Decorated    : loaded 2 times (x 125B)
Class com.android.build.gradle.internal.ide.v2.NativeModelBuilder$configurationModels$2: loaded 2 times (x 79B)
Class com.android.build.gradle.internal.attribution.BuildAnalyzerIssueReporter$Companion: loaded 2 times (x 71B)
Class com.android.build.api.artifact.impl.ScopedArtifactsImpl                         : loaded 2 times (x 75B)
Class com.android.build.api.artifact.impl.ArtifactsImpl                               : loaded 2 times (x 81B)
Class com.android.build.gradle.internal.core.ToolExecutionOptions                     : loaded 2 times (x 72B)
Class com.android.build.gradle.LintLifecycleExtensionImpl                             : loaded 2 times (x 80B)
Class com.android.build.gradle.internal.api.artifact.SourceArtifactType$JNI_LIBS      : loaded 2 times (x 74B)
Class com.android.build.gradle.internal.dsl.CoreShaderOptions                         : loaded 2 times (x 70B)
Class com.android.build.api.dsl.DependencyVariantSelection                            : loaded 2 times (x 70B)
Class com.android.build.gradle.internal.dsl.decorator.SupportedPropertyType$Var$Custom: loaded 2 times (x 74B)
Class com.android.build.gradle.internal.dsl.AgpDslLockedException                     : loaded 2 times (x 82B)
Class com.android.build.gradle.internal.plugins.BasePlugin$variantInputModel$2$1      : loaded 2 times (x 79B)
Class com.android.build.gradle.internal.services.Aapt2DaemonBuildService              : loaded 2 times (x 80B)
Class com.android.build.gradle.internal.ide.v2.GlobalSyncService                      : loaded 2 times (x 80B)
Class [Lcom.google.protobuf.ProtocolMessageEnum;                                      : loaded 2 times (x 69B)
Class com.google.protobuf.LazyStringArrayList                                         : loaded 2 times (x 314B)
Class com.android.build.gradle.internal.scope.ProjectInfo                             : loaded 2 times (x 72B)
Class com.google.gson.internal.sql.SqlDateTypeAdapter                                 : loaded 2 times (x 74B)
Class com.android.build.gradle.internal.dependency.VariantDependencies$Companion$WhenMappings: loaded 2 times (x 71B)
Class com.android.build.api.variant.HasAndroidResources                               : loaded 2 times (x 70B)
Class com.android.build.gradle.internal.component.VariantCreationConfig               : loaded 2 times (x 70B)
Class com.android.build.api.variant.VariantBuilder                                    : loaded 2 times (x 70B)
Class com.sun.xml.bind.v2.model.nav.ParameterizedTypeImpl                             : loaded 2 times (x 85B)
Class com.sun.xml.bind.v2.runtime.reflect.Accessor$GetterSetterReflection             : loaded 2 times (x 85B)
Class com.sun.xml.bind.v2.model.impl.RuntimeBuiltinLeafInfoImpl$23                    : loaded 2 times (x 136B)
Class javax.activation.DataHandler                                                    : loaded 2 times (x 92B)
Class com.sun.xml.bind.v2.model.runtime.RuntimeTypeInfoSet                            : loaded 2 times (x 70B)
Class com.sun.xml.bind.v2.model.impl.TypeInfoSetImpl                                  : loaded 2 times (x 111B)
Class com.android.repository.api.RepoPackage                                          : loaded 2 times (x 70B)
Class com.android.ide.common.resources.ResourceMerger                                 : loaded 2 times (x 101B)
Class javax.xml.bind.JAXBException                                                    : loaded 2 times (x 85B)
Class com.android.ide.common.resources.DataSet                                        : loaded 2 times (x 113B)
Class com.android.build.VariantOutput$FilterType                                      : loaded 2 times (x 79B)
Class com.android.build.gradle.internal.dependency.CollectClassesTransform$Inject_1   : loaded 2 times (x 109B)
Class com.android.build.gradle.internal.dependency.PlatformAttrTransform$Inject_1     : loaded 2 times (x 109B)
Class [Lcom.android.build.gradle.internal.SdkLibDataFactory$Environment$SystemProperty;: loaded 2 times (x 69B)
Class com.android.build.gradle.tasks.AnalyzeDependenciesTask$CreationAction$handleProvider$1: loaded 2 times (x 127B)
Class com.android.build.gradle.internal.lint.LintModelWriterTask$Companion$registerOutputArtifacts$2: loaded 2 times (x 127B)
Class com.android.build.gradle.internal.test.TestDataImpl$libraryType$1               : loaded 2 times (x 79B)
Class com.android.build.api.variant.impl.ManifestFilesImpl$addSource$1                : loaded 2 times (x 75B)
Class com.android.build.gradle.internal.HostTestTaskManager                           : loaded 2 times (x 82B)
Class com.android.tools.build.jetifier.core.pom.PomRewriteRule$JsonData               : loaded 2 times (x 72B)
Class com.android.build.gradle.internal.core.dsl.impl.InstrumentedTestDslInfoImpl$functionalTest$2: loaded 2 times (x 74B)
Class com.android.build.api.variant.impl.AndroidResourcesImplKt                       : loaded 2 times (x 71B)
Class com.android.build.gradle.internal.variant.VariantPathHelper$apkLocation$2       : loaded 2 times (x 79B)
Class com.android.build.api.attributes.BuildTypeAttr$ImplFactory                      : loaded 2 times (x 75B)
Class com.android.builder.errors.IssueReporter$Type                                   : loaded 2 times (x 79B)
Class com.android.build.gradle.api.AndroidBasePlugin                                  : loaded 2 times (x 74B)
Class com.android.build.gradle.internal.dsl.DensitySplitOptions$AgpDecorated_Decorated: loaded 2 times (x 153B)
Class com.android.build.gradle.internal.dsl.AbiSplitOptions$AgpDecorated              : loaded 2 times (x 98B)
Class com.android.build.api.artifact.Artifact$Category                                : loaded 2 times (x 79B)
Class com.android.build.gradle.internal.dsl.FusedLibraryExtensionImpl                 : loaded 2 times (x 90B)
Class com.android.build.gradle.internal.dsl.BundleOptionsAiModelVersion               : loaded 2 times (x 81B)
Class com.android.build.api.dsl.Publishing                                            : loaded 2 times (x 70B)
Class com.android.build.api.dsl.TargetSdkVersion                                      : loaded 2 times (x 70B)
Class [Lcom.android.build.gradle.internal.profile.AnalyticsConfiguratorService$State; : loaded 2 times (x 69B)
Class com.android.build.gradle.tasks.ExtractDeepLinksTask$BaseCreationAction          : loaded 2 times (x 93B)
Class com.google.protobuf.UninitializedMessageException                               : loaded 2 times (x 84B)
Class com.android.build.gradle.internal.BuildFeaturesUtils                            : loaded 2 times (x 71B)
Class com.sun.xml.bind.v2.runtime.reflect.Lister                                      : loaded 2 times (x 76B)
Class com.sun.xml.bind.v2.model.core.NonElementRef                                    : loaded 2 times (x 70B)
Class com.sun.xml.bind.v2.model.impl.RegistryInfoImpl                                 : loaded 2 times (x 80B)
Class com.sun.xml.bind.v2.model.annotation.XmlAttributeQuick                          : loaded 2 times (x 93B)
Class com.sun.xml.bind.v2.model.impl.RuntimeBuiltinLeafInfoImpl$24                    : loaded 2 times (x 137B)
Class com.sun.xml.bind.Util                                                           : loaded 2 times (x 71B)
Class com.android.sdklib.repository.generated.common.v3.ObjectFactory                 : loaded 2 times (x 75B)
Class com.android.repository.api.SchemaModule                                         : loaded 2 times (x 76B)
Class [Lcom.android.sdklib.BuildToolInfo$PathId;                                      : loaded 2 times (x 69B)
Class com.android.build.api.variant.ApplicationAndroidResources                       : loaded 2 times (x 70B)
Class com.android.build.gradle.internal.api.TestVariantImpl_Decorated                 : loaded 2 times (x 307B)
Class com.android.build.gradle.internal.dependency.EnumerateClassesTransform          : loaded 2 times (x 78B)
Class com.android.build.api.component.impl.DefaultSourcesProviderImpl$getJniLibs$1    : loaded 2 times (x 127B)
Class com.android.build.gradle.tasks.MergeSourceSetFolders$MergeAssetCreationAction   : loaded 2 times (x 91B)
Class [Lcom.android.build.gradle.internal.dsl.ModulePropertyKey$OptionalBoolean;      : loaded 2 times (x 69B)
Class com.android.tools.build.jetifier.core.config.ConfigParser                       : loaded 2 times (x 71B)
Class com.android.build.gradle.internal.core.dsl.impl.AndroidTestComponentDslInfoImpl$dexingDslInfo$2: loaded 2 times (x 79B)
Class com.android.build.gradle.internal.publishing.ArtifactCategory                   : loaded 2 times (x 79B)
Class com.android.build.gradle.internal.plugins.BasePlugin$createTasks$2$1            : loaded 2 times (x 75B)
Class com.android.build.gradle.internal.ide.v2.NativeModelBuilder                     : loaded 2 times (x 87B)
Class com.android.build.gradle.api.BaseVariant                                        : loaded 2 times (x 70B)
Class com.android.build.gradle.internal.dsl.TestOptions$UnitTestOptions               : loaded 2 times (x 84B)
Class com.android.build.api.dsl.MultiDexConfig                                        : loaded 2 times (x 70B)
Class com.android.build.gradle.internal.dsl.AbiSplitOptions                           : loaded 2 times (x 95B)
Class com.android.build.gradle.internal.services.BuiltInKotlinServicesKt              : loaded 2 times (x 71B)
Class com.android.build.gradle.internal.profile.AnalyticsConfiguratorService$Params   : loaded 2 times (x 70B)
Class com.android.build.gradle.internal.attribution.BuildAnalyzerService$RegistrationAction: loaded 2 times (x 75B)
Class com.android.build.gradle.internal.lint.LintFromMaven                            : loaded 2 times (x 72B)
Class com.google.gson.internal.bind.ReflectiveTypeAdapterFactory$RecordAdapter        : loaded 2 times (x 77B)
Class com.android.sdklib.repository.targets.OptionalLibraryImpl                       : loaded 2 times (x 84B)
Class com.sun.xml.bind.v2.runtime.unmarshaller.DefaultIDResolver$1                    : loaded 2 times (x 76B)
Class com.sun.xml.bind.v2.model.runtime.RuntimeNonElementRef                          : loaded 2 times (x 70B)
Class com.sun.xml.bind.v2.runtime.reflect.Accessor$FieldReflection                    : loaded 2 times (x 85B)
Class com.sun.xml.bind.v2.runtime.unmarshaller.Base64Data                             : loaded 2 times (x 89B)
Class com.android.build.gradle.tasks.MergeSourceSetFolders$MergeAssetBaseCreationAction$configure$1: loaded 2 times (x 79B)
Class com.android.build.gradle.internal.SdkLibDataFactory$Environment                 : loaded 2 times (x 72B)
Class com.android.build.gradle.internal.test.TestDataImpl                             : loaded 2 times (x 111B)
Class com.android.build.gradle.internal.scope.InternalArtifactType$COMPILED_LOCAL_RESOURCES: loaded 2 times (x 74B)
Class com.android.build.api.artifact.ScopedArtifact                                   : loaded 2 times (x 74B)
Class com.android.tools.build.jetifier.processor.TimestampsPolicy$Companion           : loaded 2 times (x 71B)
Class com.google.gson.internal.reflect.ReflectionHelper$RecordNotSupportedHelper      : loaded 2 times (x 78B)
Class com.android.build.gradle.internal.core.dsl.impl.DslInfoBuilder$computeNames$1   : loaded 2 times (x 79B)
Class com.android.build.gradle.internal.ide.v2.ModelBuilder                           : loaded 2 times (x 80B)
Class com.android.build.gradle.internal.dsl.JniLibsPackagingImpl$AgpDecorated         : loaded 2 times (x 93B)
Class com.android.build.gradle.tasks.ProcessTestManifest$CreationAction$handleProvider$1: loaded 2 times (x 127B)
Class com.android.build.api.artifact.ArtifactKind$FILE                                : loaded 2 times (x 72B)
Class com.android.build.api.dsl.PrivacySandboxKeepRules                               : loaded 2 times (x 70B)
Class com.android.build.gradle.internal.dsl.AnnotationProcessorOptions                : loaded 2 times (x 102B)
Class com.android.build.gradle.internal.dsl.AarMetadataImpl                           : loaded 2 times (x 70B)
Class com.android.build.gradle.internal.dsl.decorator.SupportedPropertyType$Var$Boolean: loaded 2 times (x 74B)
Class com.android.build.gradle.internal.dsl.VariantDimensionBinaryCompatibilityFix    : loaded 2 times (x 70B)
Class com.android.build.gradle.internal.utils.GradleEnvironmentProviderImpl           : loaded 2 times (x 76B)
Class com.google.protobuf.Internal$LongList                                           : loaded 2 times (x 70B)
Class com.google.gson.internal.$Gson$Types                                            : loaded 2 times (x 71B)
Class com.google.gson.JsonDeserializer                                                : loaded 2 times (x 70B)
Class com.google.gson.JsonIOException                                                 : loaded 2 times (x 82B)
Class com.android.build.gradle.internal.tasks.SigningConfigWriterTask$CreationAction$handleProvider$1: loaded 2 times (x 127B)
Class com.android.build.gradle.options.OptionalBooleanOption                          : loaded 2 times (x 85B)
Class com.android.build.gradle.internal.plugins.BasePlugin$variantInputModel$2        : loaded 2 times (x 79B)
Class [Lcom.sun.xml.bind.v2.runtime.property.StructureLoaderBuilder;                  : loaded 2 times (x 69B)
Class com.sun.xml.bind.v2.model.impl.RuntimeBuiltinLeafInfoImpl$26                    : loaded 2 times (x 136B)
Class com.sun.xml.bind.v2.model.impl.RuntimeBuiltinLeafInfoImpl$10$1                  : loaded 2 times (x 356B)
Class com.sun.xml.bind.v2.runtime.BinderImpl                                          : loaded 2 times (x 86B)
Class com.sun.xml.bind.v2.model.core.TypeInfo                                         : loaded 2 times (x 70B)
Class com.android.sdklib.repository.generated.common.v3.LibraryType                   : loaded 2 times (x 90B)
Class com.android.build.gradle.internal.PlatformComponents                            : loaded 2 times (x 72B)
Class com.android.build.gradle.internal.scope.InternalArtifactType$PACKAGES_FOR_R8    : loaded 2 times (x 74B)
Class com.android.build.gradle.internal.scope.InternalArtifactType$TEST_FIXTURES_LINT_PARTIAL_RESULTS: loaded 2 times (x 74B)
Class com.android.build.gradle.internal.utils.D8BackportedMethodsGenerator            : loaded 2 times (x 78B)
Class com.android.build.gradle.internal.cxx.logging.IssueReporterLoggingEnvironmentKt : loaded 2 times (x 71B)
Class com.android.build.gradle.internal.dependency.ShrinkerVersion$Companion$R8$2     : loaded 2 times (x 78B)
Class com.android.build.gradle.internal.scope.InternalArtifactType$STABLE_RESOURCE_IDS_FILE: loaded 2 times (x 74B)
Class com.android.build.gradle.tasks.MergeSourceSetFolders$MergeShaderSourceFoldersCreationAction: loaded 2 times (x 91B)
Class com.android.build.api.component.impl.features.AndroidResourcesCreationConfigImpl: loaded 2 times (x 90B)
Class com.android.tools.build.jetifier.processor.transform.proguard.ProGuardClassSpecParser$bodyReplacers$10: loaded 2 times (x 79B)
Class com.android.build.api.variant.impl.VariantImpl$buildConfigFields$2              : loaded 2 times (x 79B)
Class com.android.build.api.component.impl.ComponentImpl$builtInKaptSupportMode$2     : loaded 2 times (x 79B)
Class com.android.build.gradle.internal.core.dsl.features.OptimizationDslInfo         : loaded 2 times (x 70B)
Class com.google.common.collect.Lists$ReverseList$1                                   : loaded 2 times (x 99B)
Class com.android.build.gradle.internal.core.dsl.impl.ComponentDslInfoImpl$1          : loaded 2 times (x 78B)
Class com.android.builder.core.DefaultApiVersion                                      : loaded 2 times (x 77B)
Class com.android.build.gradle.internal.utils.SdkUtilsKt                              : loaded 2 times (x 71B)
Class com.android.build.gradle.internal.lint.AndroidLintGlobalTask$GlobalCreationAction: loaded 2 times (x 91B)
Class com.android.build.gradle.internal.api.VariantFilter                             : loaded 2 times (x 80B)
Class com.android.build.gradle.internal.dsl.TestFixturesImpl_Decorated                : loaded 2 times (x 127B)
Class com.android.build.api.dsl.ManagedVirtualDevice                                  : loaded 2 times (x 70B)
Class com.android.build.api.dsl.TestOptions                                           : loaded 2 times (x 70B)
Class com.android.build.api.dsl.SdkComponents                                         : loaded 2 times (x 70B)
Class com.android.build.gradle.internal.coverage.JacocoOptions                        : loaded 2 times (x 85B)
Class com.android.build.api.artifact.ArtifactKind$DIRECTORY                           : loaded 2 times (x 72B)
Class com.android.build.gradle.internal.attribution.CheckJetifierBuildService         : loaded 2 times (x 80B)
Class com.android.build.gradle.internal.SdkParsingUtilsKt                             : loaded 2 times (x 71B)
Class com.google.common.util.concurrent.AbstractFuture$SynchronizedHelper             : loaded 2 times (x 78B)
Class com.android.build.api.dsl.PrivacySandboxSdkOptimization                         : loaded 2 times (x 70B)
Class com.android.build.api.dsl.AbiSplit                                              : loaded 2 times (x 70B)
Class com.android.build.gradle.internal.services.FakeDependencyJarBuildService$RegistrationAction: loaded 2 times (x 74B)
Class com.android.utils.EnvironmentProvider                                           : loaded 2 times (x 70B)
Class com.google.protobuf.InvalidProtocolBufferException                              : loaded 2 times (x 88B)
Class com.google.common.collect.EnumHashBiMap                                         : loaded 2 times (x 159B)
Class com.android.build.api.dsl.LibraryVariantDimension                               : loaded 2 times (x 70B)
Class com.google.common.collect.ImmutableRangeSet$Builder                             : loaded 2 times (x 77B)
Class com.sun.xml.bind.v2.runtime.unmarshaller.SAXConnector                           : loaded 2 times (x 101B)
Class com.android.sdklib.repository.generated.common.v3.ApiDetailsType                : loaded 2 times (x 107B)
Class [Lcom.sun.xml.bind.v2.model.annotation.Locatable;                               : loaded 2 times (x 69B)
Class com.sun.xml.bind.v2.model.impl.RuntimeBuiltinLeafInfoImpl$27                    : loaded 2 times (x 136B)
Class com.sun.xml.bind.v2.model.impl.ModelBuilder                                     : loaded 2 times (x 92B)
Class com.android.repository.impl.generated.generic.v1.ObjectFactory                  : loaded 2 times (x 75B)
Class com.android.repository.impl.generated.v1.ChannelRefType                         : loaded 2 times (x 77B)
Class com.android.build.gradle.internal.SdkComponentsBuildService$VersionedSdkLoader$adbExecutableProvider$1: loaded 2 times (x 75B)
Class com.android.build.gradle.tasks.MergeResources$Companion                         : loaded 2 times (x 71B)
Class com.android.build.gradle.tasks.PackageApplication$CreationAction$handleProvider$operationRequest$1: loaded 2 times (x 127B)
Class com.android.build.api.variant.impl.SigningConfigImpl$storeFile$1                : loaded 2 times (x 75B)
Class com.android.build.gradle.internal.tasks.factory.features.DexingTaskCreationAction: loaded 2 times (x 70B)
Class com.android.build.gradle.tasks.MergeSourceSetFolders$MergeAssetCreationAction$handleProvider$1: loaded 2 times (x 127B)
Class com.android.build.gradle.internal.scope.InternalArtifactType$COMPILED_NAVIGATION_RES: loaded 2 times (x 74B)
Class com.android.build.gradle.internal.VariantTaskManager$createTasks$1              : loaded 2 times (x 75B)
Class com.android.tools.build.jetifier.processor.transform.proguard.ProGuardClassSpecParser$bodyReplacers$11: loaded 2 times (x 79B)
Class [Lcom.google.gson.stream.JsonToken;                                             : loaded 2 times (x 69B)
Class com.android.build.gradle.internal.core.dsl.impl.features.UnitTestOptionsDslInfoImpl: loaded 2 times (x 80B)
Class com.android.build.gradle.internal.core.dsl.impl.DslInfoCommonKt$getTestComponentNamespace$2$1: loaded 2 times (x 75B)
Class com.android.build.api.variant.impl.VariantImpl$resValues$2                      : loaded 2 times (x 79B)
Class com.android.build.gradle.internal.component.legacy.OldVariantApiLegacySupport   : loaded 2 times (x 70B)
Class com.android.build.gradle.internal.core.dsl.impl.ComponentDslInfoImpl$2          : loaded 2 times (x 78B)
Class com.android.build.api.variant.ScopedArtifacts$Scope                             : loaded 2 times (x 79B)
Class com.android.build.gradle.internal.CompileOptions$AgpDecorated                   : loaded 2 times (x 97B)
Class com.android.build.gradle.internal.dsl.AbiSplitOptions$AgpDecorated_Decorated    : loaded 2 times (x 144B)
Class com.android.build.gradle.internal.dsl.BuildFeaturesImpl                         : loaded 2 times (x 110B)
Class com.android.build.gradle.internal.dsl.ExternalNativeNdkBuildOptions             : loaded 2 times (x 109B)
Class com.android.build.api.dsl.PrivacySandboxSdkBundle                               : loaded 2 times (x 70B)
Class com.android.build.gradle.internal.dsl.CmakeOptions                              : loaded 2 times (x 98B)
Class com.android.sdklib.repository.generated.repository.v1.LayoutlibType             : loaded 2 times (x 74B)
Class com.google.wireless.android.sdk.stats.GradleBuildVariant$VariantType$1          : loaded 2 times (x 76B)
Class com.android.build.gradle.internal.errors.OptionInfo                             : loaded 2 times (x 72B)
Class com.android.build.gradle.internal.services.AndroidLocationsBuildService$AndroidDirectoryCreator$Params_Decorated: loaded 2 times (x 132B)
Class com.android.build.gradle.internal.ide.v2.GlobalSyncService$RegistrationAction   : loaded 2 times (x 74B)
Class com.android.build.gradle.internal.ide.dependencies.MavenCoordinatesCacheBuildService$Parameters: loaded 2 times (x 70B)
Class com.google.protobuf.Extension                                                   : loaded 2 times (x 85B)
Class com.google.wireless.android.sdk.stats.GradleBuildProfile                        : loaded 2 times (x 248B)
Class com.google.protobuf.MessageOrBuilder                                            : loaded 2 times (x 70B)
Class com.google.gson.LongSerializationPolicy$1                                       : loaded 2 times (x 80B)
Class org.gradle.internal.classloader.VisitableURLClassLoader$InstrumentingVisitableURLClassLoader: loaded 2 times (x 123B)
Class com.sun.xml.bind.v2.runtime.unmarshaller.UnmarshallerImpl                       : loaded 2 times (x 139B)
Class com.sun.xml.bind.v2.runtime.property.StructureLoaderBuilder                     : loaded 2 times (x 70B)
Class com.android.sdklib.repository.generated.addon.v1.ExtraDetailsType               : loaded 2 times (x 85B)
Class com.sun.xml.bind.v2.model.impl.RuntimeElementPropertyInfoImpl                   : loaded 2 times (x 139B)
Class com.sun.xml.bind.v2.model.impl.RuntimeBuiltinLeafInfoImpl$28                    : loaded 2 times (x 76B)
Class [Lcom.sun.xml.bind.v2.util.QNameMap$Entry;                                      : loaded 2 times (x 69B)
Class com.sun.xml.bind.unmarshaller.InfosetScanner                                    : loaded 2 times (x 70B)
Class [Lcom.android.build.gradle.internal.scope.InternalArtifactType;                 : loaded 2 times (x 69B)
Class com.android.build.gradle.internal.scope.InternalArtifactType$PREFAB_PACKAGE_CONFIGURATION: loaded 2 times (x 74B)
Class com.android.build.gradle.internal.api.TestVariantImpl                           : loaded 2 times (x 262B)
Class com.android.build.gradle.internal.SdkComponentsBuildService$sdkHandlerDelegate$1: loaded 2 times (x 79B)
Class com.android.build.gradle.internal.lint.LintModelWriterTask$Companion            : loaded 2 times (x 71B)
Class com.android.build.gradle.tasks.PackageApplication$CreationAction$handleProvider$operationRequest$2: loaded 2 times (x 127B)
Class com.android.ide.common.gradle.DEV                                               : loaded 2 times (x 77B)
Class com.android.build.api.variant.impl.JniLibsApkPackagingImpl                      : loaded 2 times (x 86B)
Class com.android.build.api.variant.DexPackagingOptions                               : loaded 2 times (x 70B)
Class com.android.build.gradle.internal.tasks.CompressAssetsTask$CreationAction       : loaded 2 times (x 90B)
Class com.android.build.gradle.internal.tasks.CheckAarMetadataTask$CreationAction$handleProvider$1: loaded 2 times (x 127B)
Class com.android.build.api.artifact.SingleArtifact$ASSETS                            : loaded 2 times (x 74B)
Class com.android.build.gradle.tasks.CompileNavigationXmlTask$CreationAction          : loaded 2 times (x 91B)
Class com.android.build.gradle.internal.dependency.AndroidAttributes                  : loaded 2 times (x 72B)
Class com.android.build.gradle.internal.AndroidTestTaskManager$createTopLevelTasks$1  : loaded 2 times (x 74B)
Class com.android.tools.build.jetifier.processor.transform.proguard.ProGuardClassSpecParser$bodyReplacers$12: loaded 2 times (x 79B)
Class com.android.build.api.component.impl.DeviceTestImpl$manifestPlaceholdersCreationConfig$2: loaded 2 times (x 79B)
Class com.android.build.api.variant.impl.HasTestFixtures                              : loaded 2 times (x 70B)
Class com.android.build.gradle.internal.publishing.AndroidArtifacts$ArtifactType      : loaded 2 times (x 79B)
Class com.android.build.gradle.internal.core.dsl.impl.DslInfoUtilsKt$computeMergedOptions$1: loaded 2 times (x 79B)
Class com.android.build.gradle.internal.tasks.ExtractProguardFiles$CreationAction     : loaded 2 times (x 90B)
Class com.android.build.gradle.internal.variant.LegacyVariantInputManager$1           : loaded 2 times (x 75B)
Class com.android.builder.internal.BaseConfigImpl$Companion                           : loaded 2 times (x 71B)
Class com.sun.xml.bind.v2.runtime.reflect.Accessor$1                                  : loaded 2 times (x 85B)
Class com.sun.xml.bind.v2.runtime.property.SingleReferenceNodeProperty                : loaded 2 times (x 102B)
Class com.google.gson.LongSerializationPolicy$2                                       : loaded 2 times (x 80B)
Class com.android.build.gradle.internal.errors.DeprecationReporter$DeprecationTarget  : loaded 2 times (x 79B)
Class com.sun.xml.bind.v2.runtime.unmarshaller.StructureLoader$1                      : loaded 2 times (x 71B)
Class com.android.build.gradle.internal.plugins.BasePlugin$sdkComponentsBuildService$2: loaded 2 times (x 79B)
Class com.android.build.gradle.internal.core.dsl.TestedVariantDslInfo                 : loaded 2 times (x 70B)
Class org.gradle.internal.classloader.VisitableURLClassLoader$Spec                    : loaded 2 times (x 74B)
Class org.gradle.internal.classpath.DefaultClassPath                                  : loaded 2 times (x 90B)
Class com.android.build.gradle.tasks.ShaderCompile$WorkAction$Params                  : loaded 2 times (x 81B)
Class com.sun.xml.bind.api.impl.NameConverter                                         : loaded 2 times (x 70B)
Class com.sun.xml.bind.v2.model.core.NonElement                                       : loaded 2 times (x 70B)
Class com.sun.xml.bind.v2.ContextFactory                                              : loaded 2 times (x 71B)
Class com.android.repository.impl.meta.SchemaModuleUtil                               : loaded 2 times (x 71B)
Class com.android.build.gradle.internal.errors.SyncIssueReporterImpl$GlobalSyncIssueService$Inject_: loaded 2 times (x 102B)
Class com.android.build.gradle.internal.DependencyResourcesComputer$ResourceSourceSetInput: loaded 2 times (x 72B)
Class com.android.build.gradle.tasks.ExtractDeepLinksTask$BaseCreationAction$configure$1$1: loaded 2 times (x 74B)
Class com.android.ide.common.resources.DataMap                                        : loaded 2 times (x 70B)
Class com.android.build.gradle.internal.scope.BuildArtifactType$JAVA_COMPILE_CLASSPATH: loaded 2 times (x 74B)
Class com.android.build.gradle.tasks.factory.AndroidUnitTest                          : loaded 2 times (x 566B)
Class [Lcom.android.build.gradle.internal.tasks.DeviceProviderInstrumentTestTask$CreationAction$Type;: loaded 2 times (x 69B)
Class com.android.build.gradle.internal.scope.InternalArtifactType$JAVAC              : loaded 2 times (x 74B)
Class com.android.build.api.artifact.impl.OperationRequestsImplKt                     : loaded 2 times (x 71B)
Class com.android.build.gradle.internal.AndroidTestTaskManager$createTopLevelTasks$2  : loaded 2 times (x 75B)
Class com.android.tools.build.jetifier.processor.transform.proguard.ProGuardClassSpecParser$replacer$1: loaded 2 times (x 79B)
Class com.android.build.api.component.impl.ComponentIdentityImpl                      : loaded 2 times (x 78B)
Class com.android.build.gradle.internal.core.dsl.features.UnitTestOptionsDslInfo      : loaded 2 times (x 70B)
Class com.android.build.gradle.api.SourceKind                                         : loaded 2 times (x 79B)
Class com.android.build.gradle.internal.tasks.factory.GlobalTaskNamesImpl             : loaded 2 times (x 81B)
Class com.android.build.gradle.internal.services.FakeDependencyJarBuildService$Inject_: loaded 2 times (x 102B)
Class com.android.build.gradle.internal.dsl.CommonExtensionImpl$lintOptions$2         : loaded 2 times (x 79B)
Class com.android.build.gradle.internal.variant.LegacyVariantInputManager$2           : loaded 2 times (x 74B)
Class com.android.sdklib.IAndroidTarget                                               : loaded 2 times (x 70B)
Class com.android.build.gradle.internal.dsl.PrivacySandboxSdkBundleImpl               : loaded 2 times (x 92B)
Class com.android.build.api.dsl.Splits                                                : loaded 2 times (x 70B)
Class com.android.build.gradle.internal.dsl.BundleOptionsStoreArchive                 : loaded 2 times (x 77B)
Class com.google.protobuf.Reader                                                      : loaded 2 times (x 70B)
Class com.google.common.collect.Maps$UnmodifiableBiMap                                : loaded 2 times (x 153B)
Class com.android.build.gradle.tasks.JavaCompileKt                                    : loaded 2 times (x 71B)
Class com.sun.xml.bind.v2.runtime.unmarshaller.UnmarshallingContext$DefaultRootLoader : loaded 2 times (x 80B)
Class com.sun.xml.bind.v2.runtime.reflect.PrimitiveArrayListerLong                    : loaded 2 times (x 76B)
Class com.sun.xml.bind.v2.model.core.ClassInfo                                        : loaded 2 times (x 70B)
Class com.android.repository.impl.generated.v1.package-info                           : loaded 2 times (x 70B)
Class com.android.build.gradle.tasks.ExtractDeepLinksTask$BaseCreationAction$configure$1$2: loaded 2 times (x 74B)
Class com.android.build.gradle.internal.tasks.UnsafeOutputsTask                       : loaded 2 times (x 325B)
Class com.android.build.gradle.internal.dependency.RecalculateStackFramesTransform$Inject_1: loaded 2 times (x 110B)
Class com.android.build.gradle.internal.lint.AndroidLintTask$FixSingleVariantCreationAction: loaded 2 times (x 95B)
Class com.android.build.gradle.internal.core.dsl.impl.InstrumentedTestDslInfoImpl$getInstrumentationRunner$2: loaded 2 times (x 75B)
Class com.android.build.gradle.tasks.JavaCompileCreationAction                        : loaded 2 times (x 90B)
Class com.android.build.gradle.internal.AndroidTestTaskManager$createTopLevelTasks$3  : loaded 2 times (x 74B)
Class com.android.tools.build.jetifier.processor.transform.proguard.ProGuardClassSpecParser$replacer$2: loaded 2 times (x 79B)
Class com.android.tools.build.jetifier.processor.Processor$Companion                  : loaded 2 times (x 71B)
Class com.android.build.gradle.internal.scope.HostTestBuildFeaturesValuesImpl         : loaded 2 times (x 100B)
Class com.android.build.api.variant.impl.VariantImpl$buildConfigCreationConfig$2      : loaded 2 times (x 79B)
Class com.android.build.gradle.internal.dependency.SourceTypeAttributeKt              : loaded 2 times (x 71B)
Class com.android.build.gradle.tasks.MergeSourceSetFolders                            : loaded 2 times (x 334B)
Class com.android.build.gradle.internal.dsl.PackagingOptions$AgpDecorated             : loaded 2 times (x 115B)
Class com.android.build.api.dsl.EmulatorControl                                       : loaded 2 times (x 70B)
Class com.android.build.gradle.internal.dsl.CompileSdkDelegate                        : loaded 2 times (x 89B)
Class com.android.build.gradle.internal.variant.LegacyVariantInputManager$3           : loaded 2 times (x 75B)
Class com.android.build.gradle.internal.dsl.AarMetadataImpl$AgpDecorated_Decorated    : loaded 2 times (x 137B)
Class com.android.build.gradle.internal.dsl.CoreNdkOptions                            : loaded 2 times (x 70B)
Class com.android.build.gradle.internal.dsl.decorator.AndroidPluginDslDecoratorKt     : loaded 2 times (x 71B)
Class com.google.protobuf.AbstractMessage$BuilderParent                               : loaded 2 times (x 70B)
Class com.google.common.base.CharMatcher$Ascii                                        : loaded 2 times (x 112B)
Class org.gradle.internal.classloader.ClassLoaderHierarchy                            : loaded 2 times (x 70B)
Class [Lcom.google.gson.Strictness;                                                   : loaded 2 times (x 69B)
Class com.google.gson.reflect.TypeToken                                               : loaded 2 times (x 75B)
Class com.android.build.gradle.internal.plugins.AndroidPluginBaseServices             : loaded 2 times (x 78B)
Class com.android.build.gradle.internal.ClasspathVerifier                             : loaded 2 times (x 71B)
Class com.android.build.gradle.internal.plugins.BasePlugin$bootClasspathConfig$2      : loaded 2 times (x 79B)
Class com.android.build.gradle.internal.plugins.AndroidPluginBaseServices$settingsExtension$2: loaded 2 times (x 79B)
Class com.google.common.io.Closer                                                     : loaded 2 times (x 78B)
Class org.gradle.internal.classloader.ClassLoaderSpec                                 : loaded 2 times (x 71B)
Class com.android.build.gradle.internal.tasks.MergeNativeLibsTask$Companion           : loaded 2 times (x 71B)
Class com.sun.xml.bind.AccessorFactoryImpl                                            : loaded 2 times (x 81B)
Class com.sun.xml.bind.v2.model.core.MapPropertyInfo                                  : loaded 2 times (x 70B)
Class javax.xml.bind.ModuleUtil                                                       : loaded 2 times (x 71B)
Class com.android.repository.impl.meta.RepoPackageImpl$Archives                       : loaded 2 times (x 72B)
Class com.android.sdklib.repository.meta.SysImgFactory                                : loaded 2 times (x 72B)
Class com.android.build.gradle.internal.services.VersionedSdkLoaderService$sam$java_util_concurrent_Callable$0: loaded 2 times (x 75B)
Class com.android.build.gradle.tasks.ExtractDeepLinksTask_Decorated                   : loaded 2 times (x 383B)
Class com.android.build.gradle.internal.dependency.DexingOutputSplitTransformKt$registerTransformWithOutputType$1$1: loaded 2 times (x 75B)
Class com.android.build.gradle.internal.utils.DesugarLibConfigExtractor$Inject_1      : loaded 2 times (x 109B)
Class com.android.build.gradle.internal.dependency.MockableJarTransform$Parameters    : loaded 2 times (x 70B)
Class com.android.build.gradle.internal.cxx.logging.LoggingEnvironment                : loaded 2 times (x 70B)
Class com.android.build.gradle.internal.scope.InternalArtifactType$MANIFEST_METADATA  : loaded 2 times (x 74B)
Class com.android.build.api.component.impl.features.OptimizationCreationConfigImpl$consumerProguardFilePaths$2: loaded 2 times (x 79B)
Class com.android.build.gradle.internal.TaskManager$MergeType$MERGE                   : loaded 2 times (x 80B)
Class com.android.build.gradle.internal.AndroidTestTaskManager$createTopLevelTasks$4  : loaded 2 times (x 75B)
Class com.android.tools.build.jetifier.processor.transform.proguard.ProGuardClassSpecParser$replacer$3: loaded 2 times (x 79B)
Class com.android.tools.build.jetifier.processor.transform.proguard.patterns.PatternHelper: loaded 2 times (x 71B)
Class com.android.tools.build.jetifier.core.proguard.ProGuardType                     : loaded 2 times (x 72B)
Class com.android.build.api.variant.impl.VariantImpl$renderscriptCreationConfig$2     : loaded 2 times (x 79B)
Class com.android.build.gradle.internal.component.TestFixturesCreationConfig          : loaded 2 times (x 70B)
Class com.android.build.gradle.internal.plugins.BasePlugin$createAndroidTasks$1       : loaded 2 times (x 77B)
Class com.android.build.gradle.internal.lint.AndroidLintGlobalTask$LintFixCreationAction: loaded 2 times (x 91B)
Class com.android.build.gradle.internal.lint.AndroidLintGlobalTask$BaseGlobalCreationAction: loaded 2 times (x 91B)
Class com.android.build.gradle.ProguardFiles                                          : loaded 2 times (x 71B)
Class com.android.builder.core.DefaultDexOptions                                      : loaded 2 times (x 99B)
Class com.android.build.gradle.api.ApkVariant                                         : loaded 2 times (x 70B)
Class com.android.build.gradle.internal.dsl.ResourcesPackagingImpl$AgpDecorated_Decorated: loaded 2 times (x 129B)
Class com.android.build.gradle.internal.variant.LegacyVariantInputManager$4           : loaded 2 times (x 74B)
Class com.android.build.gradle.internal.api.artifact.SourceArtifactType$RENDERSCRIPT  : loaded 2 times (x 74B)
Class com.android.build.gradle.internal.dsl.NdkOptions_Decorated                      : loaded 2 times (x 166B)
Class com.android.build.gradle.internal.dsl.decorator.DslDecorator$ManagedProperty    : loaded 2 times (x 72B)
Class com.android.build.gradle.internal.plugins.BasePlugin$dslServices$2              : loaded 2 times (x 79B)
Class com.android.prefs.VariableType                                                  : loaded 2 times (x 79B)
Class com.android.build.gradle.options.TestRunnerArguments$Companion                  : loaded 2 times (x 71B)
Class com.android.tools.analytics.Environment                                         : loaded 2 times (x 73B)
Class com.android.build.gradle.internal.errors.DeprecationReporter                    : loaded 2 times (x 70B)
Class com.google.gson.internal.sql.SqlTimestampTypeAdapter$1                          : loaded 2 times (x 75B)
Class com.google.gson.JsonPrimitive                                                   : loaded 2 times (x 93B)
Class com.android.build.gradle.options.ApiStage$Stable                                : loaded 2 times (x 72B)
Class com.android.build.gradle.internal.crash.CrashReporting                          : loaded 2 times (x 71B)
Class com.android.build.api.variant.Component                                         : loaded 2 times (x 70B)
Class com.sun.xml.bind.DatatypeConverterImpl                                          : loaded 2 times (x 111B)
Class com.sun.xml.bind.v2.ClassFactory                                                : loaded 2 times (x 71B)
Class com.android.sdklib.repository.generated.addon.v2.MavenType                      : loaded 2 times (x 80B)
Class com.android.repository.impl.generated.v2.LicenseRefType                         : loaded 2 times (x 77B)
Class com.android.repository.api.ProgressIndicatorAdapter                             : loaded 2 times (x 107B)
Class com.android.build.gradle.tasks.ManifestProcessorTask$Companion                  : loaded 2 times (x 71B)
Class com.android.build.gradle.internal.SdkComponentsBuildService$VersionedSdkLoader  : loaded 2 times (x 72B)
Class com.android.build.gradle.internal.dependency.ShrinkerVersion                    : loaded 2 times (x 75B)
Class com.android.build.gradle.internal.core.dsl.impl.SigningConfigResolver$Companion : loaded 2 times (x 71B)
Class com.android.build.gradle.internal.tasks.CheckAarMetadataTask$CreationAction     : loaded 2 times (x 90B)
Class com.android.build.gradle.internal.scope.InternalArtifactType$LOCAL_ONLY_SYMBOL_LIST: loaded 2 times (x 74B)
Class com.android.build.gradle.tasks.MergeResources$CreationAction$handleProvider$1   : loaded 2 times (x 78B)
Class com.android.build.gradle.tasks.MergeResources$CreationAction                    : loaded 2 times (x 94B)
Class com.android.tools.build.jetifier.processor.transform.proguard.ProGuardClassSpecParser$replacer$4: loaded 2 times (x 79B)
Class com.android.tools.build.jetifier.core.proguard.ProGuardTypesMap$expandedRules$2 : loaded 2 times (x 79B)
Class [Lcom.google.gson.ReflectionAccessFilter$FilterResult;                          : loaded 2 times (x 69B)
Class com.android.build.gradle.internal.variant.VariantComponentInfo                  : loaded 2 times (x 72B)
Class com.android.build.api.variant.Aidl                                              : loaded 2 times (x 70B)
Class com.android.build.gradle.internal.tasks.factory.BootClasspathConfigImpl$fullBootClasspath$2: loaded 2 times (x 79B)
Class com.android.build.gradle.internal.dsl.EmulatorControl                           : loaded 2 times (x 83B)
Class com.android.build.gradle.internal.dsl.TestOptions_Decorated                     : loaded 2 times (x 181B)
Class com.android.build.gradle.internal.variant.LegacyVariantInputManager$5           : loaded 2 times (x 75B)
Class com.android.build.gradle.internal.errors.AndroidProblemReporterProvider$Parameters$Inject_: loaded 2 times (x 106B)
Class com.android.build.gradle.internal.errors.AndroidProblemReporterProvider$Inject_ : loaded 2 times (x 96B)
Class com.android.build.gradle.api.ViewBindingOptions                                 : loaded 2 times (x 70B)
Class com.android.build.api.dsl.Split                                                 : loaded 2 times (x 70B)
Class [Lcom.android.builder.model.v2.ide.ProjectType;                                 : loaded 2 times (x 69B)
Class com.android.tools.analytics.CommonMetricsData$GarbageCollectionStatsDiffs       : loaded 2 times (x 71B)
Class com.google.protobuf.MapField                                                    : loaded 2 times (x 89B)
Class com.google.gson.JsonElement                                                     : loaded 2 times (x 92B)
Class com.android.build.gradle.options.Version                                        : loaded 2 times (x 80B)
Class com.android.build.gradle.internal.plugins.BasePlugin$versionedSdkLoaderService$2: loaded 2 times (x 79B)
Class com.android.build.api.variant.GeneratesAar                                      : loaded 2 times (x 70B)
Class com.android.build.api.dsl.LibraryDefaultConfig                                  : loaded 2 times (x 70B)
Class com.google.common.io.Closer$Suppressor                                          : loaded 2 times (x 70B)
Class com.android.build.gradle.internal.dependency.JdkImageTransformKt$getJdkImageFromTransform$1$1: loaded 2 times (x 75B)
Class com.sun.xml.bind.v2.runtime.reflect.ListIterator                                : loaded 2 times (x 70B)
Class com.sun.xml.bind.v2.model.impl.RuntimeModelBuilder$IDTransducerImpl             : loaded 2 times (x 88B)
Class com.android.sdklib.repository.generated.repository.v1.PlatformDetailsType       : loaded 2 times (x 120B)
Class javax.xml.bind.annotation.XmlElementRefs                                        : loaded 2 times (x 70B)
Class com.sun.xml.bind.v2.model.runtime.RuntimeElement                                : loaded 2 times (x 70B)
Class com.android.repository.impl.generated.v2.LicenseType                            : loaded 2 times (x 87B)
Class com.android.repository.impl.generated.v1.RepositoryType                         : loaded 2 times (x 86B)
Class com.android.sdklib.repository.generated.common.v2.LibraryType                   : loaded 2 times (x 90B)
Class com.android.sdklib.repository.generated.sysimg.v3.ObjectFactory                 : loaded 2 times (x 75B)
Class [Lcom.android.build.gradle.internal.SdkLocator$SdkLocationSource;               : loaded 2 times (x 69B)
Class [Lcom.android.build.gradle.internal.SdkType;                                    : loaded 2 times (x 69B)
Class com.android.ide.common.resources.FileValidity                                   : loaded 2 times (x 76B)
Class com.android.build.gradle.internal.scope.BuildArtifactType                       : loaded 2 times (x 74B)
Class com.android.build.gradle.internal.api.AndroidArtifactVariantImpl                : loaded 2 times (x 230B)
Class com.android.build.gradle.internal.dependency.ModelArtifactCompatibilityRule     : loaded 2 times (x 76B)
Class com.android.build.gradle.internal.dependency.DesugarGraph                       : loaded 2 times (x 75B)
Class com.android.build.gradle.internal.dependency.DexingRegistration$ComponentSpecificParameters$Companion: loaded 2 times (x 71B)
Class com.android.build.gradle.internal.utils.DesugarLibUtils$registerDesugarLibConfigExtractorTransformIfAbsent$1: loaded 2 times (x 74B)
Class com.android.build.gradle.internal.dependency.MockableJarTransform               : loaded 2 times (x 78B)
Class com.android.build.gradle.internal.cxx.logging.ThreadLoggingEnvironment          : loaded 2 times (x 82B)
Class com.android.build.gradle.internal.tasks.CheckJetifierTask$CreationAction        : loaded 2 times (x 90B)
Class com.android.build.gradle.internal.lint.AndroidLintAnalysisTask                  : loaded 2 times (x 342B)
Class com.android.build.gradle.internal.tasks.DexMergingAction                        : loaded 2 times (x 79B)
Class com.android.ide.common.gradle.Version$Companion$ParseState                      : loaded 2 times (x 70B)
Class com.android.tools.build.jetifier.core.pom.PomRewriteRule$Companion              : loaded 2 times (x 71B)
Class com.android.build.api.component.impl.HostTestImpl$buildConfigCreationConfig$2   : loaded 2 times (x 79B)
Class com.android.build.api.component.impl.DeviceTestImpl$renderscript$2              : loaded 2 times (x 79B)
Class com.android.build.api.component.impl.DeviceTestImpl$signingConfig$2             : loaded 2 times (x 79B)
Class com.android.build.api.variant.GeneratesTestApkBuilder                           : loaded 2 times (x 70B)
Class com.android.build.gradle.internal.plugins.BasePlugin$createAndroidTasks$3       : loaded 2 times (x 79B)
Class com.android.build.gradle.internal.utils.KgpUtils$syncAgpAndKgpSources$2         : loaded 2 times (x 75B)
Class com.android.build.gradle.internal.lint.AndroidLintGlobalTask$UpdateBaselineCreationAction: loaded 2 times (x 91B)
Class com.android.build.gradle.internal.ide.v2.ModelBuilder$Companion                 : loaded 2 times (x 71B)
Class com.android.build.gradle.internal.api.TestedVariant                             : loaded 2 times (x 70B)
Class com.android.build.gradle.internal.variant.LegacyVariantInputManager$6           : loaded 2 times (x 74B)
Class com.android.builder.profile.NameAnonymizer                                      : loaded 2 times (x 72B)
Class com.android.build.gradle.internal.dsl.PrivacySandboxImpl                        : loaded 2 times (x 78B)
Class com.android.build.gradle.internal.services.Aapt2ThreadPoolBuildServiceKt        : loaded 2 times (x 71B)
Class com.android.tools.analytics.HostData$memoryBean$2                               : loaded 2 times (x 78B)
Class com.google.protobuf.CodedInputStream$UnsafeDirectNioDecoder                     : loaded 2 times (x 120B)
Class com.google.gson.internal.bind.CollectionTypeAdapterFactory                      : loaded 2 times (x 75B)
Class com.android.build.gradle.options.SyncOptions$ErrorFormatMode                    : loaded 2 times (x 79B)
Class com.android.build.gradle.internal.errors.SyncIssueReporter                      : loaded 2 times (x 76B)
Class com.android.build.gradle.internal.dsl.InternalTestedExtension                   : loaded 2 times (x 70B)
Class ijKotlinCoroutineJvmDebugInit1_8kjtmmbteatukbubhuxx9f7lo                        : loaded 2 times (x 171B)
Class org.gradle.internal.classloader.VisitableURLClassLoader                         : loaded 2 times (x 117B)
Class com.sun.xml.bind.v2.runtime.unmarshaller.Scope                                  : loaded 2 times (x 72B)
Class javax.xml.bind.helpers.DefaultValidationEventHandler                            : loaded 2 times (x 75B)
Class [Ljavax.xml.bind.annotation.adapters.XmlJavaTypeAdapter;                        : loaded 2 times (x 69B)
Class javax.xml.bind.annotation.XmlElement$DEFAULT                                    : loaded 2 times (x 71B)
Class com.sun.xml.bind.v2.runtime.InternalBridge                                      : loaded 2 times (x 87B)
Class com.android.build.gradle.internal.SdkLocator$SdkLocationSource$TEST_SDK_DIRECTORY: loaded 2 times (x 80B)
Class com.android.build.gradle.internal.DependencyResourcesComputer_Decorated         : loaded 2 times (x 143B)
Class com.android.build.gradle.internal.tasks.ProcessJavaResTaskKt$getProjectJavaRes$1: loaded 2 times (x 79B)
Class com.android.build.api.component.impl.OldVariantApiLegacySupportImpl$getVariantOutputs$1: loaded 2 times (x 75B)
Class com.android.build.gradle.internal.api.BaseVariantOutputImpl                     : loaded 2 times (x 112B)
Class com.android.build.gradle.internal.ApiObjectFactory                              : loaded 2 times (x 73B)
Class com.android.build.gradle.internal.utils.D8BackportedMethodsGenerator$Parameters : loaded 2 times (x 70B)
Class com.android.build.gradle.internal.scope.Java8LangSupport                        : loaded 2 times (x 79B)
Class com.android.build.api.variant.impl.ResourcesApkPackagingImpl$excludes$1         : loaded 2 times (x 75B)
Class com.android.build.gradle.tasks.MergeResources$CreationAction$handleProvider$3   : loaded 2 times (x 78B)
Class com.android.build.gradle.internal.testsuites.TestSuite                          : loaded 2 times (x 70B)
Class com.android.build.gradle.internal.attributes.VariantAttr$ImplFactory            : loaded 2 times (x 75B)
Class com.android.build.gradle.internal.core.dsl.impl.VariantDslInfoImpl$applicationId$2: loaded 2 times (x 79B)
Class com.android.build.gradle.internal.plugins.DslContainerProvider$lock$1           : loaded 2 times (x 74B)
Class com.android.build.gradle.internal.tasks.factory.TaskFactory                     : loaded 2 times (x 70B)
Class com.android.builder.core.DexOptions                                             : loaded 2 times (x 70B)
Class com.android.build.gradle.internal.dsl.LintImpl$AgpDecorated                     : loaded 2 times (x 219B)
Class com.android.build.gradle.internal.api.DefaultAndroidSourceSet                   : loaded 2 times (x 232B)
Class com.google.common.util.concurrent.AbstractFuture$Waiter                         : loaded 2 times (x 72B)
Class com.android.build.gradle.internal.dependency.SourceSetManager                   : loaded 2 times (x 72B)
Class com.android.prefs.AbstractAndroidLocations                                      : loaded 2 times (x 82B)
Class com.google.protobuf.ExtensionRegistryLite                                       : loaded 2 times (x 74B)
Class com.google.common.base.Converter$FunctionBasedConverter                         : loaded 2 times (x 90B)
Class com.android.build.gradle.internal.attribution.BuildAnalyzerConfiguratorService$Inject_: loaded 2 times (x 96B)
Class com.android.ide.common.repository.AgpVersion$Companion                          : loaded 2 times (x 71B)
Class com.android.build.gradle.internal.plugins.AndroidPluginBaseServices$optionService$2: loaded 2 times (x 79B)
Class com.android.build.api.variant.AndroidComponentsExtension                        : loaded 2 times (x 70B)
Class org.gradle.internal.Cast                                                        : loaded 2 times (x 71B)
Class org.gradle.api.Action                                                           : loaded 2 times (x 70B)
Class com.sun.xml.bind.v2.runtime.unmarshaller.LocatorEx                              : loaded 2 times (x 70B)
Class com.android.sdklib.repository.meta.DetailsTypes$MavenType                       : loaded 2 times (x 70B)
Class com.sun.xml.bind.v2.model.core.ElementPropertyInfo                              : loaded 2 times (x 70B)
Class com.sun.xml.bind.v2.model.impl.RuntimeElementInfoImpl                           : loaded 2 times (x 119B)
Class com.android.repository.api.RemotePackage                                        : loaded 2 times (x 70B)
Class com.android.sdklib.repository.generated.sysimg.v1.package-info                  : loaded 2 times (x 70B)
Class com.android.sdklib.repository.meta.DetailsTypes$SourceDetailsType               : loaded 2 times (x 70B)
Class com.android.build.gradle.tasks.MergeResources$CreationAction$configure$1        : loaded 2 times (x 75B)
Class com.android.build.gradle.internal.tasks.ProcessJavaResTaskKt$getProjectJavaRes$2: loaded 2 times (x 75B)
Class com.android.build.gradle.internal.dependency.DexingOutputSplitTransformKt       : loaded 2 times (x 71B)
Class com.android.build.gradle.internal.attribution.CheckJetifierBuildService$Parameters: loaded 2 times (x 70B)
Class com.android.build.gradle.internal.test.AbstractTestDataImpl$testCoverageEnabled$1: loaded 2 times (x 79B)
Class com.android.ide.common.gradle.Version$Companion                                 : loaded 2 times (x 71B)
Class com.android.build.api.dsl.DynamicFeatureVariantDimension                        : loaded 2 times (x 70B)
Class com.android.build.gradle.tasks.MergeResources$CreationAction$handleProvider$4   : loaded 2 times (x 78B)
Class com.android.build.api.variant.TestedComponentPackaging                          : loaded 2 times (x 70B)
Class com.android.build.gradle.internal.component.NestedComponentCreationConfig       : loaded 2 times (x 70B)
Class [Lcom.android.builder.errors.IssueReporter$Type;                                : loaded 2 times (x 69B)
Class com.android.build.gradle.internal.core.InternalBaseVariant$MergedFlavor         : loaded 2 times (x 70B)
Class com.android.build.gradle.internal.core.dsl.impl.DslInfoBuilder                  : loaded 2 times (x 72B)
Class com.android.build.gradle.internal.plugins.DslContainerProvider$lock$2           : loaded 2 times (x 74B)
Class com.android.build.api.artifact.impl.PropertyAdapter                             : loaded 2 times (x 70B)
Class com.android.build.gradle.ProguardFiles$ProguardFile                             : loaded 2 times (x 79B)
Class com.android.build.gradle.internal.cxx.configure.NativeModelBuilderOutcomeOrBuilder: loaded 2 times (x 70B)
Class com.android.builder.testing.api.DeviceProvider                                  : loaded 2 times (x 77B)
Class com.android.build.gradle.internal.dsl.ExternalNativeBuild$AgpDecorated_Decorated: loaded 2 times (x 144B)
Class com.android.build.gradle.internal.dsl.DeviceGroupFactory                        : loaded 2 times (x 75B)
Class com.android.build.gradle.internal.dsl.decorator.SupportedPropertyType$Collection$Set: loaded 2 times (x 74B)
Class com.android.build.gradle.internal.dsl.ConsumerKeepRulesImpl                     : loaded 2 times (x 92B)
Class com.android.build.api.dsl.Ndk                                                   : loaded 2 times (x 70B)
Class com.android.build.api.dsl.BundleStoreArchive                                    : loaded 2 times (x 70B)
Class com.android.build.api.dsl.BundleCodeTransparency                                : loaded 2 times (x 70B)
Class com.android.builder.profile.ThreadRecorder                                      : loaded 2 times (x 76B)
Class com.android.build.gradle.internal.dsl.VcsInfoImpl                               : loaded 2 times (x 77B)
Class com.android.build.gradle.internal.dsl.CompileSdkSpecImpl                        : loaded 2 times (x 86B)
Class com.android.tools.analytics.AnalyticsSettingsData$Companion                     : loaded 2 times (x 71B)
Class com.google.gson.internal.bind.TreeTypeAdapter                                   : loaded 2 times (x 75B)
Class com.google.gson.internal.sql.SqlTimeTypeAdapter                                 : loaded 2 times (x 74B)
Class com.google.gson.InstanceCreator                                                 : loaded 2 times (x 70B)
Class com.android.build.gradle.internal.plugins.AndroidPluginBaseServices$optionService$2$1: loaded 2 times (x 78B)
Class com.android.build.gradle.internal.variant.DimensionCombination                  : loaded 2 times (x 70B)
Class com.android.build.gradle.internal.core.dsl.VariantDslInfo                       : loaded 2 times (x 70B)
Class com.android.build.gradle.internal.variant.VariantFactory                        : loaded 2 times (x 70B)
Class com.sun.xml.bind.v2.runtime.unmarshaller.StructureLoader                        : loaded 2 times (x 78B)
Class com.sun.xml.bind.v2.runtime.reflect.Accessor$SetterOnlyReflection               : loaded 2 times (x 85B)
Class com.sun.xml.bind.v2.model.impl.ElementPropertyInfoImpl                          : loaded 2 times (x 123B)
Class com.sun.xml.bind.v2.model.impl.TypeInfoSetImpl$1                                : loaded 2 times (x 80B)
Class com.sun.xml.bind.v2.model.runtime.RuntimeArrayInfo                              : loaded 2 times (x 70B)
Class com.android.repository.impl.generated.generic.v2.ObjectFactory                  : loaded 2 times (x 75B)
Class com.android.repository.impl.generated.v1.DependenciesType                       : loaded 2 times (x 75B)
Class com.android.build.gradle.tasks.MergeResources$CreationAction$configure$2        : loaded 2 times (x 75B)
Class com.android.build.gradle.internal.scope.InternalArtifactType$COMPILE_APP_CLASSES_JAR: loaded 2 times (x 74B)
Class com.android.build.api.variant.impl.VariantOutputConfigurationImplKt$WhenMappings: loaded 2 times (x 71B)
Class com.android.build.gradle.internal.dependency.IdentityTransform$Parameters_Decorated: loaded 2 times (x 135B)
Class com.android.build.gradle.internal.cxx.gradle.generator.CxxConfigurationModelKt$ENABLE_CHECK_CONFIG_TIME_CONSTRUCTION$2: loaded 2 times (x 78B)
Class com.android.build.gradle.internal.scope.InternalArtifactType$LINT_VITAL_LINT_MODEL: loaded 2 times (x 74B)
Class com.android.build.gradle.internal.scope.InternalArtifactType$UNIT_TEST_CONFIG_DIRECTORY: loaded 2 times (x 74B)
Class com.android.build.api.variant.impl.ResSourceDirectoriesImpl                     : loaded 2 times (x 92B)
Class com.android.build.gradle.internal.scope.InternalArtifactType$EXTERNAL_FILE_LIB_DEX_ARCHIVES: loaded 2 times (x 74B)
Class com.android.build.api.variant.impl.DexPackagingOptionsImpl                      : loaded 2 times (x 75B)
Class com.android.build.gradle.tasks.ProcessTestManifest                              : loaded 2 times (x 348B)
Class com.android.build.gradle.internal.tasks.MergeNativeLibsTaskKt                   : loaded 2 times (x 71B)
Class com.android.build.api.component.impl.MutableListBackedUpWithListProperty        : loaded 2 times (x 205B)
Class com.android.build.gradle.tasks.MergeResources$CreationAction$handleProvider$5   : loaded 2 times (x 78B)
Class com.google.gson.internal.LinkedTreeMap$EntrySet                                 : loaded 2 times (x 136B)
Class com.android.build.api.variant.VariantExtensionConfig                            : loaded 2 times (x 70B)
Class com.android.build.gradle.internal.core.dsl.AndroidTestComponentDslInfo          : loaded 2 times (x 70B)
Class com.android.build.gradle.internal.dependency.VariantDependencies                : loaded 2 times (x 76B)
Class com.android.build.gradle.internal.plugins.DslContainerProvider$lock$3           : loaded 2 times (x 74B)
Class com.android.builder.model.v2.models.ndk.NativeModelBuilderParameter             : loaded 2 times (x 70B)
Class com.android.build.gradle.internal.api.artifact.SourceArtifactType               : loaded 2 times (x 74B)
Class com.android.build.gradle.internal.dsl.decorator.annotation.RuntimeGuardedExperimentalApi: loaded 2 times (x 70B)
Class com.android.build.gradle.internal.dsl.PrivacySandboxSdkOptimizationImpl         : loaded 2 times (x 75B)
Class com.android.build.api.dsl.AgpTestSuite                                          : loaded 2 times (x 70B)
Class com.android.build.api.dsl.MaxSdkVersion                                         : loaded 2 times (x 70B)
Class [Lcom.android.build.gradle.internal.dsl.decorator.SupportedPropertyType;        : loaded 2 times (x 69B)
Class com.android.build.gradle.internal.dsl.CoreExternalNativeCmakeOptions            : loaded 2 times (x 70B)
Class com.android.build.api.dsl.AndroidSourceFile                                     : loaded 2 times (x 70B)
Class com.android.build.gradle.internal.dsl.ManagedDevices                            : loaded 2 times (x 82B)
Class com.android.build.gradle.internal.dsl.CmakeOptions$AgpDecorated_Decorated       : loaded 2 times (x 146B)
Class [Lcom.android.tools.analytics.Environment$EnvironmentVariable;                  : loaded 2 times (x 69B)
Class com.android.SdkConstants                                                        : loaded 2 times (x 71B)
Class com.google.gson.internal.bind.TypeAdapters$20                                   : loaded 2 times (x 75B)
Class com.android.build.gradle.internal.services.R8D8ThreadPoolBuildService$Companion : loaded 2 times (x 71B)
Class com.android.build.gradle.internal.dsl.SdkComponentsImpl_Decorated               : loaded 2 times (x 130B)
Class [Lcom.android.build.gradle.options.TestRunnerArguments;                         : loaded 2 times (x 69B)
Class com.android.build.api.instrumentation.manageddevice.ManagedDeviceRegistry       : loaded 2 times (x 70B)
Class com.android.build.gradle.internal.services.GlobalServiceRegistrationAction$execute$1: loaded 2 times (x 75B)
Class com.android.build.gradle.internal.services.RunOnceBuildService                  : loaded 2 times (x 70B)
Class org.gradle.internal.classpath.DefaultClassPath$ImmutableUniqueList$Builder      : loaded 2 times (x 75B)
Class com.android.build.gradle.internal.dependency.JdkImageTransform$Inject_1         : loaded 2 times (x 110B)
Class com.android.build.gradle.internal.dependency.JdkImageTransformKt$registerJdkImageTransform$1: loaded 2 times (x 75B)
Class com.sun.xml.bind.v2.runtime.unmarshaller.Intercepter                            : loaded 2 times (x 70B)
Class [Ljavax.xml.bind.annotation.XmlAccessOrder;                                     : loaded 2 times (x 69B)
Class javax.xml.bind.annotation.adapters.XmlJavaTypeAdapters                          : loaded 2 times (x 70B)
Class com.android.sdklib.repository.meta.AddonFactory                                 : loaded 2 times (x 74B)
Class com.android.build.gradle.internal.SdkDirectLoadingStrategy$Companion            : loaded 2 times (x 71B)
Class com.android.build.gradle.internal.dependency.DexingRegistration$ComponentSpecificParameters: loaded 2 times (x 72B)
Class com.android.build.gradle.internal.utils.DesugarLibUtils                         : loaded 2 times (x 71B)
Class com.android.build.gradle.internal.dependency.AarResourcesCompilerTransform$Inject_1: loaded 2 times (x 109B)
Class com.android.build.gradle.internal.cxx.configure.NdkLocator                      : loaded 2 times (x 72B)
Class com.android.build.gradle.internal.tasks.CheckDuplicateClassesTask               : loaded 2 times (x 326B)
Class com.android.build.gradle.internal.scope.InternalArtifactType$FULL_JAR           : loaded 2 times (x 74B)
Class com.android.build.gradle.internal.scope.InternalArtifactType$JAVA_RES           : loaded 2 times (x 74B)
Class com.android.build.api.component.impl.features.OptimizationCreationConfigImpl    : loaded 2 times (x 86B)
Class com.android.build.gradle.tasks.MergeResources$CreationAction$handleProvider$6   : loaded 2 times (x 78B)
Class [Lcom.android.build.gradle.tasks.MergeResources$Flag;                           : loaded 2 times (x 69B)
Class com.android.build.gradle.internal.dependency.ProvidedClasspathSubtractor$excludes$1: loaded 2 times (x 79B)
Class com.android.build.gradle.internal.dependency.VariantDependencies$WhenMappings   : loaded 2 times (x 71B)
Class [Lcom.android.tools.build.jetifier.processor.transform.Transformer;             : loaded 2 times (x 69B)
Class com.android.tools.build.jetifier.core.pom.PomRewriteRule                        : loaded 2 times (x 72B)
Class com.google.gson.stream.JsonToken                                                : loaded 2 times (x 79B)
Class com.android.build.api.variant.InternalSources                                   : loaded 2 times (x 70B)
Class com.android.build.gradle.internal.plugins.DslContainerProvider$lock$4           : loaded 2 times (x 75B)
Class com.android.build.api.dsl.CompileSdkReleaseSpec                                 : loaded 2 times (x 70B)
Class com.android.build.api.transform.Transform                                       : loaded 2 times (x 88B)
Class com.android.build.gradle.internal.core.InternalBaseVariant                      : loaded 2 times (x 70B)
Class com.android.build.gradle.internal.scope.DelayedActionsExecutor                  : loaded 2 times (x 72B)
Class com.android.build.gradle.internal.plugins.BasePlugin$Companion$createAndroidJdkImageConfiguration$1: loaded 2 times (x 74B)
Class [Lcom.android.prefs.LocationValue;                                              : loaded 2 times (x 69B)
Class com.android.build.gradle.internal.services.FakeDependencyJarBuildService$FakeDependencyJarCreator$Params: loaded 2 times (x 70B)
Class com.android.build.gradle.internal.tasks.SigningConfigUtils$Companion$gson$2     : loaded 2 times (x 78B)
Class com.android.build.api.artifact.impl.SingleInitialProviderRequestImpl$on$2       : loaded 2 times (x 75B)
Class com.google.gson.internal.bind.TypeAdapters$21                                   : loaded 2 times (x 75B)
Class com.google.gson.FieldNamingPolicy$1                                             : loaded 2 times (x 83B)
Class com.android.utils.Environment                                                   : loaded 2 times (x 74B)
Class com.android.build.gradle.internal.plugins.LibraryPlugin                         : loaded 2 times (x 97B)
Class com.android.build.gradle.AssetPackPluginKt                                      : loaded 2 times (x 71B)
Class com.google.common.collect.AbstractRangeSet                                      : loaded 2 times (x 114B)
Class [Lcom.sun.xml.bind.v2.runtime.property.PropertyImpl;                            : loaded 2 times (x 69B)
Class com.sun.xml.bind.v2.runtime.IllegalAnnotationException                          : loaded 2 times (x 86B)
Class com.sun.xml.bind.v2.model.impl.RuntimeEnumLeafInfoImpl                          : loaded 2 times (x 149B)
Class javax.xml.bind.JAXBIntrospector                                                 : loaded 2 times (x 73B)
Class com.android.repository.api.SettingsController                                   : loaded 2 times (x 70B)
Class com.android.build.gradle.internal.tasks.ProcessJavaResTaskKt                    : loaded 2 times (x 71B)
Class com.android.build.gradle.internal.scope.InternalArtifactType$AIDL_PARCELABLE    : loaded 2 times (x 74B)
Class com.android.build.gradle.internal.dependency.AarTransform$Companion             : loaded 2 times (x 71B)
Class com.android.build.gradle.internal.core.MergedExternalNativeBuildOptions         : loaded 2 times (x 87B)
Class com.android.build.gradle.internal.lint.AndroidLintAnalysisTask$PerComponentCreationAction: loaded 2 times (x 90B)
Class com.android.build.gradle.internal.tasks.DexMergingTask$CreationAction$WhenMappings: loaded 2 times (x 71B)
Class com.android.build.gradle.internal.tasks.CheckDuplicateClassesTask$CreationAction: loaded 2 times (x 90B)
Class com.android.build.gradle.internal.core.dsl.DynamicFeatureVariantDslInfo         : loaded 2 times (x 70B)
Class com.android.build.gradle.internal.tasks.MergeJavaResourceTask                   : loaded 2 times (x 333B)
Class com.android.build.gradle.internal.dsl.ModulePropertyKey$OptionalBoolean         : loaded 2 times (x 83B)
Class com.android.build.api.component.impl.OldVariantApiLegacySupportImpl             : loaded 2 times (x 89B)
Class com.android.build.gradle.tasks.MergeSourceSetFolders$MergeAssetBaseCreationAction: loaded 2 times (x 91B)
Class com.android.build.gradle.internal.tasks.ProcessNavigationXmlTask                : loaded 2 times (x 331B)
Class com.android.build.api.component.impl.features.OptimizationCreationConfigImpl$proguardFiles$2: loaded 2 times (x 79B)
Class com.android.build.gradle.internal.scope.InternalArtifactType$CHECK_MANIFEST_RESULT: loaded 2 times (x 74B)
Class com.android.build.gradle.internal.scope.InternalArtifactType$NESTED_RESOURCES_VALIDATION_REPORT: loaded 2 times (x 74B)
Class com.android.build.gradle.internal.HostTestTaskManager$createTopLevelTasksCore$1 : loaded 2 times (x 75B)
Class com.android.tools.build.jetifier.core.utils.Log                                 : loaded 2 times (x 71B)
Class com.android.build.gradle.internal.VariantManager$getFlavorSelection$1           : loaded 2 times (x 78B)
Class com.android.build.gradle.internal.dsl.ModulePropertyKey                         : loaded 2 times (x 70B)
Class com.android.build.gradle.internal.core.dsl.impl.ComponentDslInfoImpl$androidResourcesDsl$2: loaded 2 times (x 79B)
Class com.android.build.gradle.internal.VariantManager$getLazyManifestParser$1        : loaded 2 times (x 79B)
Class com.android.build.gradle.internal.plugins.DslContainerProvider$lock$5           : loaded 2 times (x 75B)
Class com.android.build.api.variant.SourceDirectories                                 : loaded 2 times (x 70B)
Class com.android.build.gradle.internal.tasks.SourceSetsTask                          : loaded 2 times (x 332B)
Class com.android.build.gradle.internal.dsl.CompileSdkDelegate$compileSdk$1           : loaded 2 times (x 79B)
Class com.android.build.gradle.internal.plugins.BasePlugin$Companion$createAndroidJdkImageConfiguration$2: loaded 2 times (x 74B)
Class com.android.build.gradle.internal.ManagedDeviceUtilsKt                          : loaded 2 times (x 71B)
Class com.android.build.api.annotations.ReplacedByIncubating                          : loaded 2 times (x 70B)
Class com.android.buildanalyzer.common.AndroidGradlePluginAttributionData$JavaInfo    : loaded 2 times (x 72B)
Class com.google.gson.internal.bind.TypeAdapters$22                                   : loaded 2 times (x 75B)
Class com.google.gson.TypeAdapter$1                                                   : loaded 2 times (x 74B)
Class com.google.gson.FieldNamingPolicy$2                                             : loaded 2 times (x 83B)
Class com.google.gson.internal.Excluder$1                                             : loaded 2 times (x 74B)
Class com.android.build.gradle.internal.attributes.VariantAttr                        : loaded 2 times (x 70B)
Class com.android.build.gradle.internal.scope.InternalArtifactType$AAPT_FRIENDLY_MERGED_MANIFESTS: loaded 2 times (x 74B)
Class com.android.build.gradle.internal.services.GlobalServiceRegistrationAction      : loaded 2 times (x 73B)
Class org.gradle.api.GradleException                                                  : loaded 2 times (x 82B)
Class com.android.repository.impl.generated.v1.PatchType                              : loaded 2 times (x 87B)
Class com.sun.xml.bind.v2.runtime.reflect.Accessor$ReadOnlyFieldReflection            : loaded 2 times (x 85B)
Class com.sun.xml.bind.v2.model.core.AttributePropertyInfo                            : loaded 2 times (x 70B)
Class com.sun.xml.bind.v2.model.impl.RuntimeReferencePropertyInfoImpl                 : loaded 2 times (x 141B)
Class javax.xml.bind.Binder                                                           : loaded 2 times (x 85B)
Class javax.xml.bind.JAXBContext                                                      : loaded 2 times (x 78B)
Class [Lcom.android.repository.Revision$PreviewComparison;                            : loaded 2 times (x 69B)
Class com.android.builder.sdk.SdkLibData                                              : loaded 2 times (x 77B)
Class com.android.build.gradle.internal.tasks.SigningReportTask                       : loaded 2 times (x 314B)
Class com.android.build.gradle.internal.tasks.ListingFileRedirectTask$CreationAction$handleProvider$1: loaded 2 times (x 127B)
Class com.android.ide.common.gradle.Version                                           : loaded 2 times (x 75B)
Class com.android.build.gradle.internal.res.LinkApplicationAndroidResourcesTask$CreationAction: loaded 2 times (x 96B)
Class com.android.build.gradle.internal.scope.InternalArtifactType$CONSUMER_PROGUARD_DIR: loaded 2 times (x 74B)
Class com.android.build.gradle.internal.HostTestTaskManager$createTopLevelTasksCore$2 : loaded 2 times (x 75B)
Class com.android.build.api.instrumentation.FramesComputationMode                     : loaded 2 times (x 79B)
Class com.android.build.api.dsl.ApkExtension                                          : loaded 2 times (x 70B)
Class com.android.build.gradle.internal.VariantManager$getFlavorSelection$2           : loaded 2 times (x 79B)
Class com.android.build.api.variant.impl.GlobalVariantBuilderConfigImpl               : loaded 2 times (x 77B)
Class com.android.build.gradle.internal.plugins.DslContainerProvider$lock$6           : loaded 2 times (x 75B)
Class com.android.build.gradle.internal.lint.AndroidLintGlobalTask$LintFixCreationAction$Companion: loaded 2 times (x 71B)
Class com.android.build.api.artifact.impl.SinglePropertyAdapter                       : loaded 2 times (x 78B)
Class com.android.build.api.dsl.PostProcessing                                        : loaded 2 times (x 70B)
Class com.android.build.api.artifact.impl.TypedStorageProvider                        : loaded 2 times (x 72B)
Class com.android.build.gradle.internal.plugins.BasePlugin$globalConfig$2$1           : loaded 2 times (x 79B)
Class com.android.build.gradle.internal.dsl.VariantDimensionBinaryCompatibilityFixParent: loaded 2 times (x 70B)
Class com.android.build.gradle.internal.services.VersionedSdkLoaderService$versionedSdkLoader$2$1: loaded 2 times (x 75B)
Class com.android.build.gradle.internal.ide.dependencies.LibraryDependencyCacheBuildService$Parameters: loaded 2 times (x 70B)
Class com.google.wireless.android.sdk.stats.GradleBuildMemorySample                   : loaded 2 times (x 203B)
Class com.android.build.gradle.internal.res.Aapt2FromMaven$Companion$create$aapt2Directory$1$1: loaded 2 times (x 74B)
Class com.google.gson.internal.bind.TypeAdapters$23                                   : loaded 2 times (x 75B)
Class com.google.common.collect.ForwardingMap                                         : loaded 2 times (x 132B)
Class com.google.gson.FieldNamingPolicy$3                                             : loaded 2 times (x 83B)
Class com.android.build.gradle.internal.res.LinkApplicationAndroidResourcesTask       : loaded 2 times (x 372B)
Class com.android.build.gradle.options.ProjectOptions$OptionValue                     : loaded 2 times (x 72B)
Class com.google.common.base.Suppliers$MemoizingSupplier                              : loaded 2 times (x 79B)
Class com.sun.xml.bind.v2.runtime.reflect.PrimitiveArrayListerBoolean                 : loaded 2 times (x 76B)
Class com.sun.xml.bind.v2.runtime.property.Property                                   : loaded 2 times (x 70B)
Class com.android.sdklib.repository.generated.sysimg.v3.SysImgDetailsType             : loaded 2 times (x 138B)
Class com.android.repository.api.RepositorySource                                     : loaded 2 times (x 70B)
Class com.sun.xml.bind.v2.model.impl.ClassInfoImpl$1                                  : loaded 2 times (x 71B)
Class com.sun.xml.bind.v2.runtime.reflect.Accessor$GetterOnlyReflection               : loaded 2 times (x 85B)
Class javax.xml.bind.annotation.XmlMixed                                              : loaded 2 times (x 70B)
Class com.sun.xml.bind.v2.model.nav.ReflectionNavigator                               : loaded 2 times (x 123B)
Class com.sun.xml.bind.v2.model.annotation.AnnotationReader                           : loaded 2 times (x 70B)
Class com.android.repository.impl.generated.v1.LicenseType                            : loaded 2 times (x 87B)
Class com.android.sdklib.repository.generated.common.v1.LibraryType                   : loaded 2 times (x 90B)
Class com.android.sdklib.repository.meta.DetailsTypes$AddonDetailsType                : loaded 2 times (x 70B)
Class com.android.sdklib.repository.legacy.remote.internal.DownloadCache              : loaded 2 times (x 77B)
Class com.android.build.gradle.internal.publishing.PublishingSpecs$Companion$1        : loaded 2 times (x 78B)
Class com.android.build.api.variant.VariantOutputConfiguration                        : loaded 2 times (x 70B)
Class com.android.build.gradle.internal.tasks.CompressAssetsTask$CreationAction$handleProvider$1: loaded 2 times (x 127B)
Class com.android.build.gradle.internal.scope.InternalArtifactType$PUBLIC_RES         : loaded 2 times (x 74B)
Class com.android.build.api.component.impl.features.AndroidResourcesCreationConfigImpl$pseudoLocalesEnabled$2: loaded 2 times (x 79B)
Class com.android.build.gradle.internal.tasks.PrepareLintJarForPublish                : loaded 2 times (x 321B)
Class com.android.build.gradle.internal.VariantTaskManager$Companion                  : loaded 2 times (x 71B)
Class com.android.build.gradle.internal.tasks.ExtractProguardFiles$CreationAction$handleProvider$1: loaded 2 times (x 127B)
Class com.android.build.gradle.internal.dsl.SdkComponentsImpl$ndkDirectory$2          : loaded 2 times (x 79B)
Class com.android.build.gradle.internal.dsl.Splits$AgpDecorated_Decorated             : loaded 2 times (x 141B)
Class com.android.build.api.dsl.FailureRetention                                      : loaded 2 times (x 70B)
Class com.android.repository.Revision$Precision                                       : loaded 2 times (x 79B)
Class com.android.build.api.dsl.ConfigurableFiles                                     : loaded 2 times (x 70B)
Class com.android.builder.internal.StringCachingService                               : loaded 2 times (x 70B)
Class com.google.protobuf.Internal$EnumLiteMap                                        : loaded 2 times (x 70B)
Class com.google.wireless.android.sdk.stats.GradleBuildMemorySample$1                 : loaded 2 times (x 151B)
Class com.google.gson.internal.bind.TypeAdapters$34$1                                 : loaded 2 times (x 74B)
Class com.google.gson.internal.bind.TypeAdapters$24                                   : loaded 2 times (x 75B)
Class com.google.gson.FieldNamingPolicy$4                                             : loaded 2 times (x 83B)
Class com.android.build.gradle.internal.tasks.UninstallTask                           : loaded 2 times (x 330B)
Class com.android.build.gradle.options.FeatureStage$Experimental                      : loaded 2 times (x 72B)
Class [Lcom.android.build.gradle.internal.errors.DeprecationReporter$DeprecationTarget;: loaded 2 times (x 69B)
Class com.android.build.gradle.internal.services.ProjectServices                      : loaded 2 times (x 72B)
Class ijKotlinCoroutineJvmDebugInit1_8kjtmmbteatukbubhuxx9f7lo$_run_closure1$_closure2: loaded 2 times (x 139B)
Class com.android.build.gradle.internal.res.ParseLibraryResourcesTask_Decorated       : loaded 2 times (x 385B)
Class com.sun.xml.bind.v2.model.impl.PropertyInfoImpl$1                               : loaded 2 times (x 71B)
Class javax.xml.bind.annotation.XmlInlineBinaryData                                   : loaded 2 times (x 70B)
Class com.sun.xml.bind.v2.runtime.Location                                            : loaded 2 times (x 70B)
Class javax.xml.bind.JAXBContextFactory                                               : loaded 2 times (x 70B)
Class com.android.build.gradle.internal.SystemPropertiesFactory                       : loaded 2 times (x 71B)
Class com.android.build.gradle.internal.scope.InternalArtifactType$DATA_BINDING_ARTIFACT: loaded 2 times (x 74B)
Class com.android.build.gradle.internal.publishing.PublishingSpecs$Companion$2        : loaded 2 times (x 78B)
Class com.android.build.gradle.internal.dependency.ExtractNavigationXmlTransform$Inject_1: loaded 2 times (x 109B)
Class com.android.build.gradle.internal.dependency.ClassesDirToClassesTransform$Inject_1: loaded 2 times (x 109B)
Class com.android.build.gradle.internal.services.Aapt2Input                           : loaded 2 times (x 70B)
Class com.android.build.gradle.internal.SdkLocationSourceSet                          : loaded 2 times (x 72B)
Class com.android.build.gradle.internal.scope.InternalArtifactType$ANDROID_TEST_LINT_PARTIAL_RESULTS: loaded 2 times (x 74B)
Class com.android.build.gradle.internal.scope.InternalArtifactType$APK_IDE_MODEL      : loaded 2 times (x 74B)
Class com.android.build.api.variant.impl.SigningConfigImpl$storeType$1                : loaded 2 times (x 75B)
Class com.android.build.gradle.internal.ScreenshotTestTaskManager                     : loaded 2 times (x 82B)
Class com.google.gson.internal.LinkedTreeMap$EntrySet$1                               : loaded 2 times (x 81B)
Class com.android.build.api.component.impl.HostTestImpl$androidResourcesCreationConfig$2: loaded 2 times (x 79B)
Class com.android.build.gradle.internal.variant.TestVariantData                       : loaded 2 times (x 72B)
Class com.android.build.gradle.internal.scope.MutableTaskContainer                    : loaded 2 times (x 96B)
Class com.android.build.api.attributes.AgpVersionAttr$Companion                       : loaded 2 times (x 71B)
Class com.android.build.api.variant.impl.DeviceTestBuilderImpl$Companion              : loaded 2 times (x 71B)
Class com.android.build.gradle.internal.core.MergedOptimization                       : loaded 2 times (x 76B)
Class com.android.build.gradle.internal.core.dsl.impl.ComponentDslInfoImpl            : loaded 2 times (x 120B)
Class com.android.build.gradle.internal.manifest.ManifestValueSource$Params           : loaded 2 times (x 70B)
Class com.android.build.gradle.internal.services.VariantBuilderServicesImpl           : loaded 2 times (x 88B)
Class com.android.build.gradle.internal.dsl.AdbOptions                                : loaded 2 times (x 92B)
Class com.android.build.api.artifact.ArtifactKind                                     : loaded 2 times (x 72B)
Class com.android.build.gradle.internal.dsl.PackagingOptions                          : loaded 2 times (x 111B)
Class com.android.build.api.dsl.JavaCompileOptions                                    : loaded 2 times (x 70B)
Class com.android.build.gradle.internal.dsl.BundleOptionsTexture                      : loaded 2 times (x 81B)
Class org.bouncycastle.operator.OperatorCreationException                             : loaded 2 times (x 82B)
Class com.android.build.gradle.internal.plugins.BasePlugin$versionedSdkLoaderService$2$1: loaded 2 times (x 79B)
Class [Lcom.android.prefs.VariableType;                                               : loaded 2 times (x 69B)
Class com.android.build.gradle.internal.services.UsesAapt2ThreadPoolBuildService      : loaded 2 times (x 70B)
Class com.google.protobuf.LazyStringList                                              : loaded 2 times (x 70B)
Class com.google.gson.internal.bind.TypeAdapters$25                                   : loaded 2 times (x 75B)
Class com.google.gson.FieldNamingPolicy$5                                             : loaded 2 times (x 83B)
Class com.android.utils.Environment$Companion                                         : loaded 2 times (x 71B)
Class com.android.build.gradle.internal.plugins.VersionCheckPlugin$apply$1            : loaded 2 times (x 79B)
Class com.android.build.api.variant.impl.FlatSourceDirectoriesImpl$getAsFileTreesForOldVariantAPI$1: loaded 2 times (x 75B)
Class com.sun.xml.bind.v2.runtime.JaxBeanInfo$1                                       : loaded 2 times (x 77B)
Class javax.xml.bind.ValidationEvent                                                  : loaded 2 times (x 70B)
Class com.sun.xml.bind.v2.model.impl.Utils                                            : loaded 2 times (x 71B)
Class com.android.repository.api.Channel                                              : loaded 2 times (x 81B)
Class com.android.sdklib.repository.meta.Library                                      : loaded 2 times (x 89B)
Class com.android.sdklib.repository.generated.sysimg.v4.ObjectFactory                 : loaded 2 times (x 75B)
Class com.android.build.gradle.internal.PlatformToolsComponents$Companion$build$fileExists$1: loaded 2 times (x 75B)
Class com.android.build.gradle.internal.SdkComponentsBuildService$VersionedSdkLoader$coreForSystemModulesProvider$1: loaded 2 times (x 75B)
Class com.android.build.gradle.internal.DependencyResourcesComputer                   : loaded 2 times (x 80B)
Class com.android.build.gradle.internal.publishing.PublishingSpecs$Companion$3        : loaded 2 times (x 78B)
Class com.android.build.gradle.internal.scope.InternalArtifactType$FEATURE_NAME       : loaded 2 times (x 74B)
Class com.android.build.gradle.internal.scope.InternalArtifactType$NATIVE_SYMBOL_TABLES: loaded 2 times (x 74B)
Class com.android.build.gradle.internal.scope.InternalArtifactType$AAPT_PROGUARD_FILE : loaded 2 times (x 74B)
Class com.android.build.api.artifact.SingleArtifact$OBFUSCATION_MAPPING_FILE          : loaded 2 times (x 74B)
Class com.android.build.gradle.internal.dependency.DexingOutputSplitTransform$DexOutput: loaded 2 times (x 79B)
Class com.android.build.gradle.internal.dependency.LibrarySymbolTableTransform$Inject_1: loaded 2 times (x 109B)
Class com.android.build.gradle.internal.NdkHandlerInput                               : loaded 2 times (x 73B)
Class com.android.build.gradle.internal.scope.InternalArtifactType$CODE_COVERAGE      : loaded 2 times (x 74B)
Class com.android.build.api.variant.impl.FileBasedDirectoryEntryImpl                  : loaded 2 times (x 83B)
Class [Lcom.android.build.gradle.internal.scope.Java8LangSupport;                     : loaded 2 times (x 69B)
Class [Lcom.android.ide.common.gradle.Separator;                                      : loaded 2 times (x 69B)
Class com.android.build.gradle.internal.component.KmpComponentCreationConfig          : loaded 2 times (x 70B)
Class com.android.build.gradle.internal.tasks.MergeGeneratedProguardFilesCreationAction$Companion: loaded 2 times (x 71B)
Class com.android.build.gradle.internal.scope.AndroidTestBuildFeatureValuesImpl       : loaded 2 times (x 100B)
Class com.android.build.gradle.internal.plugins.BasePlugin$variantManager$2$1         : loaded 2 times (x 79B)
Class com.android.build.gradle.internal.dsl.PostProcessingBlock_Decorated             : loaded 2 times (x 169B)
Class com.android.builder.model.CodeShrinker                                          : loaded 2 times (x 79B)
Class com.android.build.gradle.internal.tasks.factory.GlobalTaskCreationConfigImpl$Companion: loaded 2 times (x 71B)
Class com.android.build.api.dsl.UnitTestOptions                                       : loaded 2 times (x 70B)
Class com.android.builder.core.ToolsRevisionUtils                                     : loaded 2 times (x 71B)
Class com.android.build.gradle.internal.publishing.OutputSpecImpl                     : loaded 2 times (x 78B)
Class com.android.builder.model.BaseConfig                                            : loaded 2 times (x 70B)
Class com.android.build.gradle.internal.dsl.AndroidSourceSetFactory                   : loaded 2 times (x 77B)
Class [Lcom.google.wireless.android.sdk.stats.GradleBuildVariant$VariantType;         : loaded 2 times (x 69B)
Class com.android.prefs.QueryResult                                                   : loaded 2 times (x 82B)
Class com.android.tools.analytics.HostData$runtimeBean$2                              : loaded 2 times (x 78B)
Class com.google.protobuf.MutabilityOracle                                            : loaded 2 times (x 70B)
Class com.google.protobuf.GeneratedMessageV3$Builder                                  : loaded 2 times (x 278B)
Class com.google.gson.internal.bind.ArrayTypeAdapter                                  : loaded 2 times (x 74B)
Class com.google.gson.internal.bind.TypeAdapters$26                                   : loaded 2 times (x 75B)
Class com.google.gson.FieldNamingPolicy$6                                             : loaded 2 times (x 83B)
Class com.android.build.gradle.options.ApiStage$Removed                               : loaded 2 times (x 72B)
Class com.android.build.gradle.internal.plugins.BasePlugin$apply$1                    : loaded 2 times (x 75B)
Class ijKotlinCoroutineJvmDebugInit1_8kjtmmbteatukbubhuxx9f7lo$_run_closure1          : loaded 2 times (x 139B)
Class org.gradle.internal.IoActions                                                   : loaded 2 times (x 71B)
Class com.sun.xml.bind.v2.runtime.property.ArrayERProperty$ReceiverImpl               : loaded 2 times (x 75B)
Class [Ljavax.xml.bind.annotation.XmlElement;                                         : loaded 2 times (x 69B)
Class com.sun.xml.bind.v2.runtime.reflect.Utils$1                                     : loaded 2 times (x 77B)
Class javax.xml.bind.annotation.XmlAccessType                                         : loaded 2 times (x 79B)
Class javax.xml.bind.annotation.XmlType                                               : loaded 2 times (x 70B)
Class com.sun.xml.bind.v2.model.annotation.XmlEnumQuick                               : loaded 2 times (x 91B)
Class com.sun.xml.bind.v2.model.annotation.RuntimeInlineAnnotationReader              : loaded 2 times (x 106B)
Class com.android.ide.common.resources.FileValidity$FileStatus                        : loaded 2 times (x 79B)
Class com.android.build.gradle.internal.publishing.PublishingSpecs$Companion$4        : loaded 2 times (x 78B)
Class com.android.build.api.artifact.SingleArtifact$BUNDLE                            : loaded 2 times (x 74B)
Class com.android.build.gradle.internal.dependency.RecalculateStackFramesTransform$Companion$registerRecalculateStackFramesTransform$1$1: loaded 2 times (x 75B)
Class com.android.build.gradle.internal.dependency.RecalculateStackFramesTransform    : loaded 2 times (x 79B)
Class com.android.build.gradle.internal.testing.utp.UtpDependency$1                   : loaded 2 times (x 127B)
Class com.android.build.gradle.internal.lint.AndroidLintAnalysisTask$Companion$registerOutputArtifacts$1: loaded 2 times (x 127B)
Class com.android.build.gradle.internal.scope.InternalArtifactType$DEX_METADATA_DIRECTORY: loaded 2 times (x 74B)
Class com.android.build.gradle.internal.scope.InternalArtifactType$ANNOTATION_PROCESSOR_LIST: loaded 2 times (x 74B)
Class com.google.gson.internal.reflect.ReflectionHelper                               : loaded 2 times (x 71B)
Class com.android.tools.build.jetifier.processor.archive.ArchiveItemVisitor           : loaded 2 times (x 70B)
Class com.android.build.gradle.internal.core.dsl.InstrumentedTestComponentDslInfo     : loaded 2 times (x 70B)
Class com.android.build.api.variant.impl.VariantImpl$pseudoLocalesEnabled$2           : loaded 2 times (x 79B)
Class com.android.build.api.component.impl.ComponentImpl$oldVariantApiLegacySupport$2 : loaded 2 times (x 79B)
Class com.android.build.gradle.internal.core.dsl.impl.DslInfoBuilder$Companion        : loaded 2 times (x 71B)
Class com.android.build.gradle.tasks.GenerateBuildConfig                              : loaded 2 times (x 338B)
Class com.android.build.gradle.tasks.AidlCompile                                      : loaded 2 times (x 330B)
Class com.android.build.gradle.internal.api.ReadOnlyObjectProvider                    : loaded 2 times (x 76B)
Class com.android.build.gradle.internal.ProguardFileType                              : loaded 2 times (x 79B)
Class com.android.builder.core.LibraryRequest                                         : loaded 2 times (x 72B)
Class com.android.builder.model.VectorDrawablesOptions                                : loaded 2 times (x 70B)
Class com.android.build.gradle.internal.scope.InternalArtifactType$METADATA_FEATURE_MANIFEST: loaded 2 times (x 74B)
Class com.android.build.gradle.internal.dsl.PrivacySandboxKeepRulesImpl               : loaded 2 times (x 88B)
Class com.android.build.gradle.internal.dsl.MaxSdkSpecImpl                            : loaded 2 times (x 79B)
Class com.android.build.gradle.internal.dsl.DefaultConfig                             : loaded 2 times (x 445B)
Class com.android.build.gradle.internal.services.AndroidLocationsBuildService$AndroidDirectoryCreator$Inject_: loaded 2 times (x 111B)
Class com.android.build.api.variant.impl.ArtifactMetadataProcessor$Companion$handleFinalizedByForType$1$1$1: loaded 2 times (x 75B)
Class com.google.common.base.Enums                                                    : loaded 2 times (x 71B)
Class com.google.gson.internal.bind.TypeAdapters$27                                   : loaded 2 times (x 75B)
Class com.google.gson.FieldNamingPolicy$7                                             : loaded 2 times (x 83B)
Class [Lcom.android.build.gradle.options.BooleanOption;                               : loaded 2 times (x 69B)
Class com.android.ide.common.resources.ResourcePreprocessor                           : loaded 2 times (x 70B)
Class com.android.build.gradle.internal.services.ServiceRegistrationAction$execute$1  : loaded 2 times (x 75B)
Class [Lcom.google.common.util.concurrent.DirectExecutor;                             : loaded 2 times (x 69B)
Class com.google.common.collect.ImmutableRangeSet$ComplementRanges                    : loaded 2 times (x 207B)
Class org.gradle.internal.classloader.SystemClassLoaderSpec                           : loaded 2 times (x 71B)
Class com.android.build.gradle.internal.dependency.JdkImageTransform                  : loaded 2 times (x 79B)
Class com.sun.xml.bind.v2.runtime.Utils$1                                             : loaded 2 times (x 77B)
Class com.sun.xml.bind.v2.runtime.reflect.PrimitiveArrayListerFloat                   : loaded 2 times (x 76B)
Class com.sun.xml.bind.v2.util.FlattenIterator                                        : loaded 2 times (x 79B)
Class com.sun.xml.bind.v2.model.impl.RuntimeElementInfoImpl$RuntimePropertyImpl       : loaded 2 times (x 160B)
Class com.sun.xml.bind.v2.model.runtime.RuntimePropertyInfo                           : loaded 2 times (x 70B)
Class com.sun.xml.bind.v2.model.annotation.XmlElementRefsQuick                        : loaded 2 times (x 91B)
Class javax.xml.bind.annotation.XmlElementRef                                         : loaded 2 times (x 70B)
Class com.android.repository.impl.generated.v1.ArchivesType                           : loaded 2 times (x 75B)
Class com.android.sdklib.BuildToolInfo                                                : loaded 2 times (x 76B)
Class com.android.build.gradle.internal.EnvironmentVariablesPropertiesFactory         : loaded 2 times (x 71B)
Class com.android.build.gradle.internal.publishing.PublishingSpecs$Companion$5        : loaded 2 times (x 78B)
Class com.android.build.gradle.internal.publishing.LibraryVariantSpecBuilder          : loaded 2 times (x 90B)
Class com.android.build.gradle.internal.dependency.RecalculateStackFramesTransform$Companion$registerRecalculateStackFramesTransform$1$2: loaded 2 times (x 77B)
Class com.android.build.gradle.internal.dependency.DexingRegistration                 : loaded 2 times (x 71B)
Class com.android.build.gradle.internal.dependency.ExtractProGuardRulesTransform$Companion: loaded 2 times (x 71B)
Class com.android.build.gradle.internal.testing.utp.UtpDependency$2                   : loaded 2 times (x 127B)
Class com.android.build.gradle.internal.services.R8D8ThreadPoolBuildService$Parameters_Decorated: loaded 2 times (x 127B)
Class com.android.build.gradle.internal.scope.InternalArtifactType$MERGED_RES_BLAME_FOLDER: loaded 2 times (x 74B)
Class com.android.build.gradle.internal.AndroidTestTaskManager                        : loaded 2 times (x 82B)
Class com.android.build.gradle.internal.core.dsl.impl.HostTestComponentDslInfoImpl$namespace$2: loaded 2 times (x 79B)
Class com.android.build.api.variant.TestFixtures                                      : loaded 2 times (x 70B)
Class com.android.build.api.variant.DeviceTest                                        : loaded 2 times (x 70B)
Class com.android.build.gradle.internal.core.dsl.impl.ConsumableComponentDslInfoImpl$renderscriptDslInfo$2: loaded 2 times (x 79B)
Class com.android.build.gradle.internal.SdkComponentsBuildService$VersionedNdkHandler : loaded 2 times (x 72B)
Class com.android.build.gradle.internal.dsl.SdkComponentsImpl$aidl$2                  : loaded 2 times (x 79B)
Class com.android.build.gradle.internal.dsl.CmakeOptions$AgpDecorated                 : loaded 2 times (x 102B)
Class com.android.build.gradle.internal.dependency.SourceSetManager$createConfigurationsForSourceSet$createKaptConfiguration$1: loaded 2 times (x 79B)
Class com.android.build.gradle.internal.dsl.JavaCompileOptions$AgpDecorated           : loaded 2 times (x 86B)
Class com.android.build.api.dsl.NdkBuildFlags                                         : loaded 2 times (x 70B)
Class com.android.build.gradle.internal.dsl.CoreExternalNativeNdkBuildOptions         : loaded 2 times (x 70B)
Class com.android.build.gradle.internal.dsl.DefaultConfig$AgpDecorated_Decorated      : loaded 2 times (x 525B)
Class com.android.sdklib.repository.meta.DetailsTypes$PlatformDetailsType$LayoutlibType: loaded 2 times (x 73B)
Class com.android.sdklib.util.CacheByCanonicalPath                                    : loaded 2 times (x 72B)
Class com.android.repository.impl.generated.v1.ObjectFactory                          : loaded 2 times (x 107B)
Class com.google.common.base.CaseFormat                                               : loaded 2 times (x 83B)
Class com.google.gson.internal.bind.TypeAdapters$EnumTypeAdapter                      : loaded 2 times (x 74B)
Class com.google.gson.internal.bind.TypeAdapters$28                                   : loaded 2 times (x 75B)
Class [Lcom.google.gson.LongSerializationPolicy;                                      : loaded 2 times (x 69B)
Class com.android.build.api.variant.CanMinifyCodeBuilder                              : loaded 2 times (x 70B)
Class com.android.build.gradle.internal.core.dsl.impl.features.ShadersDslInfoImpl     : loaded 2 times (x 76B)
Class javax.xml.bind.annotation.W3CDomHandler                                         : loaded 2 times (x 85B)
Class com.sun.xml.bind.v2.runtime.reflect.TransducedAccessor$IDREFTransducedAccessorImpl: loaded 2 times (x 80B)
Class com.sun.xml.bind.v2.runtime.unmarshaller.WildcardLoader                         : loaded 2 times (x 79B)
Class com.sun.xml.bind.v2.runtime.unmarshaller.XsiTypeLoader                          : loaded 2 times (x 78B)
Class com.sun.xml.bind.v2.runtime.reflect.AdaptedAccessor                             : loaded 2 times (x 85B)
Class com.sun.xml.bind.v2.model.impl.LeafInfoImpl                                     : loaded 2 times (x 102B)
Class com.android.sdklib.repository.generated.addon.v1.LibrariesType                  : loaded 2 times (x 75B)
Class com.android.sdklib.repository.AndroidSdkHandler                                 : loaded 2 times (x 72B)
Class [Lcom.android.sdklib.repository.legacy.remote.internal.DownloadCache$Strategy;  : loaded 2 times (x 69B)
Class com.android.build.gradle.internal.GradleLocalPropertiesFactory$get$propertiesContent$1: loaded 2 times (x 75B)
Class com.android.build.gradle.internal.tasks.ProcessJavaResTask_Decorated            : loaded 2 times (x 629B)
Class com.android.build.gradle.internal.dependency.RecalculateStackFramesTransform$Parameters_Decorated: loaded 2 times (x 138B)
Class com.android.build.gradle.internal.testing.utp.UtpDependency$3                   : loaded 2 times (x 127B)
Class com.android.build.gradle.internal.scope.InternalArtifactType$DEVICE_PROVIDER_CODE_COVERAGE: loaded 2 times (x 74B)
Class com.android.build.gradle.internal.res.LinkApplicationAndroidResourcesTask$CreationAction$handleProvider$1: loaded 2 times (x 127B)
Class com.android.build.gradle.internal.tasks.factory.features.OptimizationTaskCreationActionImpl: loaded 2 times (x 75B)
Class com.android.build.gradle.internal.res.ParseLibraryResourcesTask                 : loaded 2 times (x 332B)
Class com.android.build.gradle.internal.variant.BaseVariantData$DiscoverableFilterType$DENSITY: loaded 2 times (x 80B)
Class com.android.build.gradle.internal.TaskManager$MergeType$PACKAGE                 : loaded 2 times (x 80B)
Class com.android.build.gradle.internal.tasks.ValidateResourcesTask                   : loaded 2 times (x 327B)
Class com.android.build.api.variant.SigningConfig                                     : loaded 2 times (x 70B)
Class com.android.build.gradle.internal.component.features.DexingCreationConfig       : loaded 2 times (x 70B)
Class com.android.build.gradle.internal.core.dsl.impl.AndroidTestComponentDslInfoImpl$signingConfigResolver$2: loaded 2 times (x 79B)
Class com.android.build.api.variant.Renderscript                                      : loaded 2 times (x 70B)
Class com.android.build.gradle.internal.dependency.SourceTypeCompatibilityRule        : loaded 2 times (x 76B)
Class com.android.build.gradle.internal.api.artifact.SourceArtifactType$JNI           : loaded 2 times (x 74B)
Class com.sun.xml.bind.v2.model.impl.ArrayInfoImpl                                    : loaded 2 times (x 98B)
Class com.android.build.gradle.internal.dsl.LibraryAndroidResourcesImpl               : loaded 2 times (x 126B)
Class com.android.build.gradle.internal.model.CoreExternalNativeBuild                 : loaded 2 times (x 70B)
Class com.android.build.api.dsl.ApplicationProductFlavor                              : loaded 2 times (x 70B)
Class com.sun.xml.bind.v2.model.impl.ModelBuilder$1                                   : loaded 2 times (x 76B)
Class com.google.protobuf.AbstractProtobufList                                        : loaded 2 times (x 229B)
Class com.google.gson.internal.bind.MapTypeAdapterFactory                             : loaded 2 times (x 75B)
Class com.google.gson.internal.bind.TypeAdapters$29                                   : loaded 2 times (x 75B)
Class com.google.gson.JsonNull                                                        : loaded 2 times (x 92B)
Class com.sun.xml.bind.v2.runtime.property.Utils                                      : loaded 2 times (x 71B)
Class com.google.common.util.concurrent.ListeningScheduledExecutorService             : loaded 2 times (x 70B)
Class com.google.common.io.ByteStreams$LimitedInputStream                             : loaded 2 times (x 92B)
Class com.google.common.base.Suppliers$NonSerializableMemoizingSupplier               : loaded 2 times (x 79B)
Class javax.xml.bind.ValidationEventLocator                                           : loaded 2 times (x 70B)
Class com.sun.xml.bind.v2.runtime.ElementBeanInfoImpl$IntercepterLoader               : loaded 2 times (x 81B)
Class com.android.sdklib.repository.generated.repository.v2.PlatformDetailsType       : loaded 2 times (x 120B)
Class [Lcom.sun.xml.bind.v2.model.impl.PropertyInfoImpl;                              : loaded 2 times (x 69B)
Class com.sun.xml.bind.v2.model.annotation.XmlElementDeclQuick                        : loaded 2 times (x 96B)
Class com.android.repository.impl.generated.v2.ChannelRefType                         : loaded 2 times (x 77B)
Class com.android.build.gradle.internal.SdkComponentsBuildService$VersionedSdkLoader$emulatorDirectoryProvider$1: loaded 2 times (x 75B)
Class com.android.repository.impl.downloader.LocalFileAwareDownloader                 : loaded 2 times (x 84B)
Class com.android.build.gradle.internal.publishing.PublishingSpecs$VariantSpecBuilder : loaded 2 times (x 70B)
Class com.android.build.gradle.internal.testing.utp.UtpDependency$4                   : loaded 2 times (x 127B)
Class com.android.build.gradle.internal.tasks.ValidateSigningTask$CreationAction      : loaded 2 times (x 90B)
Class com.android.ide.common.gradle.Version$Companion$ParseState$EMPTY                : loaded 2 times (x 74B)
Class com.android.build.gradle.internal.tasks.CheckDuplicateClassesTask$CreationAction$handleProvider$1: loaded 2 times (x 127B)
Class com.android.build.gradle.internal.res.LinkApplicationAndroidResourcesTask$CreationAction$handleProvider$2: loaded 2 times (x 127B)
Class com.android.build.api.variant.impl.ResourcesPackagingImpl$excludes$1            : loaded 2 times (x 75B)
Class com.android.build.api.component.impl.HostTestImpl_Decorated                     : loaded 2 times (x 477B)
Class com.android.build.gradle.internal.services.BuiltInKaptSupportMode               : loaded 2 times (x 71B)
Class com.android.build.api.variant.impl.SourceDirectoriesImpl                        : loaded 2 times (x 86B)
Class com.android.build.gradle.internal.cxx.configure.NativeModelBuilderOutcome$Builder: loaded 2 times (x 322B)
Class com.android.build.gradle.internal.variant.VariantModelImpl                      : loaded 2 times (x 87B)
Class com.android.build.api.variant.VariantSelector                                   : loaded 2 times (x 70B)
Class com.android.build.gradle.api.InstallableVariant                                 : loaded 2 times (x 70B)
Class com.android.build.gradle.internal.dsl.PackagingOptions$AgpDecorated_Decorated   : loaded 2 times (x 162B)
Class com.android.build.gradle.internal.dsl.LintImpl$AgpDecorated_Decorated           : loaded 2 times (x 299B)
Class com.android.build.gradle.internal.dsl.CoreProductFlavor                         : loaded 2 times (x 70B)
Class com.android.tools.analytics.HostData$graphicsEnvironment$2                      : loaded 2 times (x 78B)
Class com.google.protobuf.Message$Builder                                             : loaded 2 times (x 70B)
Class com.android.tools.analytics.Environment$EnvironmentVariable                     : loaded 2 times (x 79B)
Class com.android.build.gradle.internal.errors.AndroidProblemReporterProvider$Parameters_Decorated: loaded 2 times (x 130B)
Class com.android.build.gradle.internal.errors.AndroidProblemReporterProvider$Parameters: loaded 2 times (x 70B)
Class com.android.build.api.dsl.BuildType                                             : loaded 2 times (x 70B)
Class build_1uc6b0g4uxchknhagb472iuaw                                                 : loaded 2 times (x 172B)
Class com.android.build.gradle.tasks.JavaCompileOptionsForRoom                        : loaded 2 times (x 75B)
Class com.android.ide.common.repository.AgpVersion$Companion$WhenMappings             : loaded 2 times (x 71B)
Class com.sun.xml.bind.v2.runtime.property.SingleMapNodeProperty$1                    : loaded 2 times (x 78B)
Class javax.xml.bind.annotation.XmlList                                               : loaded 2 times (x 70B)
Class com.sun.xml.bind.v2.model.core.EnumLeafInfo                                     : loaded 2 times (x 70B)
Class com.android.build.gradle.internal.SupportToolsComponents                        : loaded 2 times (x 72B)
Class com.android.build.gradle.internal.PlatformToolsComponents                       : loaded 2 times (x 72B)
Class [Lcom.android.build.gradle.internal.SdkLocator$PropertyLocation;                : loaded 2 times (x 69B)
Class com.android.repository.io.FileOpUtils                                           : loaded 2 times (x 71B)
Class com.android.build.gradle.tasks.MergeResources_Decorated                         : loaded 2 times (x 411B)
Class com.android.build.gradle.internal.tasks.factory.GlobalTaskCreationConfigImpl$platformAttrs$2$attributes$1: loaded 2 times (x 74B)
Class com.android.build.gradle.internal.scope.InternalArtifactType$LINT_MODEL         : loaded 2 times (x 74B)
Class com.android.build.gradle.internal.testing.utp.UtpDependency$5                   : loaded 2 times (x 127B)
Class com.android.build.gradle.internal.core.dsl.impl.InstrumentedTestDslInfoImpl$getInstrumentationRunner$fromFlavor$1: loaded 2 times (x 78B)
Class com.android.build.gradle.tasks.PackageApplication$CreationAction                : loaded 2 times (x 92B)
Class com.android.build.gradle.internal.res.LinkApplicationAndroidResourcesTask$CreationAction$handleProvider$3: loaded 2 times (x 127B)
Class com.android.build.gradle.tasks.ProcessTestManifest$CreationAction               : loaded 2 times (x 90B)
Class com.android.build.gradle.internal.dependency.ProvidedClasspathSubtractor        : loaded 2 times (x 72B)
Class [Lcom.android.build.gradle.internal.dependency.AdditionalArtifactType;          : loaded 2 times (x 69B)
Class com.android.tools.build.jetifier.processor.transform.resource.XmlResourcesTransformer: loaded 2 times (x 77B)
Class com.android.build.api.component.impl.DeviceTestImpl$buildConfigFields$2         : loaded 2 times (x 79B)
Class com.android.build.gradle.internal.core.dsl.impl.AndroidTestComponentDslInfoImpl$instrumentedTestDelegate$2: loaded 2 times (x 79B)
Class com.android.build.gradle.internal.tasks.factory.BootClasspathConfigImpl$1       : loaded 2 times (x 79B)
Class com.android.build.gradle.internal.api.DefaultAndroidSourceSet$AndroidSourceDirectorySetFactory: loaded 2 times (x 75B)
Class com.android.build.gradle.internal.dsl.KmpOptimizationImpl                       : loaded 2 times (x 83B)
Class com.android.build.api.dsl.BundleTexture                                         : loaded 2 times (x 70B)
Class com.android.build.api.dsl.ApkSigningConfig                                      : loaded 2 times (x 70B)
Class com.android.build.gradle.internal.utils.ResolutionResultUtils                   : loaded 2 times (x 71B)
Class com.android.build.gradle.internal.services.FakeDependencyJarBuildService        : loaded 2 times (x 82B)
Class com.android.build.gradle.internal.dependency.JacocoInstrumentationService$RegistrationAction: loaded 2 times (x 74B)
Class org.gradle.internal.classloader.FilteringClassLoader                            : loaded 2 times (x 105B)
Class build_1uc6b0g4uxchknhagb472iuaw$_run_closure1                                   : loaded 2 times (x 139B)
Class com.android.build.api.variant.HasUnitTestBuilder                                : loaded 2 times (x 70B)
Class com.android.build.gradle.internal.plugins.AndroidPluginBaseServices$projectServices$2$1$1: loaded 2 times (x 125B)
Class com.google.gson.internal.bind.DefaultDateTypeAdapter$DateType$1                 : loaded 2 times (x 73B)
Class [Lcom.android.build.gradle.options.ReplacedOption;                              : loaded 2 times (x 69B)
Class com.android.build.gradle.internal.plugins.BasePlugin$Companion                  : loaded 2 times (x 71B)
Class com.android.sdklib.repository.targets.PlatformTarget                            : loaded 2 times (x 129B)
Class javax.xml.bind.helpers.AbstractUnmarshallerImpl                                 : loaded 2 times (x 130B)
Class com.sun.xml.bind.v2.runtime.property.SingleMapNodeProperty$2                    : loaded 2 times (x 78B)
Class com.android.repository.impl.meta.Archive$PatchType                              : loaded 2 times (x 81B)
Class com.sun.xml.bind.v2.model.core.ValuePropertyInfo                                : loaded 2 times (x 70B)
Class com.sun.xml.bind.v2.runtime.RuntimeUtil                                         : loaded 2 times (x 71B)
Class com.android.sdklib.repository.meta.DetailsTypes$SysImgDetailsType               : loaded 2 times (x 70B)
Class com.android.build.gradle.internal.utils.ConsoleProgressIndicatorFactory$create$1: loaded 2 times (x 108B)
Class com.android.build.gradle.internal.DependencyResourcesComputer$initFromVariantScope$2$1: loaded 2 times (x 78B)
Class com.android.build.gradle.internal.core.dsl.features.ManifestPlaceholdersDslInfo : loaded 2 times (x 70B)
Class com.android.build.api.variant.FilterConfiguration$FilterType                    : loaded 2 times (x 79B)
Class com.android.build.gradle.internal.dependency.IdentityTransform                  : loaded 2 times (x 78B)
Class com.android.build.gradle.internal.testing.utp.UtpDependency$6                   : loaded 2 times (x 127B)
Class com.android.build.gradle.internal.testing.utp.UtpDependencies                   : loaded 2 times (x 83B)
Class com.android.build.gradle.internal.tasks.SigningConfigVersionsWriterTask$CreationAction: loaded 2 times (x 90B)
Class com.android.build.gradle.internal.tasks.DexMergingTask                          : loaded 2 times (x 334B)
Class com.android.build.gradle.options.ApiStage$Deprecated                            : loaded 2 times (x 72B)
Class com.android.build.api.component.impl.OldVariantApiLegacySupportImpl$manifestPlaceholdersDslInfo$2: loaded 2 times (x 79B)
Class com.android.build.gradle.tasks.MapSourceSetPathsTask                            : loaded 2 times (x 337B)
Class com.android.build.gradle.internal.dependency.VariantDependencies$computeArtifactCollection$1: loaded 2 times (x 78B)
Class com.android.tools.build.jetifier.processor.transform.proguard.ProGuardClassSpecParser: loaded 2 times (x 72B)
Class com.android.build.api.component.impl.LifecycleTasksImpl                         : loaded 2 times (x 76B)
Class com.android.build.api.component.impl.TestFixturesImpl                           : loaded 2 times (x 360B)
Class com.android.build.gradle.internal.core.dsl.impl.features.OptimizationDslInfoImpl: loaded 2 times (x 84B)
Class com.android.build.gradle.internal.dsl.MinSdkVersionImpl                         : loaded 2 times (x 76B)
Class com.android.build.gradle.internal.dsl.SigningConfig$AgpDecorated                : loaded 2 times (x 150B)
Class com.android.build.api.variant.Aapt2                                             : loaded 2 times (x 70B)
Class com.android.build.gradle.internal.dsl.SdkComponentsImpl                         : loaded 2 times (x 86B)
Class com.android.build.gradle.internal.tasks.factory.BootClasspathConfigImpl$2       : loaded 2 times (x 79B)
Class com.android.build.gradle.internal.dsl.ManagedDevices_Decorated                  : loaded 2 times (x 126B)
Class com.android.build.gradle.internal.dsl.CommonExtensionImpl$dataBinding$1         : loaded 2 times (x 75B)
Class com.android.build.gradle.internal.api.AndroidSourceSetName$Companion            : loaded 2 times (x 71B)
Class com.android.ide.common.blame.SourceFileJsonTypeAdapter                          : loaded 2 times (x 75B)
Class com.android.build.gradle.internal.AvdComponentsBuildService$RegistrationAction  : loaded 2 times (x 74B)
Class com.android.build.gradle.internal.ide.dependencies.MavenCoordinatesCacheBuildService$RegistrationAction: loaded 2 times (x 74B)
Class com.google.gson.internal.bind.ObjectTypeAdapter$1                               : loaded 2 times (x 76B)
Class com.android.build.gradle.internal.plugins.AndroidPluginBaseServices$projectServices$2$1$2: loaded 2 times (x 79B)
Class com.google.gson.internal.LazilyParsedNumber                                     : loaded 2 times (x 78B)
Class com.google.wireless.android.sdk.stats.JavaProcessStatsOrBuilder                 : loaded 2 times (x 70B)
Class com.android.prefs.AndroidPathLocator                                            : loaded 2 times (x 73B)
Class com.android.build.gradle.DynamicFeaturePlugin                                   : loaded 2 times (x 76B)
Class com.android.build.gradle.AppPlugin                                              : loaded 2 times (x 76B)
Class com.android.build.gradle.internal.plugins.BasePlugin$extension$2                : loaded 2 times (x 79B)
Class com.android.build.gradle.internal.plugins.DslContainerProvider                  : loaded 2 times (x 70B)
Class com.google.common.hash.PrimitiveSink                                            : loaded 2 times (x 70B)
Class com.sun.xml.bind.v2.runtime.unmarshaller.ChildLoader                            : loaded 2 times (x 72B)
Class javax.xml.bind.JAXBElement$GlobalScope                                          : loaded 2 times (x 71B)
Class com.sun.xml.bind.v2.runtime.property.ValueProperty                              : loaded 2 times (x 102B)
Class javax.xml.bind.annotation.XmlSchemaTypes                                        : loaded 2 times (x 70B)
Class javax.xml.bind.annotation.XmlIDREF                                              : loaded 2 times (x 70B)
Class com.android.sdklib.repository.generated.repository.v1.SourceDetailsType         : loaded 2 times (x 114B)
Class javax.xml.bind.annotation.XmlElement                                            : loaded 2 times (x 70B)
Class com.sun.xml.bind.v2.model.runtime.RuntimeLeafInfo                               : loaded 2 times (x 70B)
Class com.android.repository.impl.meta.RepoPackageImpl$UsesLicense                    : loaded 2 times (x 73B)
Class com.android.build.gradle.internal.DependencyResourcesComputer$initFromVariantScope$2$2: loaded 2 times (x 79B)
Class com.android.build.gradle.internal.cxx.logging.ThreadLoggingEnvironment$Companion: loaded 2 times (x 71B)
Class com.android.build.gradle.internal.scope.InternalArtifactType$UNIT_TEST_LINT_MODEL: loaded 2 times (x 74B)
Class com.android.build.gradle.internal.testing.utp.UtpDependency$7                   : loaded 2 times (x 127B)
Class com.android.build.gradle.internal.tasks.factory.AndroidVariantTaskCreationAction: loaded 2 times (x 92B)
Class com.android.build.gradle.internal.tasks.DexFileDependenciesTask$CreationAction  : loaded 2 times (x 93B)
Class com.android.build.gradle.internal.scope.InternalArtifactType$RUNTIME_LIBRARY_CLASSES_DIR: loaded 2 times (x 74B)
Class com.android.build.gradle.internal.tasks.CheckManifest$CreationAction$handleProvider$1: loaded 2 times (x 127B)
Class com.android.build.gradle.internal.dependency.VariantDependencies$computeArtifactCollection$2: loaded 2 times (x 75B)
Class com.android.build.gradle.internal.TestFixturesTaskManager                       : loaded 2 times (x 82B)
Class com.android.build.gradle.internal.core.dsl.impl.DslInfoCommonKt$initTestApplicationId$2: loaded 2 times (x 74B)
Class com.android.build.api.instrumentation.InstrumentationScope                      : loaded 2 times (x 79B)
Class com.android.build.gradle.internal.lint.AndroidLintGlobalTask$UpdateBaselineCreationAction$Companion: loaded 2 times (x 71B)
Class com.android.build.gradle.internal.services.ClassesHierarchyBuildService         : loaded 2 times (x 80B)
Class com.android.builder.signing.DefaultSigningConfig$Companion                      : loaded 2 times (x 71B)
Class com.android.build.api.artifact.Artifact$Companion                               : loaded 2 times (x 71B)
Class com.android.build.gradle.internal.packaging.GradleKeystoreHelper                : loaded 2 times (x 71B)
Class com.android.build.gradle.internal.dsl.JavaCompileOptions                        : loaded 2 times (x 82B)
Class com.android.build.gradle.internal.dsl.OptimizationImpl                          : loaded 2 times (x 86B)
Class com.android.build.api.dsl.FusedLibraryExtension                                 : loaded 2 times (x 70B)
Class com.android.build.gradle.internal.dsl.AndroidTestImpl                           : loaded 2 times (x 77B)
Class com.android.build.gradle.internal.ManagedDeviceUtilsKt$getManagedDeviceAvdFolder$1: loaded 2 times (x 75B)
Class com.android.build.gradle.internal.services.AndroidLocationsBuildService$Inject_ : loaded 2 times (x 110B)
Class com.google.protobuf.PrimitiveNonBoxingCollection                                : loaded 2 times (x 70B)
Class com.google.wireless.android.sdk.stats.InstantRunStatus                          : loaded 2 times (x 205B)
Class com.android.build.gradle.internal.profile.AnalyticsConfiguratorService$State    : loaded 2 times (x 79B)
Class com.android.build.gradle.internal.dsl.InternalPrivacySandboxSdkExtension        : loaded 2 times (x 70B)
Class com.android.build.gradle.internal.plugins.AndroidPluginBaseServices$projectServices$2$1$3: loaded 2 times (x 79B)
Class com.google.gson.stream.JsonReader                                               : loaded 2 times (x 97B)
Class com.android.build.gradle.options.FeatureStage$SoftlyEnforced                    : loaded 2 times (x 72B)
Class com.android.build.gradle.internal.dsl.decorator.annotation.NonNullableSetter    : loaded 2 times (x 70B)
Class com.android.build.gradle.api.FusedLibraryPlugin                                 : loaded 2 times (x 74B)
Class com.android.build.gradle.internal.plugins.BasePlugin$variantManager$2           : loaded 2 times (x 79B)
Class com.sun.xml.bind.v2.runtime.property.TagAndType                                 : loaded 2 times (x 72B)
Class com.android.repository.impl.generated.v2.PatchesType                            : loaded 2 times (x 75B)
Class com.android.repository.api.LocalPackage                                         : loaded 2 times (x 70B)
Class com.android.repository.impl.generated.v1.DependencyType                         : loaded 2 times (x 81B)
Class javax.xml.bind.annotation.XmlSchema                                             : loaded 2 times (x 70B)
Class com.android.builder.sdk.LicenceNotAcceptedException                             : loaded 2 times (x 82B)
Class com.android.build.gradle.internal.scope.BuildArtifactSpec                       : loaded 2 times (x 72B)
Class com.android.build.gradle.internal.VariantTaskManager$createAnchorAssembleTasks$3: loaded 2 times (x 75B)
Class com.android.build.gradle.internal.lint.LintTaskManager$createLintTasks$3$1      : loaded 2 times (x 75B)
Class com.android.build.gradle.internal.scope.InternalArtifactType$LINT_RETURN_VALUE  : loaded 2 times (x 74B)
Class com.android.build.gradle.internal.lint.VariantWithTests                         : loaded 2 times (x 72B)
Class com.android.build.gradle.internal.variant.BuildAuthorSpecifiedDefaultBuildTypeComparator: loaded 2 times (x 90B)
Class com.android.build.gradle.internal.testing.utp.UtpDependency$8                   : loaded 2 times (x 127B)
Class com.android.build.api.component.impl.DefaultSourcesProviderImpl$getBaselineProfiles$1: loaded 2 times (x 127B)
Class com.android.build.gradle.internal.scope.InternalArtifactType$ANDROID_TEST_LINT_MODEL: loaded 2 times (x 74B)
Class com.android.ide.common.gradle.Version$Companion$ParseState$NUMERIC              : loaded 2 times (x 74B)
Class com.android.build.api.variant.impl.ResourcesApkPackagingImpl                    : loaded 2 times (x 80B)
Class com.android.build.gradle.internal.scope.InternalArtifactType$MERGED_JAVA_RES    : loaded 2 times (x 74B)
Class com.android.build.gradle.internal.tasks.ProcessJavaResTask$CreationAction$handleProvider$1: loaded 2 times (x 127B)
Class [Lcom.android.builder.dexing.DexingType;                                        : loaded 2 times (x 69B)
Class com.android.build.gradle.internal.tasks.factory.features.AndroidResourcesTaskCreationActionImpl: loaded 2 times (x 75B)
Class com.android.build.api.component.impl.ComponentImpl$computeLocalPackagedJars$1   : loaded 2 times (x 80B)
Class com.google.gson.internal.reflect.ReflectionHelper$RecordSupportedHelper         : loaded 2 times (x 78B)
Class com.android.build.gradle.internal.core.dsl.NestedComponentDslInfo               : loaded 2 times (x 70B)
Class com.android.build.api.variant.BuildConfigField                                  : loaded 2 times (x 72B)
Class com.android.build.gradle.internal.component.features.BuildConfigCreationConfig  : loaded 2 times (x 70B)
Class com.android.build.api.variant.AndroidTestBuilder                                : loaded 2 times (x 70B)
Class com.android.build.gradle.internal.core.dsl.impl.DslInfoUtilsKt                  : loaded 2 times (x 71B)
Class com.android.build.gradle.internal.tasks.NonIncrementalGlobalTask                : loaded 2 times (x 319B)
Class com.android.build.gradle.internal.plugins.BasePlugin$createTasks$1              : loaded 2 times (x 75B)
Class com.android.build.api.dsl.DeviceGroup                                           : loaded 2 times (x 70B)
Class com.android.build.gradle.internal.plugins.BasePlugin$buildOutputs$2$1           : loaded 2 times (x 78B)
Class com.android.build.gradle.internal.dsl.AnnotationProcessorOptions$AgpDecorated   : loaded 2 times (x 106B)
Class com.android.build.gradle.internal.dsl.VcsInfoImpl$AgpDecorated                  : loaded 2 times (x 81B)
Class com.android.build.api.artifact.impl.SingleInitialProviderRequestImpl$on$1       : loaded 2 times (x 75B)
Class com.android.build.gradle.internal.dsl.MultiDexConfigImpl                        : loaded 2 times (x 80B)
Class com.android.tools.analytics.CommonMetricsData                                   : loaded 2 times (x 71B)
Class com.android.build.gradle.internal.dsl.CompileSdkSpecImpl$AgpDecorated_Decorated : loaded 2 times (x 135B)
Class com.android.build.gradle.internal.core.VariantSources                           : loaded 2 times (x 72B)
Class com.android.build.gradle.internal.profile.AnalyticsConfiguratorService$Params$Inject_: loaded 2 times (x 106B)
Class com.android.build.gradle.internal.component.features.RenderscriptCreationConfig : loaded 2 times (x 70B)
Class com.android.build.api.variant.ApkPackaging                                      : loaded 2 times (x 70B)
Class com.android.ide.common.repository.AgpVersion$PreviewKind                        : loaded 2 times (x 79B)
Class com.android.build.gradle.options.FeatureStage                                   : loaded 2 times (x 72B)
Class com.android.build.gradle.internal.plugins.BasePlugin$variantFactory$2           : loaded 2 times (x 79B)
Class com.android.build.gradle.internal.component.PublishableCreationConfig           : loaded 2 times (x 70B)
Class com.google.common.collect.RangeGwtSerializationDependencies                     : loaded 2 times (x 71B)
Class com.android.build.gradle.internal.tasks.MergeNativeLibsTask_Decorated           : loaded 2 times (x 394B)
Class com.sun.istack.SAXParseException2                                               : loaded 2 times (x 88B)
Class com.sun.xml.bind.v2.runtime.unmarshaller.DomLoader                              : loaded 2 times (x 78B)
Class com.sun.xml.bind.v2.runtime.ValueListBeanInfoImpl                               : loaded 2 times (x 89B)
Class com.android.repository.impl.meta.RepoPackageImpl$Dependencies                   : loaded 2 times (x 72B)
Class com.android.build.gradle.internal.SdkComponentsBuildService$VersionedSdkLoader$optionalLibrariesProvider$1: loaded 2 times (x 75B)
Class com.android.build.api.variant.impl.LayeredSourceDirectoriesImpl$getVariantSourcesWithFilter$2$2: loaded 2 times (x 74B)
Class com.android.build.gradle.internal.scope.InternalArtifactType$BUNDLE_IDE_REDIRECT_FILE: loaded 2 times (x 74B)
Class [Lcom.android.build.api.artifact.Artifact$Single;                               : loaded 2 times (x 69B)
Class com.android.build.gradle.internal.publishing.PublishingSpecs$VariantSpec        : loaded 2 times (x 70B)
Class com.android.build.gradle.internal.testing.utp.UtpDependency$9                   : loaded 2 times (x 127B)
Class com.android.build.gradle.internal.scope.InternalArtifactType$APK_IDE_REDIRECT_FILE: loaded 2 times (x 74B)
Class com.android.build.gradle.internal.scope.InternalArtifactType$EXTERNAL_LIBS_DEX_ARCHIVE_WITH_ARTIFACT_TRANSFORMS: loaded 2 times (x 74B)
Class com.android.tools.r8.internal.ie4                                               : loaded 2 times (x 73B)
Class com.android.build.api.artifact.SingleArtifact$RUNTIME_SYMBOL_LIST               : loaded 2 times (x 74B)
Class com.android.build.api.artifact.SingleArtifact$AAR                               : loaded 2 times (x 74B)
Class com.android.build.gradle.tasks.ExtractDeepLinksTask$BaseCreationAction$handleProvider$1: loaded 2 times (x 127B)
Class com.android.build.api.component.impl.ComponentImpl$providedOnlyClasspath$2      : loaded 2 times (x 79B)
Class com.android.build.gradle.internal.core.dsl.impl.ConsumableComponentDslInfoImpl$buildConfigDslInfo$2: loaded 2 times (x 79B)
Class com.android.build.api.dsl.ApplicationBuildFeatures                              : loaded 2 times (x 70B)
Class com.android.build.gradle.internal.plugins.BasePlugin$createTasks$2              : loaded 2 times (x 77B)
Class com.android.build.gradle.internal.tasks.BaseTask                                : loaded 2 times (x 318B)
Class com.android.build.gradle.internal.dsl.BuildType$AgpDecorated_Decorated          : loaded 2 times (x 452B)
Class com.android.build.api.artifact.impl.ArtifactsImpl$1                             : loaded 2 times (x 78B)
Class com.android.build.gradle.internal.dsl.Splits                                    : loaded 2 times (x 90B)
Class com.android.build.gradle.internal.dsl.BundleOptionsDeviceGroup                  : loaded 2 times (x 81B)
Class com.android.build.gradle.internal.dsl.ProductFlavorFactory                      : loaded 2 times (x 77B)
Class com.android.build.api.dsl.TestVariantDimension                                  : loaded 2 times (x 70B)
Class com.android.build.api.dsl.ApplicationVariantDimension                           : loaded 2 times (x 70B)
Class com.android.build.gradle.internal.ide.dependencies.MavenCoordinatesCacheBuildService$Parameters_Decorated: loaded 2 times (x 130B)
Class android.databinding.tool.processing.ScopedException                             : loaded 2 times (x 86B)
Class com.android.build.gradle.internal.profile.AnalyticsService$Params               : loaded 2 times (x 70B)
Class com.android.build.gradle.internal.utils.AnalyticsEnabledValueSource$Inject_     : loaded 2 times (x 109B)
Class com.android.build.gradle.internal.utils.AnalyticsEnabledValueSource$Params_Decorated: loaded 2 times (x 130B)
Class com.android.build.gradle.internal.dependency.GenericTransformParameters         : loaded 2 times (x 70B)
Class com.google.gson.internal.bind.JsonAdapterAnnotationTypeAdapterFactory           : loaded 2 times (x 75B)
Class com.android.build.gradle.options.HasFutureStage                                 : loaded 2 times (x 70B)
Class com.android.build.gradle.options.ProjectOptionService$Inject_                   : loaded 2 times (x 97B)
Class com.android.build.gradle.internal.plugins.BasePlugin$taskManagerConfig$2        : loaded 2 times (x 79B)
Class com.google.common.collect.RangeSet                                              : loaded 2 times (x 70B)
Class org.gradle.api.internal.classpath.GlobalCacheRootsProvider                      : loaded 2 times (x 70B)
Class com.sun.xml.bind.v2.runtime.reflect.TransducedAccessor$CompositeTransducedAccessorImpl: loaded 2 times (x 79B)
Class com.sun.xml.bind.v2.runtime.unmarshaller.XsiNilLoader$Single                    : loaded 2 times (x 80B)
Class com.android.repository.impl.meta.TrimStringAdapter                              : loaded 2 times (x 75B)
Class javax.xml.bind.annotation.XmlSchemaType                                         : loaded 2 times (x 70B)
Class com.sun.xml.bind.v2.model.impl.RuntimeBuiltinLeafInfoImpl                       : loaded 2 times (x 133B)
Class com.sun.xml.bind.v2.model.impl.BuiltinLeafInfoImpl                              : loaded 2 times (x 105B)
Class com.android.build.gradle.internal.utils.ConsoleProgressIndicatorFactory$isTerminalSmart$2: loaded 2 times (x 79B)
Class com.android.build.gradle.internal.tasks.factory.BootClasspathConfigImpl$androidJar$2$1$1: loaded 2 times (x 74B)
Class com.android.build.api.variant.impl.LayeredSourceDirectoriesImpl$getAscendingOrderAssetSets$1: loaded 2 times (x 75B)
Class com.android.build.gradle.internal.DependencyConfigurator$configureVariantTransforms$3$1$1: loaded 2 times (x 75B)
Class com.android.build.gradle.internal.cxx.configure.GradleLocalPropertiesKt$gradleLocalProperties$propertiesContent$1: loaded 2 times (x 75B)
Class com.android.build.api.variant.impl.TaskProviderBasedDirectoryEntryImpl          : loaded 2 times (x 83B)
Class com.android.build.api.variant.JniLibsTestedComponentPackaging                   : loaded 2 times (x 70B)
Class com.android.build.api.variant.JniLibsPackaging                                  : loaded 2 times (x 70B)
Class com.android.build.gradle.internal.tasks.factory.features.ResValuesTaskCreationActionImpl: loaded 2 times (x 75B)
Class com.android.build.api.artifact.impl.ScopedArtifactsImpl$ScopedArtifactsContainer: loaded 2 times (x 72B)
Class com.android.tools.build.jetifier.processor.transform.proguard.ProGuardClassFilterParser$replacer$1: loaded 2 times (x 79B)
Class com.google.gson.internal.$Gson$Types$ParameterizedTypeImpl                      : loaded 2 times (x 81B)
Class [Lcom.android.tools.build.jetifier.core.utils.LogLevel;                         : loaded 2 times (x 69B)
Class com.android.tools.build.jetifier.core.utils.LogLevel                            : loaded 2 times (x 79B)
Class com.android.build.api.variant.impl.VariantImpl$shadersCreationConfig$2          : loaded 2 times (x 79B)
Class com.android.build.api.component.impl.ComponentImpl$resValuesCreationConfig$2    : loaded 2 times (x 79B)
Class com.android.build.gradle.internal.core.dsl.impl.ConsumableComponentDslInfoImpl  : loaded 2 times (x 132B)
Class com.android.build.gradle.internal.profile.AnalyticsUtil                         : loaded 2 times (x 71B)
Class com.android.build.gradle.internal.dsl.SigningConfig$AgpDecorated_Decorated      : loaded 2 times (x 201B)
Class com.google.gson.Gson$FutureTypeAdapter                                          : loaded 2 times (x 76B)
Class com.android.build.gradle.internal.dsl.TargetSdkSpecImpl                         : loaded 2 times (x 81B)
Class com.android.build.api.dsl.DexPackaging                                          : loaded 2 times (x 70B)
Class com.android.build.api.dsl.TestBuildType                                         : loaded 2 times (x 70B)
Class com.android.prefs.Global                                                        : loaded 2 times (x 80B)
Class com.android.tools.build.jetifier.core.proguard.ProGuardType$Companion           : loaded 2 times (x 71B)
Class com.android.build.gradle.internal.UnitTestTaskManager                           : loaded 2 times (x 82B)
Class com.android.build.gradle.internal.profile.NoOpAnalyticsConfiguratorService$Inject_: loaded 2 times (x 102B)
Class com.google.gson.internal.bind.NumberTypeAdapter                                 : loaded 2 times (x 74B)
Class com.android.build.gradle.internal.TaskManager$createAnchorTasks$1               : loaded 2 times (x 75B)
Class [Lcom.android.build.gradle.options.SyncOptions$EvaluationMode;                  : loaded 2 times (x 69B)
Class com.android.build.gradle.internal.scope.InternalArtifactType$NAVIGATION_JSON    : loaded 2 times (x 74B)
Class com.android.build.api.extension.impl.VariantApiOperationsRegistrar              : loaded 2 times (x 72B)
Class com.google.common.collect.CollectCollectors                                     : loaded 2 times (x 71B)
Class com.android.build.gradle.tasks.MergeSourceSetFolders$MergeJniLibFoldersCreationAction$configure$1: loaded 2 times (x 79B)
Class com.sun.xml.bind.v2.runtime.NameList                                            : loaded 2 times (x 72B)
Class com.sun.xml.bind.v2.runtime.reflect.TransducedAccessor                          : loaded 2 times (x 78B)
Class com.sun.xml.bind.v2.model.impl.RuntimeClassInfoImpl$RuntimePropertySeed         : loaded 2 times (x 84B)
Class javax.xml.bind.annotation.XmlAttachmentRef                                      : loaded 2 times (x 70B)
Class com.android.repository.api.Repository                                           : loaded 2 times (x 79B)
Class com.android.build.gradle.internal.scope.InternalArtifactType$PREFAB_PACKAGE     : loaded 2 times (x 74B)
Class com.android.build.api.variant.impl.VariantOutputConfigurationImplKt             : loaded 2 times (x 71B)
Class com.android.build.gradle.internal.dependency.RecalculateStackFramesTransform$Parameters: loaded 2 times (x 70B)
Class com.android.build.gradle.internal.lint.AndroidLintTextOutputTask$SingleVariantCreationAction: loaded 2 times (x 92B)
Class com.android.build.api.variant.impl.SourcesImpl$extras$2                         : loaded 2 times (x 79B)
Class com.android.build.gradle.internal.scope.InternalArtifactType$EXTRACTED_SDK_APKS : loaded 2 times (x 74B)
Class com.android.build.gradle.internal.scope.InternalArtifactType$SIGNING_CONFIG_DATA: loaded 2 times (x 74B)
Class com.android.build.gradle.internal.tasks.ProcessNavigationXmlTask$CreationAction : loaded 2 times (x 91B)
Class com.android.build.gradle.internal.scope.InternalArtifactType$LINT_PUBLISH_JAR   : loaded 2 times (x 74B)
Class com.android.build.api.component.impl.DeviceTestImpl$shadersCreationConfig$2     : loaded 2 times (x 79B)
Class com.android.build.gradle.internal.core.dsl.impl.DslInfoCommonKt$initTestApplicationId$testAppIdFromFlavors$1: loaded 2 times (x 78B)
Class com.android.build.api.component.impl.AnnotationProcessorImpl$finalListOfClassNames$1: loaded 2 times (x 75B)
Class com.android.build.api.AndroidPluginVersion                                      : loaded 2 times (x 75B)
Class com.android.build.gradle.internal.api.artifact.SourceArtifactType$ANDROID_RESOURCES: loaded 2 times (x 74B)
Class com.android.build.gradle.internal.test.AbstractTestDataImpl                     : loaded 2 times (x 111B)
Class com.google.protobuf.Descriptors$Descriptor                                      : loaded 2 times (x 76B)
Class com.google.wireless.android.sdk.stats.InstantRunStatusOrBuilder                 : loaded 2 times (x 70B)
Class com.android.build.api.variant.impl.DirectoryEntries                             : loaded 2 times (x 72B)
Class [Lcom.android.tools.analytics.Environment$SystemProperty;                       : loaded 2 times (x 69B)
Class com.android.tools.analytics.AnalyticsSettings                                   : loaded 2 times (x 71B)
Class com.android.ide.common.blame.SourceFilePosition                                 : loaded 2 times (x 72B)
Class com.google.gson.ToNumberPolicy$1                                                : loaded 2 times (x 83B)
Class [Lcom.google.gson.FieldNamingStrategy;                                          : loaded 2 times (x 69B)
Class com.google.gson.internal.Excluder                                               : loaded 2 times (x 75B)
Class com.android.build.api.component.impl.DefaultSourcesProviderImpl$getShaders$1    : loaded 2 times (x 78B)
Class com.sun.xml.bind.v2.runtime.unmarshaller.LocatorExWrapper                       : loaded 2 times (x 86B)
Class [Lcom.sun.xml.bind.v2.model.annotation.AnnotationSource;                        : loaded 2 times (x 69B)
Class com.sun.xml.bind.InternalAccessorFactory                                        : loaded 2 times (x 70B)
Class com.sun.xml.bind.v2.model.impl.SingleTypePropertyInfoImpl                       : loaded 2 times (x 113B)
Class com.sun.xml.bind.v2.model.core.LeafInfo                                         : loaded 2 times (x 70B)
Class com.android.repository.impl.generated.generic.v2.package-info                   : loaded 2 times (x 70B)
Class com.android.sdklib.repository.generated.common.v3.package-info                  : loaded 2 times (x 70B)
Class com.android.sdklib.repository.generated.addon.v2.LibrariesType                  : loaded 2 times (x 75B)
Class com.android.sdklib.AndroidTargetHash                                            : loaded 2 times (x 71B)
Class com.android.build.gradle.internal.scope.InternalArtifactType$MICRO_APK_RES      : loaded 2 times (x 74B)
Class com.android.build.gradle.internal.scope.InternalArtifactType$FEATURE_RESOURCE_PKG: loaded 2 times (x 74B)
Class com.android.build.gradle.internal.dependency.BaseDexingTransform$Parameters_Decorated: loaded 2 times (x 156B)
Class com.android.build.gradle.internal.dependency.AarTransform$Parameters            : loaded 2 times (x 70B)
Class com.android.build.gradle.internal.utils.HasConfigurableValuesKt                 : loaded 2 times (x 71B)
Class com.android.build.api.component.impl.DefaultSourcesProviderImpl$getResources$1  : loaded 2 times (x 78B)
Class com.android.build.gradle.internal.tasks.ProcessNavigationXmlTask$LibraryCreationAction: loaded 2 times (x 91B)
Class com.android.build.gradle.tasks.GenerateResValues$CreationAction                 : loaded 2 times (x 93B)
Class com.android.tools.build.jetifier.processor.transform.proguard.patterns.ReplacersRunner: loaded 2 times (x 72B)
Class com.android.tools.build.jetifier.core.type.TypesMap$JsonData                    : loaded 2 times (x 72B)
Class com.google.gson.internal.ReflectionAccessFilterHelper                           : loaded 2 times (x 71B)
Class com.google.gson.internal.reflect.ReflectionHelper$RecordHelper                  : loaded 2 times (x 75B)
Class com.android.build.gradle.internal.core.dsl.impl.InstrumentedTestDslInfoImpl$handleProfiling$2: loaded 2 times (x 74B)
Class com.android.build.api.variant.impl.HasDeviceTestsCreationConfig                 : loaded 2 times (x 70B)
Class com.android.build.gradle.internal.core.dsl.features.RenderscriptDslInfo         : loaded 2 times (x 70B)
Class com.android.build.gradle.internal.core.dsl.impl.VariantDslInfoImpl$initApplicationId$appIdFromFlavors$1: loaded 2 times (x 78B)
Class com.android.build.gradle.internal.variant.DimensionCombinator$Companion         : loaded 2 times (x 71B)
Class com.android.build.gradle.internal.variant.DimensionCombinator                   : loaded 2 times (x 72B)
Class com.android.build.gradle.internal.dsl.NdkBuildOptions$AgpDecorated_Decorated    : loaded 2 times (x 139B)
Class com.android.build.gradle.internal.dsl.NdkBuildOptions$AgpDecorated              : loaded 2 times (x 96B)
Class com.android.build.gradle.internal.dsl.CommonExtensionImpl$sdkComponents$2       : loaded 2 times (x 79B)
Class com.android.builder.model.PackagingOptions                                      : loaded 2 times (x 70B)
Class com.android.build.api.dsl.DynamicFeatureDefaultConfig                           : loaded 2 times (x 70B)
Class [Lcom.android.builder.core.ComponentType;                                       : loaded 2 times (x 69B)
Class com.android.build.gradle.internal.lint.LintFixBuildService$RegistrationAction   : loaded 2 times (x 74B)
Class com.android.build.gradle.internal.tasks.DeviceProviderInstrumentTestTask$CreationAction$Type: loaded 2 times (x 79B)
Class com.android.builder.profile.NameAnonymizer$ProjectCacheLoader                   : loaded 2 times (x 76B)
Class com.android.tools.analytics.AnalyticsPaths                                      : loaded 2 times (x 71B)
Class com.google.gson.ToNumberPolicy$2                                                : loaded 2 times (x 83B)
Class com.android.build.api.extension.impl.DslLifecycleComponentsOperationsRegistrar  : loaded 2 times (x 72B)
Class com.google.common.io.ByteStreams$1                                              : loaded 2 times (x 85B)
Class com.sun.xml.bind.IDResolver                                                     : loaded 2 times (x 75B)
Class com.android.sdklib.repository.generated.addon.v2.AddonDetailsType               : loaded 2 times (x 135B)
Class com.sun.xml.bind.v2.model.impl.Util                                             : loaded 2 times (x 71B)
Class [Lcom.sun.xml.bind.v2.model.core.PropertyKind;                                  : loaded 2 times (x 69B)
Class [Lcom.sun.xml.bind.v2.runtime.Location;                                         : loaded 2 times (x 69B)
Class com.sun.xml.bind.api.JAXBRIContext                                              : loaded 2 times (x 89B)
Class com.android.sdklib.repository.generated.addon.v3.package-info                   : loaded 2 times (x 70B)
Class com.android.build.gradle.internal.SdkLocator$SdkLocationSource                  : loaded 2 times (x 80B)
Class com.android.build.gradle.internal.tasks.UsesAnalytics$ConfigureAction           : loaded 2 times (x 71B)
Class com.android.build.gradle.internal.tasks.BaseTask$ConfigureAction                : loaded 2 times (x 71B)
Class com.android.build.gradle.internal.DependencyConfigurator$configureVariantTransforms$3$1: loaded 2 times (x 75B)
Class com.android.build.gradle.internal.lint.LintModelWriterTask$PerComponentCreationAction: loaded 2 times (x 90B)
Class com.android.build.gradle.internal.scope.InternalArtifactType$COMPILE_R_CLASS_JAR: loaded 2 times (x 74B)
Class [Lcom.android.build.gradle.internal.TaskManager$MergeType;                      : loaded 2 times (x 69B)
Class com.android.build.gradle.internal.scope.InternalArtifactType$MANIFEST_MERGE_BLAME_FILE: loaded 2 times (x 74B)
Class com.google.gson.internal.bind.ReflectiveTypeAdapterFactory$FieldsData           : loaded 2 times (x 72B)
Class com.android.build.gradle.internal.core.dsl.impl.InstrumentedTestDslInfoImpl$handleProfiling$fromFlavor$1: loaded 2 times (x 78B)
Class com.android.build.api.variant.Dexing                                            : loaded 2 times (x 70B)
Class com.android.build.api.variant.PropertyAccessNotAllowedException                 : loaded 2 times (x 82B)
Class com.android.build.gradle.internal.ndk.NdkHandler                                : loaded 2 times (x 72B)
Class com.android.build.gradle.tasks.MergeResources                                   : loaded 2 times (x 346B)
Class com.android.build.api.artifact.impl.SingleInitialProviderRequestImpl            : loaded 2 times (x 72B)
Class com.android.build.gradle.internal.BuildTypeData                                 : loaded 2 times (x 72B)
Class com.android.build.gradle.api.UnitTestVariant                                    : loaded 2 times (x 70B)
Class com.android.build.gradle.internal.dsl.MinSdkDelegate                            : loaded 2 times (x 84B)
Class com.android.build.gradle.internal.dsl.SigningConfigImpl                         : loaded 2 times (x 97B)
Class com.android.ide.common.signing.KeystoreHelper                                   : loaded 2 times (x 71B)
Class com.android.build.gradle.internal.services.SymbolTableBuildService$RegistrationAction: loaded 2 times (x 74B)
Class com.android.build.gradle.internal.dependency.AarToClassTransform                : loaded 2 times (x 78B)
Class com.android.build.gradle.internal.plugins.AndroidPluginBaseServices$configuratorService$2$1: loaded 2 times (x 79B)
Class com.google.common.base.Converter$ReverseConverter                               : loaded 2 times (x 90B)
Class com.google.gson.ToNumberPolicy$3                                                : loaded 2 times (x 83B)
Class com.android.build.gradle.internal.dsl.InternalCommonExtension                   : loaded 2 times (x 70B)
Class org.gradle.internal.installation.CurrentGradleInstallationLocator               : loaded 2 times (x 71B)
Class com.android.build.gradle.internal.scope.BootClasspathBuilder$computeAdditionalAndRequestedOptionalLibraries$1: loaded 2 times (x 79B)
Class com.android.repository.impl.generated.v2.RepositoryType                         : loaded 2 times (x 86B)
Class [Ljavax.xml.bind.annotation.XmlNs;                                              : loaded 2 times (x 69B)
Class com.android.build.gradle.internal.publishing.KotlinMultiplatformVariantSpecBuilder: loaded 2 times (x 90B)
Class com.android.build.api.variant.impl.VariantOutputConfigurationImpl               : loaded 2 times (x 76B)
Class [Lcom.android.build.gradle.internal.dependency.DexingOutputSplitTransform$DexOutput;: loaded 2 times (x 69B)
Class com.android.build.gradle.internal.DependencyConfigurator$configureVariantTransforms$3$2: loaded 2 times (x 75B)
Class com.android.build.gradle.internal.dependency.ClassesDirToClassesTransform       : loaded 2 times (x 78B)
Class com.android.build.gradle.internal.dependency.AarResourcesCompilerTransform      : loaded 2 times (x 78B)
Class com.android.build.gradle.internal.dependency.MockableJarTransform$Inject_1      : loaded 2 times (x 109B)
Class com.android.build.gradle.internal.dependency.AsmClassesTransform                : loaded 2 times (x 79B)
Class com.android.build.gradle.internal.scope.InternalArtifactType$UNIT_TEST_LINT_PARTIAL_RESULTS: loaded 2 times (x 74B)
Class com.android.builder.compiling.BuildConfigType                                   : loaded 2 times (x 79B)
Class com.android.build.api.component.impl.DefaultSourcesProvider                     : loaded 2 times (x 70B)
Class com.android.build.gradle.internal.test.AbstractTestDataImpl$minSdkVersion$1     : loaded 2 times (x 79B)
Class com.android.build.api.component.impl.OldVariantApiLegacySupportImpl$JavaCompileOptionsForOldVariantAPI: loaded 2 times (x 75B)
Class com.android.tools.build.jetifier.core.proguard.ProGuardTypesMap                 : loaded 2 times (x 72B)
Class com.android.build.gradle.internal.component.features.InstrumentationCreationConfig: loaded 2 times (x 70B)
Class com.android.build.api.variant.impl.HasHostTestsCreationConfig                   : loaded 2 times (x 70B)
Class [Lcom.android.build.gradle.internal.publishing.AndroidArtifacts$ArtifactType;   : loaded 2 times (x 69B)
Class com.android.build.gradle.internal.core.dsl.features.PrivacySandboxDslInfo       : loaded 2 times (x 70B)
Class com.android.build.api.artifact.impl.SingleArtifactContainer$initArtifactContainer$1: loaded 2 times (x 79B)
Class com.android.build.gradle.internal.services.VariantServicesImpl                  : loaded 2 times (x 115B)
Class com.android.build.gradle.internal.ide.v2.NativeModelBuilder_Decorated           : loaded 2 times (x 131B)
Class com.android.build.gradle.internal.dsl.ExternalNativeBuildOptions                : loaded 2 times (x 93B)
Class com.android.build.api.dsl.KeepRules                                             : loaded 2 times (x 70B)
Class [Lcom.google.protobuf.Internal$EnumLite;                                        : loaded 2 times (x 69B)
Class com.google.protobuf.CodedInputStream$ArrayDecoder                               : loaded 2 times (x 120B)
Class com.android.tools.analytics.HostData$osBean$2                                   : loaded 2 times (x 78B)
Class com.android.tools.analytics.HostData                                            : loaded 2 times (x 71B)
Class com.android.build.gradle.internal.publishing.PublishingSpecs$OutputSpec         : loaded 2 times (x 70B)
Class com.android.build.gradle.internal.LoggerWrapper                                 : loaded 2 times (x 86B)
Class com.google.gson.ToNumberPolicy$4                                                : loaded 2 times (x 83B)
Class com.android.build.gradle.options.Option$Status$Deprecated                       : loaded 2 times (x 72B)
Class com.android.build.gradle.internal.scope.InternalArtifactType$FEATURE_SET_METADATA: loaded 2 times (x 74B)
Class com.android.build.api.component.impl.features.ManifestPlaceholdersCreationConfigImpl: loaded 2 times (x 75B)
Class com.android.build.gradle.internal.utils.GuavaKtxKt                              : loaded 2 times (x 71B)
Class com.android.build.gradle.internal.plugins.TestPlugin                            : loaded 2 times (x 96B)
Class org.gradle.internal.service.DefaultServiceLocator                               : loaded 2 times (x 83B)
Class com.android.build.gradle.internal.scope.BootClasspathBuilder$computeAdditionalAndRequestedOptionalLibraries$2: loaded 2 times (x 80B)
Class com.android.repository.impl.generated.v1.PatchesType                            : loaded 2 times (x 75B)
Class [Lcom.sun.xml.bind.v2.model.core.ID;                                            : loaded 2 times (x 69B)
Class javax.xml.bind.annotation.XmlAttribute                                          : loaded 2 times (x 70B)
Class com.android.sdklib.repository.generated.repository.v3.package-info              : loaded 2 times (x 70B)
Class com.android.build.gradle.internal.FileExistsValueSource$Params$Inject_          : loaded 2 times (x 106B)
Class com.android.build.gradle.internal.api.BaseVariantImpl                           : loaded 2 times (x 215B)
Class com.android.build.gradle.internal.tasks.StripDebugSymbolsTask$CreationAction    : loaded 2 times (x 90B)
Class com.android.build.gradle.tasks.JavaPreCompileTask                               : loaded 2 times (x 327B)
Class com.android.tools.build.jetifier.core.config.Config$Companion                   : loaded 2 times (x 71B)
Class com.android.build.api.component.impl.ComponentImpl$sources$2                    : loaded 2 times (x 79B)
Class com.android.build.gradle.internal.profile.ProfilingMode                         : loaded 2 times (x 79B)
Class com.android.build.api.artifact.impl.TypedStorageProvider$getArtifact$1$1        : loaded 2 times (x 79B)
Class com.android.build.gradle.internal.tasks.GlobalTask                              : loaded 2 times (x 70B)
Class com.android.build.gradle.internal.cxx.gradle.generator.CxxMetadataGenerator     : loaded 2 times (x 70B)
Class com.android.build.api.artifact.impl.StorageProviderImpl$fileStorage$1           : loaded 2 times (x 78B)
Class com.android.build.api.dsl.JacocoOptions                                         : loaded 2 times (x 70B)
Class com.android.build.gradle.internal.api.LazyAndroidSourceSet                      : loaded 2 times (x 72B)
Class com.android.builder.profile.AnalyticsProfileWriter$Companion                    : loaded 2 times (x 71B)
Class com.android.build.gradle.internal.SdkComponentsBuildService$VersionedSdkLoader$annotationsJarProvider$1: loaded 2 times (x 75B)
Class com.google.protobuf.ProtocolStringList                                          : loaded 2 times (x 70B)
Class com.android.build.gradle.internal.errors.SyncIssueReporterImpl$GlobalSyncIssueService$Parameters_Decorated: loaded 2 times (x 136B)
Class com.google.gson.internal.sql.SqlTypesSupport                                    : loaded 2 times (x 71B)
Class com.google.gson.Gson                                                            : loaded 2 times (x 72B)
Class com.android.sdklib.repository.generated.addon.v3.LibrariesType                  : loaded 2 times (x 75B)
Class com.android.build.gradle.internal.plugins.AndroidPluginBaseServices$projectServices$2: loaded 2 times (x 79B)
Class com.android.build.api.dsl.DefaultConfig                                         : loaded 2 times (x 70B)
Class com.android.build.gradle.internal.VariantManager                                : loaded 2 times (x 72B)
Class settings_84ctm0aoxhxu6qtk8991iew7s$_run_closure1                                : loaded 2 times (x 139B)
Class org.gradle.internal.installation.CurrentGradleInstallation                      : loaded 2 times (x 73B)
Class com.android.build.gradle.internal.scope.BootClasspathBuilder$computeAdditionalAndRequestedOptionalLibraries$3: loaded 2 times (x 77B)
Class com.sun.xml.bind.v2.model.impl.TypeRefImpl                                      : loaded 2 times (x 87B)
Class com.android.repository.impl.meta.Archive                                        : loaded 2 times (x 84B)
Class com.android.repository.api.Dependency                                           : loaded 2 times (x 77B)
Class com.android.build.gradle.internal.utils.ConsoleProgressIndicatorFactory$IsTerminalSmartValueSource$Inject_: loaded 2 times (x 109B)
Class com.android.build.api.variant.impl.LayeredSourceDirectoriesImpl$getVariantSourcesWithFilter$2$projectDir$1: loaded 2 times (x 75B)
Class com.android.build.gradle.internal.DependencyConfigurator$configureGeneralTransforms$13: loaded 2 times (x 75B)
Class com.android.ide.common.workers.WorkerExecutorFacade                             : loaded 2 times (x 70B)
Class com.android.build.gradle.internal.tasks.R8VersionCheckException                 : loaded 2 times (x 82B)
Class com.android.build.gradle.internal.scope.InternalArtifactType$COMPILE_AND_RUNTIME_NOT_NAMESPACED_R_CLASS_JAR: loaded 2 times (x 74B)
Class com.android.build.gradle.internal.tasks.factory.features.AndroidResourcesTaskCreationAction: loaded 2 times (x 70B)
Class com.android.tools.build.jetifier.core.rule.RewriteRulesMap                      : loaded 2 times (x 72B)
Class com.google.gson.internal.UnsafeAllocator                                        : loaded 2 times (x 72B)
Class com.android.build.gradle.internal.tasks.DeviceSerialTestTask                    : loaded 2 times (x 313B)
Class com.android.build.gradle.internal.dsl.LanguageSplitOptions                      : loaded 2 times (x 79B)
Class com.android.build.gradle.internal.dsl.PrivacySandboxSdkExtensionImpl            : loaded 2 times (x 133B)
Class com.android.build.api.dsl.TargetSdkSpec                                         : loaded 2 times (x 70B)
Class com.android.build.gradle.internal.dsl.JniLibsPackagingImpl                      : loaded 2 times (x 89B)
Class com.android.build.api.dsl.BundleLanguage                                        : loaded 2 times (x 70B)
Class com.android.build.api.dsl.BundleCountrySet                                      : loaded 2 times (x 70B)
Class com.android.build.api.dsl.BundleDeviceTier                                      : loaded 2 times (x 70B)
Class com.android.builder.core.AbstractProductFlavor                                  : loaded 2 times (x 195B)
Class com.android.build.gradle.internal.services.SymbolTableBuildService              : loaded 2 times (x 79B)
Class com.android.build.gradle.internal.ide.v2.GlobalSyncService$Parameters           : loaded 2 times (x 70B)
Class com.sun.xml.bind.api.RawAccessor                                                : loaded 2 times (x 73B)
Class com.android.builder.profile.Recorder$VoidBlock                                  : loaded 2 times (x 70B)
Class com.sun.xml.bind.v2.model.impl.ClassInfoImpl                                    : loaded 2 times (x 137B)
Class com.google.gson.Gson$1                                                          : loaded 2 times (x 76B)
Class com.sun.xml.bind.v2.model.impl.RuntimeBuiltinLeafInfoImpl$StringImpl            : loaded 2 times (x 134B)
Class org.gradle.util.internal.GUtil                                                  : loaded 2 times (x 71B)
Class com.android.build.gradle.internal.scope.BootClasspathBuilder$computeAdditionalAndRequestedOptionalLibraries$4: loaded 2 times (x 79B)
Class javax.xml.bind.UnmarshallerHandler                                              : loaded 2 times (x 70B)
Class com.android.sdklib.repository.generated.repository.v3.PlatformDetailsType       : loaded 2 times (x 120B)
Class com.sun.xml.bind.v2.model.core.Adapter                                          : loaded 2 times (x 72B)
Class com.sun.xml.bind.v2.model.impl.ClassInfoImpl$DuplicateException                 : loaded 2 times (x 82B)
Class [Ljavax.xml.bind.annotation.XmlAccessType;                                      : loaded 2 times (x 69B)
Class javax.xml.bind.annotation.XmlElementDecl                                        : loaded 2 times (x 70B)
Class com.android.repository.impl.generated.v2.CompleteType                           : loaded 2 times (x 84B)
Class com.android.repository.api.SchemaModule$SchemaModuleVersion                     : loaded 2 times (x 76B)
Class com.android.build.gradle.internal.PlatformToolsComponents$Companion             : loaded 2 times (x 71B)
Class com.android.build.gradle.internal.SdkComponentsBuildService$VersionedSdkLoader$sdkLoadStrategy$2$1$1: loaded 2 times (x 79B)
Class com.android.build.api.variant.impl.FlatSourceDirectoriesImpl$getAsFileTrees$1   : loaded 2 times (x 75B)
Class com.android.build.gradle.internal.tasks.VariantTask$ConfigureAction             : loaded 2 times (x 71B)
Class com.android.build.gradle.internal.scope.InternalArtifactType$GLOBAL_SYNTHETICS_MERGED: loaded 2 times (x 74B)
Class com.android.build.gradle.internal.DependencyConfigurator$configureGeneralTransforms$14: loaded 2 times (x 78B)
Class com.android.build.gradle.internal.DependencyConfigurator$configureGeneralTransforms$8$1: loaded 2 times (x 74B)
Class com.android.build.gradle.internal.SdkComponentsBuildService$Environment         : loaded 2 times (x 73B)
Class com.android.build.gradle.internal.scope.InternalArtifactType$LINT_VITAL_PARTIAL_RESULTS: loaded 2 times (x 74B)
Class com.android.build.gradle.internal.tasks.factory.features.DexingTaskCreationActionImpl: loaded 2 times (x 75B)
Class com.android.build.api.variant.impl.JniLibsPackagingImpl$pickFirsts$1            : loaded 2 times (x 75B)
Class com.android.build.gradle.internal.scope.InternalArtifactType$GENERATED_PROGUARD_FILE: loaded 2 times (x 74B)
Class com.google.gson.internal.UnsafeAllocator$1                                      : loaded 2 times (x 73B)
Class com.android.build.gradle.internal.testsuites.impl.TestSuiteBuilderImpl          : loaded 2 times (x 86B)
Class com.android.build.gradle.internal.dsl.ModulePropertyKey$BooleanWithDefault$Companion: loaded 2 times (x 71B)
Class com.android.build.gradle.internal.variant.DimensionCombinationImpl              : loaded 2 times (x 76B)
Class com.android.build.gradle.internal.utils.KgpUtils                                : loaded 2 times (x 71B)
Class com.android.buildanalyzer.common.TaskCategoryIssue$Severity                     : loaded 2 times (x 79B)
Class com.android.build.api.artifact.impl.StorageProviderImpl$directory$1             : loaded 2 times (x 78B)
Class com.android.build.gradle.api.TestVariant                                        : loaded 2 times (x 70B)
Class [Lcom.android.tools.lint.model.LintModelSeverity;                               : loaded 2 times (x 69B)
Class com.android.build.gradle.internal.CompileOptions$AgpDecorated_Decorated         : loaded 2 times (x 146B)
Class com.android.resources.ResourceEnum                                              : loaded 2 times (x 70B)
Class com.google.common.util.concurrent.AbstractFuture$SetFuture                      : loaded 2 times (x 75B)
Class com.android.utils.StringHelper                                                  : loaded 2 times (x 71B)
Class com.android.build.api.dsl.DependenciesInfo                                      : loaded 2 times (x 70B)
Class com.android.prefs.PathLocator$WhenMappings                                      : loaded 2 times (x 71B)
Class com.google.wireless.android.sdk.stats.JavaProcessStats                          : loaded 2 times (x 207B)
Class com.sun.xml.bind.v2.model.impl.PropertySeed                                     : loaded 2 times (x 70B)
Class com.google.protobuf.Message                                                     : loaded 2 times (x 70B)
Class com.android.build.gradle.internal.profile.NoOpAnalyticsConfiguratorService$RegistrationAction: loaded 2 times (x 74B)
Class com.google.common.base.Converter$IdentityConverter                              : loaded 2 times (x 90B)
Class com.android.tools.analytics.Environment$Companion$SYSTEM$1                      : loaded 2 times (x 73B)
Class com.android.tools.analytics.Environment$Companion                               : loaded 2 times (x 71B)
Class com.android.tools.analytics.Environment$SystemProperty                          : loaded 2 times (x 79B)
Class com.android.ide.common.blame.SourceFilePositionJsonSerializer                   : loaded 2 times (x 77B)
Class com.google.gson.Gson$2                                                          : loaded 2 times (x 76B)
Class com.android.build.gradle.TestPlugin                                             : loaded 2 times (x 76B)
Class com.android.build.gradle.internal.scope.BootClasspathBuilder$computeAdditionalAndRequestedOptionalLibraries$5: loaded 2 times (x 80B)
Class javax.xml.bind.annotation.DomHandler                                            : loaded 2 times (x 70B)
Class com.sun.xml.bind.v2.runtime.property.PropertyFactory                            : loaded 2 times (x 71B)
Class com.sun.xml.bind.v2.model.impl.ElementInfoImpl$PropertyImpl                     : loaded 2 times (x 133B)
Class javax.activation.DataSource                                                     : loaded 2 times (x 70B)
Class com.sun.xml.bind.v2.model.runtime.RuntimeBuiltinLeafInfo                        : loaded 2 times (x 70B)
Class com.android.sdklib.repository.generated.sysimg.v4.package-info                  : loaded 2 times (x 70B)
Class com.android.sdklib.repository.meta.DetailsTypes$ExtraDetailsType                : loaded 2 times (x 70B)
Class com.android.build.gradle.internal.SdkComponentsBuildService$VersionedSdkLoader$aidlFrameworkProvider$1: loaded 2 times (x 75B)
Class com.android.build.gradle.internal.SdkComponentsBuildService$VersionedSdkLoader$androidJarProvider$1: loaded 2 times (x 75B)
Class com.android.build.gradle.internal.api.UnitTestVariantImpl                       : loaded 2 times (x 219B)
Class com.android.build.api.variant.impl.VariantOutputImpl                            : loaded 2 times (x 82B)
Class com.android.build.gradle.internal.dependency.AgpVersionCompatibilityRule        : loaded 2 times (x 76B)
Class com.android.build.gradle.internal.cxx.logging.PassThroughRecordingLoggingEnvironment: loaded 2 times (x 83B)
Class com.android.build.gradle.internal.scope.InternalArtifactType$LINT_XML_REPORT    : loaded 2 times (x 74B)
Class com.android.build.gradle.internal.scope.InternalArtifactType$DESUGAR_GRAPH      : loaded 2 times (x 74B)
Class com.android.build.gradle.internal.services.R8D8ThreadPoolBuildService$Parameters: loaded 2 times (x 72B)
Class com.android.build.gradle.internal.TaskManager$WhenMappings                      : loaded 2 times (x 71B)
Class com.android.build.api.component.impl.features.OptimizationCreationConfigImpl$consumerProguardFiles$2: loaded 2 times (x 79B)
Class [Lcom.android.build.gradle.internal.publishing.AndroidArtifacts$ConsumedConfigType;: loaded 2 times (x 69B)
Class com.android.build.gradle.internal.publishing.AndroidArtifacts$ArtifactScope     : loaded 2 times (x 79B)
Class com.google.gson.internal.UnsafeAllocator$2                                      : loaded 2 times (x 73B)
Class com.android.build.api.variant.Instrumentation                                   : loaded 2 times (x 70B)
Class com.android.build.api.variant.GeneratesTestApk                                  : loaded 2 times (x 70B)
Class com.android.build.gradle.internal.variant.VariantPathHelper$defaultApkLocation$2: loaded 2 times (x 79B)
Class com.android.build.gradle.internal.tasks.AndroidGlobalTask                       : loaded 2 times (x 318B)
Class com.android.build.gradle.internal.tasks.factory.TaskInformation                 : loaded 2 times (x 70B)
Class com.android.build.gradle.internal.scope.InternalArtifactType$DEFAULT_PROGUARD_FILES: loaded 2 times (x 74B)
Class com.android.build.gradle.internal.dsl.DefaultConfig$AgpDecorated                : loaded 2 times (x 450B)
Class com.google.protobuf.ExtensionRegistryFactory                                    : loaded 2 times (x 71B)
Class com.google.protobuf.AbstractMessage$Builder                                     : loaded 2 times (x 257B)
Class com.google.gson.internal.bind.ReflectiveTypeAdapterFactory$BoundField           : loaded 2 times (x 75B)
Class com.android.ide.common.blame.Message                                            : loaded 2 times (x 72B)
Class com.google.gson.Gson$3                                                          : loaded 2 times (x 75B)
Class com.android.build.gradle.tasks.JavaCompileKt$computeJavaSourceWithoutDependencies$1$1: loaded 2 times (x 79B)
Class javax.xml.bind.annotation.XmlSeeAlso                                            : loaded 2 times (x 70B)
Class com.android.build.gradle.internal.plugins.BasePlugin$ExtensionData              : loaded 2 times (x 72B)
Class com.google.protobuf.ProtocolMessageEnum                                         : loaded 2 times (x 70B)
Class com.android.build.gradle.internal.VariantTaskManager                            : loaded 2 times (x 84B)
Class org.gradle.internal.installation.GradleInstallation                             : loaded 2 times (x 75B)
Class com.android.build.gradle.internal.scope.BootClasspathBuilder$computeAdditionalAndRequestedOptionalLibraries$6: loaded 2 times (x 77B)
Class com.android.sdklib.repository.targets.PlatformTarget$1                          : loaded 2 times (x 75B)
Class com.sun.xml.bind.v2.ClassFactory$1                                              : loaded 2 times (x 83B)
Class com.sun.xml.bind.v2.runtime.property.ArrayElementNodeProperty                   : loaded 2 times (x 105B)
Class com.sun.xml.bind.v2.model.annotation.XmlElementRefQuick                         : loaded 2 times (x 94B)
Class com.sun.xml.bind.v2.runtime.JaxBeanInfo                                         : loaded 2 times (x 89B)
Class com.android.repository.impl.meta.GenericFactory                                 : loaded 2 times (x 72B)
Class com.android.build.gradle.internal.SdkComponentsBuildService$VersionedSdkLoader$sdkSetupCorrectly$1: loaded 2 times (x 75B)
Class com.android.build.gradle.internal.DependencyResourcesComputer$ResourceSourceSetInput_Decorated: loaded 2 times (x 127B)
Class com.android.build.gradle.internal.scope.InternalArtifactType$JAVA_DOC_JAR       : loaded 2 times (x 74B)
Class com.android.build.gradle.internal.api.InstallableVariantImpl                    : loaded 2 times (x 241B)
Class com.android.build.gradle.internal.SdkHandler                                    : loaded 2 times (x 81B)
Class com.android.build.gradle.internal.lint.AndroidLintAnalysisTask$Companion        : loaded 2 times (x 71B)
Class com.android.build.gradle.internal.tasks.ListingFileRedirectTask$CreationAction  : loaded 2 times (x 92B)
Class com.google.gson.internal.UnsafeAllocator$3                                      : loaded 2 times (x 73B)
Class com.android.tools.build.jetifier.core.utils.StdOutLogConsumer                   : loaded 2 times (x 77B)
Class com.android.build.gradle.internal.services.BuiltInKaptSupportMode$NotSupported$BuiltInKaptPluginNotApplied: loaded 2 times (x 71B)
Class com.android.build.api.variant.impl.SigningConfigImpl                            : loaded 2 times (x 79B)
Class com.android.build.api.variant.ResValue                                          : loaded 2 times (x 72B)
Class com.android.build.api.attributes.AgpVersionAttr$Impl                            : loaded 2 times (x 88B)
Class com.android.build.gradle.internal.core.dsl.impl.ComponentDslInfoImpl$mergedFlavor$2: loaded 2 times (x 79B)
Class com.android.build.gradle.internal.TaskManager$Companion$createCoreLibraryDesugaringConfig$1: loaded 2 times (x 74B)
Class com.android.build.gradle.internal.TaskManager$Companion                         : loaded 2 times (x 71B)
Class com.android.build.api.dsl.NdkBuild                                              : loaded 2 times (x 70B)
Class com.android.build.api.dsl.BundleAiModelVersion                                  : loaded 2 times (x 70B)
Class com.android.build.gradle.internal.dsl.decorator.SupportedPropertyType$Var$File  : loaded 2 times (x 74B)
Class com.android.build.api.dsl.TestBaseFlavor                                        : loaded 2 times (x 70B)
Class com.android.prefs.AndroidLocationsException                                     : loaded 2 times (x 82B)
Class com.google.protobuf.CodedInputStream                                            : loaded 2 times (x 119B)
Class com.google.wireless.android.sdk.stats.GradleBuildProfileSpan                    : loaded 2 times (x 216B)
Class com.google.protobuf.MessageLite                                                 : loaded 2 times (x 70B)
Class com.android.buildanalyzer.common.AndroidGradlePluginAttributionData$TaskInfo    : loaded 2 times (x 72B)
Class com.android.build.gradle.internal.DependencyResolutionChecksKt$registerDependencyCheck$3: loaded 2 times (x 75B)
Class com.android.build.gradle.internal.res.Aapt2FromMaven$Companion$DefaultAapt2Version$BUILD_NUMBER$2: loaded 2 times (x 78B)
Class com.google.gson.internal.bind.DefaultDateTypeAdapter$1                          : loaded 2 times (x 75B)
Class com.google.gson.Gson$4                                                          : loaded 2 times (x 76B)
Class com.google.gson.internal.ConstructorConstructor                                 : loaded 2 times (x 72B)
Class com.android.build.gradle.internal.attribution.BuildAnalyzerConfiguratorService$collectAllTaskInfo$1$1$1: loaded 2 times (x 78B)
Class com.android.build.api.dsl.LibraryBuildType                                      : loaded 2 times (x 70B)
Class com.android.build.api.dsl.VariantDimension                                      : loaded 2 times (x 70B)
Class com.android.build.gradle.tasks.JavaCompileKt$recordAnnotationProcessors$1       : loaded 2 times (x 75B)
Class com.sun.xml.bind.v2.runtime.unmarshaller.LeafPropertyLoader                     : loaded 2 times (x 78B)
Class com.sun.xml.bind.v2.model.impl.RuntimeTypeRefImpl                               : loaded 2 times (x 96B)
Class com.sun.xml.bind.v2.model.core.ReferencePropertyInfo                            : loaded 2 times (x 70B)
Class com.sun.xml.bind.v2.model.annotation.XmlTypeQuick                               : loaded 2 times (x 95B)
Class com.android.build.gradle.internal.SdkComponentsBuildService$VersionedSdkLoader$aidlExecutableProvider$1: loaded 2 times (x 75B)
Class com.android.build.api.component.impl.LifecycleTasksImpl$LifecycleEvent          : loaded 2 times (x 79B)
Class com.android.build.gradle.internal.scope.ArtifactPublishingUtil$publishIntermediateArtifact$2: loaded 2 times (x 79B)
Class com.android.build.gradle.internal.dependency.CollectResourceSymbolsTransform$Inject_1: loaded 2 times (x 109B)
Class com.android.ide.common.gradle.Part                                              : loaded 2 times (x 77B)
Class com.android.build.api.component.impl.features.DexingImpl                        : loaded 2 times (x 87B)
Class com.android.build.gradle.internal.tasks.MergeGeneratedProguardFilesCreationAction$handleProvider$1: loaded 2 times (x 127B)
Class com.android.build.api.component.impl.features.ResValuesCreationConfigImpl$resValues$2: loaded 2 times (x 79B)
Class com.google.gson.internal.UnsafeAllocator$4                                      : loaded 2 times (x 72B)
Class com.google.gson.ReflectionAccessFilter$FilterResult                             : loaded 2 times (x 79B)
Class com.android.build.api.variant.impl.HasTestSuitesCreationConfig                  : loaded 2 times (x 70B)
Class com.android.build.gradle.internal.variant.VariantPathHelper$targetFilterConfigurations$2: loaded 2 times (x 79B)
Class com.google.common.collect.Lists$RandomAccessReverseList                         : loaded 2 times (x 200B)
Class com.android.build.gradle.internal.core.dsl.impl.ConsumableComponentDslInfoImpl$manifestPlaceholdersDslInfo$2: loaded 2 times (x 79B)
Class com.android.build.gradle.internal.utils.PublishingUtils                         : loaded 2 times (x 71B)
Class com.android.build.gradle.internal.manifest.LazyManifestParser                   : loaded 2 times (x 76B)
Class com.android.build.gradle.internal.tasks.factory.TaskFactoryImpl                 : loaded 2 times (x 83B)
Class com.android.build.gradle.internal.tasks.factory.GlobalTaskCreationConfigImpl$localCustomLintChecks$2: loaded 2 times (x 79B)
Class com.android.build.api.artifact.impl.ArtifactsImpl$3$1                           : loaded 2 times (x 80B)
Class com.android.build.gradle.internal.dsl.PrivacySandboxImpl$AgpDecorated_Decorated : loaded 2 times (x 126B)
Class com.android.build.gradle.internal.coverage.JacocoOptions_Decorated              : loaded 2 times (x 130B)
Class com.android.build.gradle.internal.api.artifact.SourceArtifactType$SHADERS       : loaded 2 times (x 74B)
Class com.android.builder.core.AbstractProductFlavor$Companion                        : loaded 2 times (x 71B)
Class com.android.build.api.dsl.VcsInfo                                               : loaded 2 times (x 70B)
Class com.android.build.gradle.internal.model.CoreCmakeOptions                        : loaded 2 times (x 70B)
Class com.android.build.gradle.internal.dsl.decorator.SupportedPropertyType$Collection: loaded 2 times (x 74B)
Class com.android.builder.core.ComponentType                                          : loaded 2 times (x 70B)
Class com.google.protobuf.MapFieldReflectionAccessor                                  : loaded 2 times (x 74B)
Class com.google.wireless.android.sdk.stats.GradleBuildProject$Builder                : loaded 2 times (x 360B)
Class com.google.protobuf.AbstractMessageLite$Builder                                 : loaded 2 times (x 126B)
Class com.android.build.gradle.internal.DependencyResolutionChecksKt$registerDependencyCheck$4: loaded 2 times (x 75B)
Class com.google.gson.Gson$5                                                          : loaded 2 times (x 76B)
Class com.android.build.gradle.internal.errors.AndroidProblemsReporter                : loaded 2 times (x 70B)
Class com.android.build.gradle.internal.services.AndroidLocationsBuildService$RegistrationAction: loaded 2 times (x 74B)
Class com.android.build.gradle.TestedExtension                                        : loaded 2 times (x 219B)

---------------  S Y S T E M  ---------------

OS:
 Windows 11 , 64 bit Build 26100 (10.0.26100.6725)
OS uptime: 14 days 5:32 hours
Hyper-V role detected

CPU: total 32 (initial active 32) (32 cores per cpu, 2 threads per core) family 26 model 68 stepping 0 microcode 0xb404032, cx8, cmov, fxsr, ht, mmx, 3dnowpref, sse, sse2, sse3, ssse3, sse4a, sse4.1, sse4.2, popcnt, lzcnt, tsc, tscinvbit, avx, avx2, aes, erms, clmul, bmi1, bmi2, adx, avx512f, avx512dq, avx512cd, avx512bw, avx512vl, sha, fma, vzeroupper, avx512_vpopcntdq, avx512_vpclmulqdq, avx512_vaes, avx512_vnni, clflush, clflushopt, avx512_vbmi2, avx512_vbmi, hv, rdtscp, rdpid, fsrm, gfni, avx512_bitalg, f16c, cet_ss, avx512_ifma
Processor Information for the first 32 processors :
  Max Mhz: 2500, Current Mhz: 2500, Mhz Limit: 2500

Memory: 4k page, system-wide physical 31934M (1065M free)
TotalPageFile size 63936M (AvailPageFile size 30M)
current process WorkingSet (physical memory assigned to process): 1588M, peak: 1602M
current process commit charge ("private bytes"): 1669M, peak: 1688M

vm_info: OpenJDK 64-Bit Server VM (21.0.9+-14649483-b1163.86) for windows-amd64 JRE (21.0.9+-14649483-b1163.86), built on 2025-12-30T22:08:35Z by "builder" with MS VC++ 16.10 / 16.11 (VS2019)

END.
